day,label,name,vol_native_mm3,vol_mni_mm3,affine_scale
1,1,3rd-Ventricle,1602.3,2342.0,0.72448
1,2,4th-Ventricle,1760.2,2428.0,0.72448
1,3,Right-Accumbens-Area,709.7,1000.0,0.72448
1,4,Left-Accumbens-Area,729.0,990.0,0.72448
1,5,Right-Amygdala,1251.7,1720.0,0.72448
1,6,Left-Amygdala,1167.4,1625.0,0.72448
1,7,Brain-Stem,17533.4,24227.0,0.72448
1,8,Right-Caudate,3484.4,4836.0,0.72448
1,9,Left-Caudate,3380.8,4711.0,0.72448
1,10,Right-Cerebellum-Exterior,56324.4,107376.0,0.72448
1,11,Left-Cerebellum-Exterior,59034.1,94954.0,0.72448
1,12,Right-Cerebellum-White-Matter,14917.6,20585.0,0.72448
1,13,Left-Cerebellum-White-Matter,15588.7,21541.0,0.72448
1,14,Right-Cerebral-White-Matter,219376.1,303036.0,0.72448
1,15,Left-Cerebral-White-Matter,218623.7,301489.0,0.72448
1,16,Right-Hippocampus,4096.1,5627.0,0.72448
1,17,Left-Hippocampus,3731.8,5110.0,0.72448
1,18,Right-Inf-Lat-Vent,831.6,1171.0,0.72448
1,19,Left-Inf-Lat-Vent,720.4,1029.0,0.72448
1,20,Right-Lateral-Ventricle,4947.5,6787.0,0.72448
1,21,Left-Lateral-Ventricle,7500.2,10448.0,0.72448
1,22,Right-Pallidum,1722.7,2396.0,0.72448
1,23,Left-Pallidum,1754.7,2398.0,0.72448
1,24,Right-Putamen,4905.3,6746.0,0.72448
1,25,Left-Putamen,4920.1,6729.0,0.72448
1,26,Right-Thalamus-Proper,8739.8,12047.0,0.72448
1,27,Left-Thalamus-Proper,8629.0,11885.0,0.72448
1,28,Right-Ventral-DC,5304.6,7289.0,0.72448
1,29,Left-Ventral-DC,5457.5,7544.0,0.72448
1,30,Cerebellar-Vermal-Lobules-I-V,5335.1,7405.0,0.72448
1,31,Cerebellar-Vermal-Lobules-VI-VII,2859.6,4171.0,0.72448
1,32,Cerebellar-Vermal-Lobules-VIII-X,3066.3,4241.0,0.72448
1,33,Left-Basal-Forebrain,604.0,838.0,0.72448
1,34,Right-Basal-Forebrain,607.1,839.0,0.72448
1,35,Right-ACgG--anterior-cingulate-gyrus,5720.7,7830.0,0.72448
1,36,Left-ACgG--anterior-cingulate-gyrus,5823.8,8064.0,0.72448
1,37,Right-AIns--anterior-insula,3850.7,5298.0,0.72448
1,38,Left-AIns--anterior-insula,3925.9,5435.0,0.72448
1,39,Right-AOrG--anterior-orbital-gyrus,2652.8,3686.0,0.72448
1,40,Left-AOrG--anterior-orbital-gyrus,2345.0,3222.0,0.72448
1,41,Right-AnG---angular-gyrus,12443.7,17167.0,0.72448
1,42,Left-AnG---angular-gyrus,11399.7,15763.0,0.72448
1,43,Right-Calc--calcarine-cortex,4900.2,6747.0,0.72448
1,44,Left-Calc--calcarine-cortex,5060.8,7002.0,0.72448
1,45,Right-CO----central-operculum,4660.0,6417.0,0.72448
1,46,Left-CO----central-operculum,4451.2,6172.0,0.72448
1,47,Right-Cun---cuneus,6400.4,8871.0,0.72448
1,48,Left-Cun---cuneus,5586.1,7726.0,0.72448
1,49,Right-Ent---entorhinal-area,2345.0,3216.0,0.72448
1,50,Left-Ent---entorhinal-area,2489.2,3461.0,0.72448
1,51,Right-FO----frontal-operculum,1813.6,2482.0,0.72448
1,52,Left-FO----frontal-operculum,2315.0,3182.0,0.72448
1,53,Right-FRP---frontal-pole,3030.3,4184.0,0.72448
1,54,Left-FRP---frontal-pole,3627.7,5005.0,0.72448
1,55,Right-FuG---fusiform-gyrus ,7895.5,10898.0,0.72448
1,56,Left-FuG---fusiform-gyrus,8630.5,11986.0,0.72448
1,57,Right-GRe---gyrus-rectus,2723.9,3729.0,0.72448
1,58,Left-GRe---gyrus-rectus,2130.1,2934.0,0.72448
1,59,Right-IOG---inferior-occipital-gyrus,5788.7,7964.0,0.72448
1,60,Left-IOG---inferior-occipital-gyrus,6558.4,9090.0,0.72448
1,61,Right-ITG---inferior-temporal-gyrus,14528.5,20063.0,0.72448
1,62,Left-ITG---inferior-temporal-gyrus,13888.4,19100.0,0.72448
1,63,Right-LiG---lingual-gyrus,10580.8,14547.0,0.72448
1,64,Left-LiG---lingual-gyrus,9892.9,13650.0,0.72448
1,65,Right-LOrG--lateral-orbital-gyrus,2584.2,3550.0,0.72448
1,66,Left-LOrG--lateral-orbital-gyrus,2763.1,3757.0,0.72448
1,67,Right-MCgG--middle-cingulate-gyrus,5116.1,7520.0,0.72448
1,68,Left-MCgG--middle-cingulate-gyrus,4883.0,7277.0,0.72448
1,69,Right-MFC---medial-frontal-cortex,2350.0,3213.0,0.72448
1,70,Left-MFC---medial-frontal-cortex,2858.1,3923.0,0.72448
1,71,Right-MFG---middle-frontal-gyrus,23513.1,32362.0,0.72448
1,72,Left-MFG---middle-frontal-gyrus,22635.8,31251.0,0.72448
1,73,Right-MOG---middle-occipital-gyrus,5244.7,7159.0,0.72448
1,74,Left-MOG---middle-occipital-gyrus,6120.0,8368.0,0.72448
1,75,Right-MOrG--medial-orbital-gyrus,4188.0,5680.0,0.72448
1,76,Left-MOrG--medial-orbital-gyrus,4692.0,6472.0,0.72448
1,77,Right-MPoG--postcentral-gyrus,1537.2,2151.0,0.72448
1,78,Left-MPoG--postcentral-gyrus,1855.2,2554.0,0.72448
1,79,Right-MPrG--precentral-gyrus,2879.9,3973.0,0.72448
1,80,Left-MPrG--precentral-gyrus,3912.2,5324.0,0.72448
1,81,Right-MSFG--superior-frontal-gyrus,8265.3,11332.0,0.72448
1,82,Left-MSFG--superior-frontal-gyrus,7593.2,10465.0,0.72448
1,83,Right-MTG---middle-temporal-gyrus,16066.8,23078.0,0.72448
1,84,Left-MTG---middle-temporal-gyrus,15959.6,22028.0,0.72448
1,85,Right-OCP---occipital-pole,3690.2,5107.0,0.72448
1,86,Left-OCP---occipital-pole,4764.1,6586.0,0.72448
1,87,Right-OFuG--occipital-fusiform-gyrus,5848.2,8042.0,0.72448
1,88,Left-OFuG--occipital-fusiform-gyrus,5288.9,7342.0,0.72448
1,89,Right-OpIFG-opercular-part-of-the-IFG,4544.6,6255.0,0.72448
1,90,Left-OpIFG-opercular-part-of-the-IFG,3781.6,5230.0,0.72448
1,91,Right-OrIFG-orbital-part-of-the-IFG,1666.8,2313.0,0.72448
1,92,Left-OrIFG-orbital-part-of-the-IFG,1552.5,2151.0,0.72448
1,93,Right-PCgG--posterior-cingulate-gyrus,5409.3,7500.0,0.72448
1,94,Left-PCgG--posterior-cingulate-gyrus,4860.6,6705.0,0.72448
1,95,Right-PCu---precuneus,13050.2,18038.0,0.72448
1,96,Left-PCu---precuneus,11653.2,16137.0,0.72448
1,97,Right-PHG---parahippocampal-gyrus,2949.0,4090.0,0.72448
1,98,Left-PHG---parahippocampal-gyrus,3472.2,4801.0,0.72448
1,99,Right-PIns--posterior-insula,3014.5,4156.0,0.72448
1,100,Left-PIns--posterior-insula,2716.3,3776.0,0.72448
1,101,Right-PO----parietal-operculum,2886.0,4002.0,0.72448
1,102,Left-PO----parietal-operculum,3034.3,4192.0,0.72448
1,103,Right-PoG---postcentral-gyrus,11375.8,15676.0,0.72448
1,104,Left-PoG---postcentral-gyrus,14497.5,20060.0,0.72448
1,105,Right-POrG--posterior-orbital-gyrus,3325.9,4599.0,0.72448
1,106,Left-POrG--posterior-orbital-gyrus,3371.6,4679.0,0.72448
1,107,Right-PP----planum-polare,2414.1,3331.0,0.72448
1,108,Left-PP----planum-polare,2802.2,3874.0,0.72448
1,109,Right-PrG---precentral-gyrus,12658.5,17394.0,0.72448
1,110,Left-PrG---precentral-gyrus,13089.8,18120.0,0.72448
1,111,Right-PT----planum-temporale,2295.7,3160.0,0.72448
1,112,Left-PT----planum-temporale,2143.3,2956.0,0.72448
1,113,Right-SCA---subcallosal-area,868.2,1207.0,0.72448
1,114,Left-SCA---subcallosal-area,1041.9,1434.0,0.72448
1,115,Right-SFG---superior-frontal-gyrus,15956.5,22030.0,0.72448
1,116,Left-SFG---superior-frontal-gyrus,17689.3,24417.0,0.72448
1,117,Right-SMC---supplementary-motor-cortex,6440.0,8921.0,0.72448
1,118,Left-SMC---supplementary-motor-cortex,6121.0,8461.0,0.72448
1,119,Right-SMG---supramarginal-gyrus,8961.8,12316.0,0.72448
1,120,Left-SMG---supramarginal-gyrus,10647.8,14657.0,0.72448
1,121,Right-SOG---superior-occipital-gyrus,6057.0,8398.0,0.72448
1,122,Left-SOG---superior-occipital-gyrus,4102.7,5713.0,0.72448
1,123,Right-SPL---superior-parietal-lobule,14040.8,19430.0,0.72448
1,124,Left-SPL---superior-parietal-lobule,12069.8,16646.0,0.72448
1,125,Right-STG---superior-temporal-gyrus,7974.2,11096.0,0.72448
1,126,Left-STG---superior-temporal-gyrus,8708.8,11972.0,0.72448
1,127,Right-TMP---temporal-pole,9672.0,13320.0,0.72448
1,128,Left-TMP---temporal-pole,8893.7,12206.0,0.72448
1,129,Right-TrIFG-triangular-part-of-the-IFG,3875.6,5330.0,0.72448
1,130,Left-TrIFG-triangular-part-of-the-IFG,4650.3,6409.0,0.72448
1,131,Right-TTG---transverse-temporal-gyrus,1563.6,2166.0,0.72448
1,132,Left-TTG---transverse-temporal-gyrus,2060.5,2845.0,0.72448
2,1,3rd-Ventricle,1832.9,2440.0,0.72151
2,2,4th-Ventricle,1730.3,2392.0,0.72151
2,3,Right-Accumbens-Area,624.8,881.0,0.72151
2,4,Left-Accumbens-Area,686.3,928.0,0.72151
2,5,Right-Amygdala,1237.5,1713.0,0.72151
2,6,Left-Amygdala,1130.8,1771.0,0.72151
2,7,Brain-Stem,17153.9,23839.0,0.72151
2,8,Right-Caudate,3493.6,4830.0,0.72151
2,9,Left-Caudate,3390.4,4711.0,0.72151
2,10,Right-Cerebellum-Exterior,54526.0,89324.0,0.72151
2,11,Left-Cerebellum-Exterior,56902.5,100397.0,0.72151
2,12,Right-Cerebellum-White-Matter,15123.4,20918.0,0.72151
2,13,Left-Cerebellum-White-Matter,15415.5,21334.0,0.72151
2,14,Right-Cerebral-White-Matter,218311.3,302967.0,0.72151
2,15,Left-Cerebral-White-Matter,218048.6,302604.0,0.72151
2,16,Right-Hippocampus,4043.2,5573.0,0.72151
2,17,Left-Hippocampus,3663.2,5072.0,0.72151
2,18,Right-Inf-Lat-Vent,830.1,1180.0,0.72151
2,19,Left-Inf-Lat-Vent,734.6,1042.0,0.72151
2,20,Right-Lateral-Ventricle,5114.6,7072.0,0.72151
2,21,Left-Lateral-Ventricle,7820.8,10898.0,0.72151
2,22,Right-Pallidum,1724.2,2406.0,0.72151
2,23,Left-Pallidum,1761.8,2438.0,0.72151
2,24,Right-Putamen,4875.4,6730.0,0.72151
2,25,Left-Putamen,4855.0,6734.0,0.72151
2,26,Right-Thalamus-Proper,8727.1,12106.0,0.72151
2,27,Left-Thalamus-Proper,8598.0,11945.0,0.72151
2,28,Right-Ventral-DC,5229.4,7219.0,0.72151
2,29,Left-Ventral-DC,5285.3,7472.0,0.72151
2,30,Cerebellar-Vermal-Lobules-I-V,5274.6,7393.0,0.72151
2,31,Cerebellar-Vermal-Lobules-VI-VII,2909.9,4134.0,0.72151
2,32,Cerebellar-Vermal-Lobules-VIII-X,2990.6,4365.0,0.72151
2,33,Left-Basal-Forebrain,657.9,923.0,0.72151
2,34,Right-Basal-Forebrain,647.7,914.0,0.72151
2,35,Right-ACgG--anterior-cingulate-gyrus,5555.1,7653.0,0.72151
2,36,Left-ACgG--anterior-cingulate-gyrus,5803.0,8035.0,0.72151
2,37,Right-AIns--anterior-insula,3800.9,5217.0,0.72151
2,38,Left-AIns--anterior-insula,3835.5,5337.0,0.72151
2,39,Right-AOrG--anterior-orbital-gyrus,2636.1,3596.0,0.72151
2,40,Left-AOrG--anterior-orbital-gyrus,2356.6,3230.0,0.72151
2,41,Right-AnG---angular-gyrus,12119.5,16759.0,0.72151
2,42,Left-AnG---angular-gyrus,11326.5,15731.0,0.72151
2,43,Right-Calc--calcarine-cortex,5072.5,7026.0,0.72151
2,44,Left-Calc--calcarine-cortex,5092.8,7094.0,0.72151
2,45,Right-CO----central-operculum,4553.3,6307.0,0.72151
2,46,Left-CO----central-operculum,4415.6,6107.0,0.72151
2,47,Right-Cun---cuneus,6203.8,8691.0,0.72151
2,48,Left-Cun---cuneus,5601.8,7701.0,0.72151
2,49,Right-Ent---entorhinal-area,2293.1,3167.0,0.72151
2,50,Left-Ent---entorhinal-area,2390.7,3314.0,0.72151
2,51,Right-FO----frontal-operculum,1786.7,2481.0,0.72151
2,52,Left-FO----frontal-operculum,2253.0,3109.0,0.72151
2,53,Right-FRP---frontal-pole,3024.7,4218.0,0.72151
2,54,Left-FRP---frontal-pole,3293.4,4632.0,0.72151
2,55,Right-FuG---fusiform-gyrus ,7789.8,10785.0,0.72151
2,56,Left-FuG---fusiform-gyrus,8591.4,12023.0,0.72151
2,57,Right-GRe---gyrus-rectus,2602.5,3605.0,0.72151
2,58,Left-GRe---gyrus-rectus,2140.2,2973.0,0.72151
2,59,Right-IOG---inferior-occipital-gyrus,5784.2,8021.0,0.72151
2,60,Left-IOG---inferior-occipital-gyrus,6530.9,9027.0,0.72151
2,61,Right-ITG---inferior-temporal-gyrus,14528.0,20152.0,0.72151
2,62,Left-ITG---inferior-temporal-gyrus,13666.4,18894.0,0.72151
2,63,Right-LiG---lingual-gyrus,10407.6,14385.0,0.72151
2,64,Left-LiG---lingual-gyrus,9869.6,13693.0,0.72151
2,65,Right-LOrG--lateral-orbital-gyrus,2584.7,3590.0,0.72151
2,66,Left-LOrG--lateral-orbital-gyrus,2737.1,3762.0,0.72151
2,67,Right-MCgG--middle-cingulate-gyrus,5014.0,6929.0,0.72151
2,68,Left-MCgG--middle-cingulate-gyrus,4652.8,7394.0,0.72151
2,69,Right-MFC---medial-frontal-cortex,2480.1,3396.0,0.72151
2,70,Left-MFC---medial-frontal-cortex,2854.5,3982.0,0.72151
2,71,Right-MFG---middle-frontal-gyrus,23444.1,32383.0,0.72151
2,72,Left-MFG---middle-frontal-gyrus,22609.4,31265.0,0.72151
2,73,Right-MOG---middle-occipital-gyrus,5033.8,7010.0,0.72151
2,74,Left-MOG---middle-occipital-gyrus,5913.7,8226.0,0.72151
2,75,Right-MOrG--medial-orbital-gyrus,4218.5,5848.0,0.72151
2,76,Left-MOrG--medial-orbital-gyrus,4702.1,6471.0,0.72151
2,77,Right-MPoG--postcentral-gyrus,1576.9,2174.0,0.72151
2,78,Left-MPoG--postcentral-gyrus,1785.6,2476.0,0.72151
2,79,Right-MPrG--precentral-gyrus,2866.2,3990.0,0.72151
2,80,Left-MPrG--precentral-gyrus,3837.5,5305.0,0.72151
2,81,Right-MSFG--superior-frontal-gyrus,8174.4,11310.0,0.72151
2,82,Left-MSFG--superior-frontal-gyrus,7455.5,10344.0,0.72151
2,83,Right-MTG---middle-temporal-gyrus,15773.6,22185.0,0.72151
2,84,Left-MTG---middle-temporal-gyrus,15725.9,21787.0,0.72151
2,85,Right-OCP---occipital-pole,3770.4,5238.0,0.72151
2,86,Left-OCP---occipital-pole,4793.1,6605.0,0.72151
2,87,Right-OFuG--occipital-fusiform-gyrus,5786.7,8033.0,0.72151
2,88,Left-OFuG--occipital-fusiform-gyrus,5018.6,6986.0,0.72151
2,89,Right-OpIFG-opercular-part-of-the-IFG,4516.2,6219.0,0.72151
2,90,Left-OpIFG-opercular-part-of-the-IFG,3703.4,5119.0,0.72151
2,91,Right-OrIFG-orbital-part-of-the-IFG,1641.4,2262.0,0.72151
2,92,Left-OrIFG-orbital-part-of-the-IFG,1537.7,2151.0,0.72151
2,93,Right-PCgG--posterior-cingulate-gyrus,5404.2,7510.0,0.72151
2,94,Left-PCgG--posterior-cingulate-gyrus,4775.8,6712.0,0.72151
2,95,Right-PCu---precuneus,12990.3,17969.0,0.72151
2,96,Left-PCu---precuneus,11656.2,16357.0,0.72151
2,97,Right-PHG---parahippocampal-gyrus,2937.3,4057.0,0.72151
2,98,Left-PHG---parahippocampal-gyrus,3445.8,4766.0,0.72151
2,99,Right-PIns--posterior-insula,2947.0,4016.0,0.72151
2,100,Left-PIns--posterior-insula,2697.5,3743.0,0.72151
2,101,Right-PO----parietal-operculum,2828.1,3919.0,0.72151
2,102,Left-PO----parietal-operculum,3021.6,4153.0,0.72151
2,103,Right-PoG---postcentral-gyrus,11395.1,15666.0,0.72151
2,104,Left-PoG---postcentral-gyrus,14255.7,19686.0,0.72151
2,105,Right-POrG--posterior-orbital-gyrus,3488.5,4837.0,0.72151
2,106,Left-POrG--posterior-orbital-gyrus,3394.5,4679.0,0.72151
2,107,Right-PP----planum-polare,2330.7,3234.0,0.72151
2,108,Left-PP----planum-polare,2625.9,3653.0,0.72151
2,109,Right-PrG---precentral-gyrus,12516.3,17384.0,0.72151
2,110,Left-PrG---precentral-gyrus,12942.0,17920.0,0.72151
2,111,Right-PT----planum-temporale,2263.2,3130.0,0.72151
2,112,Left-PT----planum-temporale,2067.6,2868.0,0.72151
2,113,Right-SCA---subcallosal-area,924.6,1277.0,0.72151
2,114,Left-SCA---subcallosal-area,1044.0,1434.0,0.72151
2,115,Right-SFG---superior-frontal-gyrus,16061.7,22292.0,0.72151
2,116,Left-SFG---superior-frontal-gyrus,17746.2,24614.0,0.72151
2,117,Right-SMC---supplementary-motor-cortex,6411.6,8936.0,0.72151
2,118,Left-SMC---supplementary-motor-cortex,6225.1,8675.0,0.72151
2,119,Right-SMG---supramarginal-gyrus,8789.6,12227.0,0.72151
2,120,Left-SMG---supramarginal-gyrus,10513.7,14528.0,0.72151
2,121,Right-SOG---superior-occipital-gyrus,5960.5,8190.0,0.72151
2,122,Left-SOG---superior-occipital-gyrus,4018.8,5591.0,0.72151
2,123,Right-SPL---superior-parietal-lobule,13834.1,19103.0,0.72151
2,124,Left-SPL---superior-parietal-lobule,11946.3,16493.0,0.72151
2,125,Right-STG---superior-temporal-gyrus,7858.9,10889.0,0.72151
2,126,Left-STG---superior-temporal-gyrus,8489.8,11709.0,0.72151
2,127,Right-TMP---temporal-pole,9391.0,13095.0,0.72151
2,128,Left-TMP---temporal-pole,8933.8,12327.0,0.72151
2,129,Right-TrIFG-triangular-part-of-the-IFG,3750.1,5235.0,0.72151
2,130,Left-TrIFG-triangular-part-of-the-IFG,4557.8,6348.0,0.72151
2,131,Right-TTG---transverse-temporal-gyrus,1564.2,2152.0,0.72151
2,132,Left-TTG---transverse-temporal-gyrus,2054.9,2862.0,0.72151
3,1,3rd-Ventricle,1718.6,2416.0,0.72192
3,2,4th-Ventricle,1753.1,2466.0,0.72192
3,3,Right-Accumbens-Area,840.2,1181.0,0.72192
3,4,Left-Accumbens-Area,671.1,932.0,0.72192
3,5,Right-Amygdala,1221.8,1715.0,0.72192
3,6,Left-Amygdala,1145.0,1618.0,0.72192
3,7,Brain-Stem,17387.1,24060.0,0.72192
3,8,Right-Caudate,3448.4,4827.0,0.72192
3,9,Left-Caudate,3383.3,4700.0,0.72192
3,10,Right-Cerebellum-Exterior,56404.6,101765.0,0.72192
3,11,Left-Cerebellum-Exterior,61108.3,102336.0,0.72192
3,12,Right-Cerebellum-White-Matter,15098.5,20937.0,0.72192
3,13,Left-Cerebellum-White-Matter,15437.8,21392.0,0.72192
3,14,Right-Cerebral-White-Matter,220583.6,305402.0,0.72192
3,15,Left-Cerebral-White-Matter,218125.4,302096.0,0.72192
3,16,Right-Hippocampus,4107.2,5661.0,0.72192
3,17,Left-Hippocampus,3687.6,5084.0,0.72192
3,18,Right-Inf-Lat-Vent,846.3,1157.0,0.72192
3,19,Left-Inf-Lat-Vent,690.4,980.0,0.72192
3,20,Right-Lateral-Ventricle,5100.9,7078.0,0.72192
3,21,Left-Lateral-Ventricle,7923.9,10966.0,0.72192
3,22,Right-Pallidum,1725.7,2387.0,0.72192
3,23,Left-Pallidum,1763.3,2427.0,0.72192
3,24,Right-Putamen,4852.5,6693.0,0.72192
3,25,Left-Putamen,4888.1,6784.0,0.72192
3,26,Right-Thalamus-Proper,8569.1,11900.0,0.72192
3,27,Left-Thalamus-Proper,8527.4,11783.0,0.72192
3,28,Right-Ventral-DC,5252.3,7310.0,0.72192
3,29,Left-Ventral-DC,5426.0,7589.0,0.72192
3,30,Cerebellar-Vermal-Lobules-I-V,5304.1,7357.0,0.72192
3,31,Cerebellar-Vermal-Lobules-VI-VII,2843.8,4127.0,0.72192
3,32,Cerebellar-Vermal-Lobules-VIII-X,3133.9,4341.0,0.72192
3,33,Left-Basal-Forebrain,616.2,868.0,0.72192
3,34,Right-Basal-Forebrain,571.5,799.0,0.72192
3,35,Right-ACgG--anterior-cingulate-gyrus,5532.7,7692.0,0.72192
3,36,Left-ACgG--anterior-cingulate-gyrus,5692.2,7870.0,0.72192
3,37,Right-AIns--anterior-insula,3778.6,5166.0,0.72192
3,38,Left-AIns--anterior-insula,3811.1,5305.0,0.72192
3,39,Right-AOrG--anterior-orbital-gyrus,2595.9,3631.0,0.72192
3,40,Left-AOrG--anterior-orbital-gyrus,2338.9,3215.0,0.72192
3,41,Right-AnG---angular-gyrus,12423.8,17214.0,0.72192
3,42,Left-AnG---angular-gyrus,11345.3,15724.0,0.72192
3,43,Right-Calc--calcarine-cortex,4765.6,6604.0,0.72192
3,44,Left-Calc--calcarine-cortex,5073.5,7032.0,0.72192
3,45,Right-CO----central-operculum,4575.1,6363.0,0.72192
3,46,Left-CO----central-operculum,4416.1,6125.0,0.72192
3,47,Right-Cun---cuneus,6315.6,8772.0,0.72192
3,48,Left-Cun---cuneus,5617.6,7713.0,0.72192
3,49,Right-Ent---entorhinal-area,2277.9,3154.0,0.72192
3,50,Left-Ent---entorhinal-area,2467.9,3441.0,0.72192
3,51,Right-FO----frontal-operculum,1732.3,2398.0,0.72192
3,52,Left-FO----frontal-operculum,2271.3,3142.0,0.72192
3,53,Right-FRP---frontal-pole,3102.9,4300.0,0.72192
3,54,Left-FRP---frontal-pole,3641.9,5042.0,0.72192
3,55,Right-FuG---fusiform-gyrus ,7872.1,10828.0,0.72192
3,56,Left-FuG---fusiform-gyrus,8759.1,12037.0,0.72192
3,57,Right-GRe---gyrus-rectus,2523.3,3560.0,0.72192
3,58,Left-GRe---gyrus-rectus,2060.5,2859.0,0.72192
3,59,Right-IOG---inferior-occipital-gyrus,5569.8,7713.0,0.72192
3,60,Left-IOG---inferior-occipital-gyrus,6595.5,9184.0,0.72192
3,61,Right-ITG---inferior-temporal-gyrus,14234.4,19786.0,0.72192
3,62,Left-ITG---inferior-temporal-gyrus,13570.9,18823.0,0.72192
3,63,Right-LiG---lingual-gyrus,10572.7,14590.0,0.72192
3,64,Left-LiG---lingual-gyrus,10099.2,13974.0,0.72192
3,65,Right-LOrG--lateral-orbital-gyrus,2510.6,3491.0,0.72192
3,66,Left-LOrG--lateral-orbital-gyrus,2618.3,3624.0,0.72192
3,67,Right-MCgG--middle-cingulate-gyrus,5348.3,7975.0,0.72192
3,68,Left-MCgG--middle-cingulate-gyrus,4905.8,7234.0,0.72192
3,69,Right-MFC---medial-frontal-cortex,2430.8,3368.0,0.72192
3,70,Left-MFC---medial-frontal-cortex,2744.3,3859.0,0.72192
3,71,Right-MFG---middle-frontal-gyrus,23467.9,32496.0,0.72192
3,72,Left-MFG---middle-frontal-gyrus,22820.7,31500.0,0.72192
3,73,Right-MOG---middle-occipital-gyrus,5073.0,7064.0,0.72192
3,74,Left-MOG---middle-occipital-gyrus,6023.4,8356.0,0.72192
3,75,Right-MOrG--medial-orbital-gyrus,4125.0,5566.0,0.72192
3,76,Left-MOrG--medial-orbital-gyrus,4870.8,6702.0,0.72192
3,77,Right-MPoG--postcentral-gyrus,1590.1,2215.0,0.72192
3,78,Left-MPoG--postcentral-gyrus,1859.3,2589.0,0.72192
3,79,Right-MPrG--precentral-gyrus,2874.3,3977.0,0.72192
3,80,Left-MPrG--precentral-gyrus,3901.0,5410.0,0.72192
3,81,Right-MSFG--superior-frontal-gyrus,8020.9,11127.0,0.72192
3,82,Left-MSFG--superior-frontal-gyrus,7537.8,10410.0,0.72192
3,83,Right-MTG---middle-temporal-gyrus,15882.9,23026.0,0.72192
3,84,Left-MTG---middle-temporal-gyrus,15837.7,21927.0,0.72192
3,85,Right-OCP---occipital-pole,3299.5,4591.0,0.72192
3,86,Left-OCP---occipital-pole,4398.8,6089.0,0.72192
3,87,Right-OFuG--occipital-fusiform-gyrus,5870.5,8159.0,0.72192
3,88,Left-OFuG--occipital-fusiform-gyrus,5100.9,7048.0,0.72192
3,89,Right-OpIFG-opercular-part-of-the-IFG,4552.3,6279.0,0.72192
3,90,Left-OpIFG-opercular-part-of-the-IFG,3755.7,5223.0,0.72192
3,91,Right-OrIFG-orbital-part-of-the-IFG,1612.9,2229.0,0.72192
3,92,Left-OrIFG-orbital-part-of-the-IFG,1517.4,2089.0,0.72192
3,93,Right-PCgG--posterior-cingulate-gyrus,5450.4,7555.0,0.72192
3,94,Left-PCgG--posterior-cingulate-gyrus,4857.1,6846.0,0.72192
3,95,Right-PCu---precuneus,13017.7,18122.0,0.72192
3,96,Left-PCu---precuneus,11662.3,16151.0,0.72192
3,97,Right-PHG---parahippocampal-gyrus,2906.8,4085.0,0.72192
3,98,Left-PHG---parahippocampal-gyrus,3428.5,4744.0,0.72192
3,99,Right-PIns--posterior-insula,2997.2,4122.0,0.72192
3,100,Left-PIns--posterior-insula,2644.7,3718.0,0.72192
3,101,Right-PO----parietal-operculum,2919.0,4015.0,0.72192
3,102,Left-PO----parietal-operculum,3027.7,4181.0,0.72192
3,103,Right-PoG---postcentral-gyrus,11457.1,15971.0,0.72192
3,104,Left-PoG---postcentral-gyrus,14478.2,20112.0,0.72192
3,105,Right-POrG--posterior-orbital-gyrus,3322.9,4629.0,0.72192
3,106,Left-POrG--posterior-orbital-gyrus,3459.5,4790.0,0.72192
3,107,Right-PP----planum-polare,2354.1,3253.0,0.72192
3,108,Left-PP----planum-polare,2806.2,3872.0,0.72192
3,109,Right-PrG---precentral-gyrus,12722.0,17656.0,0.72192
3,110,Left-PrG---precentral-gyrus,13313.9,18428.0,0.72192
3,111,Right-PT----planum-temporale,2268.8,3132.0,0.72192
3,112,Left-PT----planum-temporale,2158.5,2981.0,0.72192
3,113,Right-SCA---subcallosal-area,840.8,1199.0,0.72192
3,114,Left-SCA---subcallosal-area,1020.6,1416.0,0.72192
3,115,Right-SFG---superior-frontal-gyrus,16205.4,22425.0,0.72192
3,116,Left-SFG---superior-frontal-gyrus,17721.3,24637.0,0.72192
3,117,Right-SMC---supplementary-motor-cortex,6531.5,9018.0,0.72192
3,118,Left-SMC---supplementary-motor-cortex,6149.9,8586.0,0.72192
3,119,Right-SMG---supramarginal-gyrus,8791.6,12168.0,0.72192
3,120,Left-SMG---supramarginal-gyrus,10521.9,14561.0,0.72192
3,121,Right-SOG---superior-occipital-gyrus,5973.2,8249.0,0.72192
3,122,Left-SOG---superior-occipital-gyrus,4078.8,5622.0,0.72192
3,123,Right-SPL---superior-parietal-lobule,13664.4,18950.0,0.72192
3,124,Left-SPL---superior-parietal-lobule,11626.3,16122.0,0.72192
3,125,Right-STG---superior-temporal-gyrus,7955.9,11008.0,0.72192
3,126,Left-STG---superior-temporal-gyrus,8594.0,11955.0,0.72192
3,127,Right-TMP---temporal-pole,9564.3,13257.0,0.72192
3,128,Left-TMP---temporal-pole,8917.6,12360.0,0.72192
3,129,Right-TrIFG-triangular-part-of-the-IFG,3799.9,5243.0,0.72192
3,130,Left-TrIFG-triangular-part-of-the-IFG,4493.8,6228.0,0.72192
3,131,Right-TTG---transverse-temporal-gyrus,1571.8,2164.0,0.72192
3,132,Left-TTG---transverse-temporal-gyrus,2064.0,2859.0,0.72192
4,1,3rd-Ventricle,1781.1,2443.0,0.72257
4,2,4th-Ventricle,1786.7,2472.0,0.72257
4,3,Right-Accumbens-Area,713.2,989.0,0.72257
4,4,Left-Accumbens-Area,714.3,971.0,0.72257
4,5,Right-Amygdala,1234.0,1716.0,0.72257
4,6,Left-Amygdala,1140.0,1628.0,0.72257
4,7,Brain-Stem,17637.5,24335.0,0.72257
4,8,Right-Caudate,3485.9,4855.0,0.72257
4,9,Left-Caudate,3401.6,4711.0,0.72257
4,10,Right-Cerebellum-Exterior,56416.3,101574.0,0.72257
4,11,Left-Cerebellum-Exterior,59884.5,96911.0,0.72257
4,12,Right-Cerebellum-White-Matter,14833.3,20567.0,0.72257
4,13,Left-Cerebellum-White-Matter,15457.7,21380.0,0.72257
4,14,Right-Cerebral-White-Matter,219641.8,304026.0,0.72257
4,15,Left-Cerebral-White-Matter,218234.1,302148.0,0.72257
4,16,Right-Hippocampus,4096.1,5659.0,0.72257
4,17,Left-Hippocampus,3741.0,5128.0,0.72257
4,18,Right-Inf-Lat-Vent,830.1,1140.0,0.72257
4,19,Left-Inf-Lat-Vent,691.9,985.0,0.72257
4,20,Right-Lateral-Ventricle,5208.6,7197.0,0.72257
4,21,Left-Lateral-Ventricle,8001.1,11097.0,0.72257
4,22,Right-Pallidum,1699.8,2351.0,0.72257
4,23,Left-Pallidum,1753.1,2416.0,0.72257
4,24,Right-Putamen,4920.1,6816.0,0.72257
4,25,Left-Putamen,4904.8,6779.0,0.72257
4,26,Right-Thalamus-Proper,8761.1,12132.0,0.72257
4,27,Left-Thalamus-Proper,8549.8,11827.0,0.72257
4,28,Right-Ventral-DC,5256.9,7310.0,0.72257
4,29,Left-Ventral-DC,5358.5,7507.0,0.72257
4,30,Cerebellar-Vermal-Lobules-I-V,5387.9,7410.0,0.72257
4,31,Cerebellar-Vermal-Lobules-VI-VII,2965.2,4177.0,0.72257
4,32,Cerebellar-Vermal-Lobules-VIII-X,3103.4,4292.0,0.72257
4,33,Left-Basal-Forebrain,613.2,857.0,0.72257
4,34,Right-Basal-Forebrain,594.9,835.0,0.72257
4,35,Right-ACgG--anterior-cingulate-gyrus,5592.7,7737.0,0.72257
4,36,Left-ACgG--anterior-cingulate-gyrus,5798.9,8024.0,0.72257
4,37,Right-AIns--anterior-insula,3843.1,5284.0,0.72257
4,38,Left-AIns--anterior-insula,3889.8,5411.0,0.72257
4,39,Right-AOrG--anterior-orbital-gyrus,2668.6,3650.0,0.72257
4,40,Left-AOrG--anterior-orbital-gyrus,2297.7,3191.0,0.72257
4,41,Right-AnG---angular-gyrus,12511.2,17287.0,0.72257
4,42,Left-AnG---angular-gyrus,11420.5,15826.0,0.72257
4,43,Right-Calc--calcarine-cortex,4903.3,6770.0,0.72257
4,44,Left-Calc--calcarine-cortex,5094.8,7050.0,0.72257
4,45,Right-CO----central-operculum,4575.6,6359.0,0.72257
4,46,Left-CO----central-operculum,4430.3,6109.0,0.72257
4,47,Right-Cun---cuneus,6085.9,8688.0,0.72257
4,48,Left-Cun---cuneus,5707.5,7772.0,0.72257
4,49,Right-Ent---entorhinal-area,2304.8,3208.0,0.72257
4,50,Left-Ent---entorhinal-area,2428.8,3382.0,0.72257
4,51,Right-FO----frontal-operculum,1823.7,2521.0,0.72257
4,52,Left-FO----frontal-operculum,2256.6,3133.0,0.72257
4,53,Right-FRP---frontal-pole,3030.3,4220.0,0.72257
4,54,Left-FRP---frontal-pole,3520.5,4880.0,0.72257
4,55,Right-FuG---fusiform-gyrus ,7959.0,10859.0,0.72257
4,56,Left-FuG---fusiform-gyrus,8639.2,12021.0,0.72257
4,57,Right-GRe---gyrus-rectus,2565.9,3592.0,0.72257
4,58,Left-GRe---gyrus-rectus,2088.4,2893.0,0.72257
4,59,Right-IOG---inferior-occipital-gyrus,5648.0,7793.0,0.72257
4,60,Left-IOG---inferior-occipital-gyrus,6507.6,9045.0,0.72257
4,61,Right-ITG---inferior-temporal-gyrus,14417.3,20052.0,0.72257
4,62,Left-ITG---inferior-temporal-gyrus,13532.3,18668.0,0.72257
4,63,Right-LiG---lingual-gyrus,10338.5,14413.0,0.72257
4,64,Left-LiG---lingual-gyrus,10053.5,13804.0,0.72257
4,65,Right-LOrG--lateral-orbital-gyrus,2601.5,3633.0,0.72257
4,66,Left-LOrG--lateral-orbital-gyrus,2751.9,3782.0,0.72257
4,67,Right-MCgG--middle-cingulate-gyrus,5289.4,7786.0,0.72257
4,68,Left-MCgG--middle-cingulate-gyrus,4846.9,7239.0,0.72257
4,69,Right-MFC---medial-frontal-cortex,2391.7,3293.0,0.72257
4,70,Left-MFC---medial-frontal-cortex,2835.2,3922.0,0.72257
4,71,Right-MFG---middle-frontal-gyrus,23083.4,31944.0,0.72257
4,72,Left-MFG---middle-frontal-gyrus,22442.3,31074.0,0.72257
4,73,Right-MOG---middle-occipital-gyrus,5104.0,7142.0,0.72257
4,74,Left-MOG---middle-occipital-gyrus,6082.9,8399.0,0.72257
4,75,Right-MOrG--medial-orbital-gyrus,4166.2,5725.0,0.72257
4,76,Left-MOrG--medial-orbital-gyrus,4705.2,6499.0,0.72257
4,77,Right-MPoG--postcentral-gyrus,1546.9,2185.0,0.72257
4,78,Left-MPoG--postcentral-gyrus,1784.1,2506.0,0.72257
4,79,Right-MPrG--precentral-gyrus,2870.8,3972.0,0.72257
4,80,Left-MPrG--precentral-gyrus,3744.5,5227.0,0.72257
4,81,Right-MSFG--superior-frontal-gyrus,8079.9,11203.0,0.72257
4,82,Left-MSFG--superior-frontal-gyrus,7442.3,10270.0,0.72257
4,83,Right-MTG---middle-temporal-gyrus,15956.5,22794.0,0.72257
4,84,Left-MTG---middle-temporal-gyrus,16043.9,22116.0,0.72257
4,85,Right-OCP---occipital-pole,3594.7,4948.0,0.72257
4,86,Left-OCP---occipital-pole,4703.6,6454.0,0.72257
4,87,Right-OFuG--occipital-fusiform-gyrus,5762.3,7954.0,0.72257
4,88,Left-OFuG--occipital-fusiform-gyrus,5098.4,7037.0,0.72257
4,89,Right-OpIFG-opercular-part-of-the-IFG,4487.2,6198.0,0.72257
4,90,Left-OpIFG-opercular-part-of-the-IFG,3692.2,5112.0,0.72257
4,91,Right-OrIFG-orbital-part-of-the-IFG,1653.6,2300.0,0.72257
4,92,Left-OrIFG-orbital-part-of-the-IFG,1550.9,2141.0,0.72257
4,93,Right-PCgG--posterior-cingulate-gyrus,5381.8,7425.0,0.72257
4,94,Left-PCgG--posterior-cingulate-gyrus,4801.7,6723.0,0.72257
4,95,Right-PCu---precuneus,12776.4,17712.0,0.72257
4,96,Left-PCu---precuneus,11793.9,16200.0,0.72257
4,97,Right-PHG---parahippocampal-gyrus,2941.9,4069.0,0.72257
4,98,Left-PHG---parahippocampal-gyrus,3475.8,4822.0,0.72257
4,99,Right-PIns--posterior-insula,3042.5,4186.0,0.72257
4,100,Left-PIns--posterior-insula,2703.6,3669.0,0.72257
4,101,Right-PO----parietal-operculum,2852.0,3980.0,0.72257
4,102,Left-PO----parietal-operculum,2998.3,4155.0,0.72257
4,103,Right-PoG---postcentral-gyrus,11272.7,15635.0,0.72257
4,104,Left-PoG---postcentral-gyrus,14423.9,19973.0,0.72257
4,105,Right-POrG--posterior-orbital-gyrus,3421.9,4720.0,0.72257
4,106,Left-POrG--posterior-orbital-gyrus,3349.8,4673.0,0.72257
4,107,Right-PP----planum-polare,2373.9,3299.0,0.72257
4,108,Left-PP----planum-polare,2730.0,3798.0,0.72257
4,109,Right-PrG---precentral-gyrus,12380.2,17170.0,0.72257
4,110,Left-PrG---precentral-gyrus,12810.4,17757.0,0.72257
4,111,Right-PT----planum-temporale,2305.8,3175.0,0.72257
4,112,Left-PT----planum-temporale,2151.9,2980.0,0.72257
4,113,Right-SCA---subcallosal-area,874.8,1188.0,0.72257
4,114,Left-SCA---subcallosal-area,989.6,1338.0,0.72257
4,115,Right-SFG---superior-frontal-gyrus,15752.3,21828.0,0.72257
4,116,Left-SFG---superior-frontal-gyrus,17394.7,24047.0,0.72257
4,117,Right-SMC---supplementary-motor-cortex,6324.7,8807.0,0.72257
4,118,Left-SMC---supplementary-motor-cortex,6102.7,8391.0,0.72257
4,119,Right-SMG---supramarginal-gyrus,8854.6,12293.0,0.72257
4,120,Left-SMG---supramarginal-gyrus,10728.1,14771.0,0.72257
4,121,Right-SOG---superior-occipital-gyrus,6110.8,8459.0,0.72257
4,122,Left-SOG---superior-occipital-gyrus,4151.9,5687.0,0.72257
4,123,Right-SPL---superior-parietal-lobule,13936.7,19292.0,0.72257
4,124,Left-SPL---superior-parietal-lobule,11940.2,16516.0,0.72257
4,125,Right-STG---superior-temporal-gyrus,7931.0,10977.0,0.72257
4,126,Left-STG---superior-temporal-gyrus,8593.5,11900.0,0.72257
4,127,Right-TMP---temporal-pole,9458.1,13071.0,0.72257
4,128,Left-TMP---temporal-pole,8655.9,11965.0,0.72257
4,129,Right-TrIFG-triangular-part-of-the-IFG,3758.2,5214.0,0.72257
4,130,Left-TrIFG-triangular-part-of-the-IFG,4588.3,6316.0,0.72257
4,131,Right-TTG---transverse-temporal-gyrus,1583.0,2190.0,0.72257
4,132,Left-TTG---transverse-temporal-gyrus,2089.4,2880.0,0.72257
5,1,3rd-Ventricle,1846.1,2468.0,0.72268
5,2,4th-Ventricle,1813.1,2502.0,0.72268
5,3,Right-Accumbens-Area,607.1,856.0,0.72268
5,4,Left-Accumbens-Area,676.2,931.0,0.72268
5,5,Right-Amygdala,1239.0,1700.0,0.72268
5,6,Left-Amygdala,1135.4,1577.0,0.72268
5,7,Brain-Stem,17364.7,23987.0,0.72268
5,8,Right-Caudate,3429.6,4781.0,0.72268
5,9,Left-Caudate,3376.7,4719.0,0.72268
5,10,Right-Cerebellum-Exterior,55708.6,101241.0,0.72268
5,11,Left-Cerebellum-Exterior,58559.6,94674.0,0.72268
5,12,Right-Cerebellum-White-Matter,15048.2,20896.0,0.72268
5,13,Left-Cerebellum-White-Matter,15323.0,21210.0,0.72268
5,14,Right-Cerebral-White-Matter,218020.7,301268.0,0.72268
5,15,Left-Cerebral-White-Matter,215802.7,298459.0,0.72268
5,16,Right-Hippocampus,4066.1,5671.0,0.72268
5,17,Left-Hippocampus,3627.2,5031.0,0.72268
5,18,Right-Inf-Lat-Vent,827.0,1157.0,0.72268
5,19,Left-Inf-Lat-Vent,796.6,1067.0,0.72268
5,20,Right-Lateral-Ventricle,5269.1,7264.0,0.72268
5,21,Left-Lateral-Ventricle,8200.3,11244.0,0.72268
5,22,Right-Pallidum,1713.5,2397.0,0.72268
5,23,Left-Pallidum,1755.2,2436.0,0.72268
5,24,Right-Putamen,4804.7,6692.0,0.72268
5,25,Left-Putamen,4804.2,6704.0,0.72268
5,26,Right-Thalamus-Proper,8615.3,11883.0,0.72268
5,27,Left-Thalamus-Proper,8417.2,11731.0,0.72268
5,28,Right-Ventral-DC,5197.4,7273.0,0.72268
5,29,Left-Ventral-DC,5419.4,7492.0,0.72268
5,30,Cerebellar-Vermal-Lobules-I-V,5322.4,7330.0,0.72268
5,31,Cerebellar-Vermal-Lobules-VI-VII,2846.9,4082.0,0.72268
5,32,Cerebellar-Vermal-Lobules-VIII-X,3024.7,4186.0,0.72268
5,33,Left-Basal-Forebrain,671.1,915.0,0.72268
5,34,Right-Basal-Forebrain,633.0,877.0,0.72268
5,35,Right-ACgG--anterior-cingulate-gyrus,5541.9,7707.0,0.72268
5,36,Left-ACgG--anterior-cingulate-gyrus,5916.8,8166.0,0.72268
5,37,Right-AIns--anterior-insula,3760.8,5189.0,0.72268
5,38,Left-AIns--anterior-insula,3827.3,5292.0,0.72268
5,39,Right-AOrG--anterior-orbital-gyrus,2642.7,3661.0,0.72268
5,40,Left-AOrG--anterior-orbital-gyrus,2261.7,3164.0,0.72268
5,41,Right-AnG---angular-gyrus,12316.1,17026.0,0.72268
5,42,Left-AnG---angular-gyrus,11474.9,15848.0,0.72268
5,43,Right-Calc--calcarine-cortex,4820.0,6660.0,0.72268
5,44,Left-Calc--calcarine-cortex,5026.2,6945.0,0.72268
5,45,Right-CO----central-operculum,4583.8,6355.0,0.72268
5,46,Left-CO----central-operculum,4480.1,6209.0,0.72268
5,47,Right-Cun---cuneus,6238.3,8685.0,0.72268
5,48,Left-Cun---cuneus,5663.8,7731.0,0.72268
5,49,Right-Ent---entorhinal-area,2288.1,3149.0,0.72268
5,50,Left-Ent---entorhinal-area,2459.3,3396.0,0.72268
5,51,Right-FO----frontal-operculum,1760.8,2436.0,0.72268
5,52,Left-FO----frontal-operculum,2309.9,3188.0,0.72268
5,53,Right-FRP---frontal-pole,3074.0,4283.0,0.72268
5,54,Left-FRP---frontal-pole,3554.0,4915.0,0.72268
5,55,Right-FuG---fusiform-gyrus ,7776.6,10821.0,0.72268
5,56,Left-FuG---fusiform-gyrus,8642.2,12005.0,0.72268
5,57,Right-GRe---gyrus-rectus,2630.5,3596.0,0.72268
5,58,Left-GRe---gyrus-rectus,2098.6,2936.0,0.72268
5,59,Right-IOG---inferior-occipital-gyrus,5740.5,7916.0,0.72268
5,60,Left-IOG---inferior-occipital-gyrus,6544.2,9080.0,0.72268
5,61,Right-ITG---inferior-temporal-gyrus,14366.5,19887.0,0.72268
5,62,Left-ITG---inferior-temporal-gyrus,13574.5,18839.0,0.72268
5,63,Right-LiG---lingual-gyrus,10447.7,14460.0,0.72268
5,64,Left-LiG---lingual-gyrus,9982.9,13885.0,0.72268
5,65,Right-LOrG--lateral-orbital-gyrus,2563.9,3529.0,0.72268
5,66,Left-LOrG--lateral-orbital-gyrus,2720.9,3745.0,0.72268
5,67,Right-MCgG--middle-cingulate-gyrus,4937.3,7272.0,0.72268
5,68,Left-MCgG--middle-cingulate-gyrus,4900.2,7028.0,0.72268
5,69,Right-MFC---medial-frontal-cortex,2405.4,3322.0,0.72268
5,70,Left-MFC---medial-frontal-cortex,2790.5,3824.0,0.72268
5,71,Right-MFG---middle-frontal-gyrus,23233.7,32167.0,0.72268
5,72,Left-MFG---middle-frontal-gyrus,22364.0,30989.0,0.72268
5,73,Right-MOG---middle-occipital-gyrus,5069.4,7103.0,0.72268
5,74,Left-MOG---middle-occipital-gyrus,6025.5,8369.0,0.72268
5,75,Right-MOrG--medial-orbital-gyrus,3993.4,5538.0,0.72268
5,76,Left-MOrG--medial-orbital-gyrus,4725.5,6520.0,0.72268
5,77,Right-MPoG--postcentral-gyrus,1549.4,2150.0,0.72268
5,78,Left-MPoG--postcentral-gyrus,1818.7,2509.0,0.72268
5,79,Right-MPrG--precentral-gyrus,2890.1,3927.0,0.72268
5,80,Left-MPrG--precentral-gyrus,3901.5,5340.0,0.72268
5,81,Right-MSFG--superior-frontal-gyrus,8106.3,11171.0,0.72268
5,82,Left-MSFG--superior-frontal-gyrus,7452.0,10296.0,0.72268
5,83,Right-MTG---middle-temporal-gyrus,16100.3,23165.0,0.72268
5,84,Left-MTG---middle-temporal-gyrus,15815.3,21933.0,0.72268
5,85,Right-OCP---occipital-pole,3607.4,5004.0,0.72268
5,86,Left-OCP---occipital-pole,4613.2,6353.0,0.72268
5,87,Right-OFuG--occipital-fusiform-gyrus,5769.4,8009.0,0.72268
5,88,Left-OFuG--occipital-fusiform-gyrus,5185.7,7175.0,0.72268
5,89,Right-OpIFG-opercular-part-of-the-IFG,4514.7,6248.0,0.72268
5,90,Left-OpIFG-opercular-part-of-the-IFG,3699.8,5145.0,0.72268
5,91,Right-OrIFG-orbital-part-of-the-IFG,1648.0,2313.0,0.72268
5,92,Left-OrIFG-orbital-part-of-the-IFG,1540.8,2141.0,0.72268
5,93,Right-PCgG--posterior-cingulate-gyrus,5336.6,7454.0,0.72268
5,94,Left-PCgG--posterior-cingulate-gyrus,4848.4,6707.0,0.72268
5,95,Right-PCu---precuneus,12956.2,17894.0,0.72268
5,96,Left-PCu---precuneus,11546.0,16134.0,0.72268
5,97,Right-PHG---parahippocampal-gyrus,3017.6,4116.0,0.72268
5,98,Left-PHG---parahippocampal-gyrus,3485.9,4802.0,0.72268
5,99,Right-PIns--posterior-insula,3025.2,4168.0,0.72268
5,100,Left-PIns--posterior-insula,2693.5,3699.0,0.72268
5,101,Right-PO----parietal-operculum,2907.8,4006.0,0.72268
5,102,Left-PO----parietal-operculum,3027.2,4179.0,0.72268
5,103,Right-PoG---postcentral-gyrus,11348.4,15681.0,0.72268
5,104,Left-PoG---postcentral-gyrus,14601.2,20211.0,0.72268
5,105,Right-POrG--posterior-orbital-gyrus,3421.9,4713.0,0.72268
5,106,Left-POrG--posterior-orbital-gyrus,3401.1,4700.0,0.72268
5,107,Right-PP----planum-polare,2369.3,3293.0,0.72268
5,108,Left-PP----planum-polare,2671.6,3728.0,0.72268
5,109,Right-PrG---precentral-gyrus,12484.3,17312.0,0.72268
5,110,Left-PrG---precentral-gyrus,13003.5,17906.0,0.72268
5,111,Right-PT----planum-temporale,2283.5,3145.0,0.72268
5,112,Left-PT----planum-temporale,2168.2,3003.0,0.72268
5,113,Right-SCA---subcallosal-area,904.3,1241.0,0.72268
5,114,Left-SCA---subcallosal-area,1044.0,1417.0,0.72268
5,115,Right-SFG---superior-frontal-gyrus,15742.7,21789.0,0.72268
5,116,Left-SFG---superior-frontal-gyrus,17495.8,24262.0,0.72268
5,117,Right-SMC---supplementary-motor-cortex,6396.3,8843.0,0.72268
5,118,Left-SMC---supplementary-motor-cortex,6206.8,8568.0,0.72268
5,119,Right-SMG---supramarginal-gyrus,9013.6,12491.0,0.72268
5,120,Left-SMG---supramarginal-gyrus,10340.0,14340.0,0.72268
5,121,Right-SOG---superior-occipital-gyrus,6006.2,8303.0,0.72268
5,122,Left-SOG---superior-occipital-gyrus,4053.9,5562.0,0.72268
5,123,Right-SPL---superior-parietal-lobule,13872.7,19239.0,0.72268
5,124,Left-SPL---superior-parietal-lobule,11755.3,16343.0,0.72268
5,125,Right-STG---superior-temporal-gyrus,7860.4,10943.0,0.72268
5,126,Left-STG---superior-temporal-gyrus,8490.8,11698.0,0.72268
5,127,Right-TMP---temporal-pole,9376.3,12943.0,0.72268
5,128,Left-TMP---temporal-pole,8819.0,12175.0,0.72268
5,129,Right-TrIFG-triangular-part-of-the-IFG,3767.4,5175.0,0.72268
5,130,Left-TrIFG-triangular-part-of-the-IFG,4562.4,6329.0,0.72268
5,131,Right-TTG---transverse-temporal-gyrus,1575.8,2169.0,0.72268
5,132,Left-TTG---transverse-temporal-gyrus,2043.2,2821.0,0.72268
6,1,3rd-Ventricle,1794.3,2493.0,0.72326
6,2,4th-Ventricle,1836.4,2522.0,0.72326
6,3,Right-Accumbens-Area,664.5,930.0,0.72326
6,4,Left-Accumbens-Area,687.3,945.0,0.72326
6,5,Right-Amygdala,1203.5,1678.0,0.72326
6,6,Left-Amygdala,1170.5,1721.0,0.72326
6,7,Brain-Stem,17505.4,24213.0,0.72326
6,8,Right-Caudate,3383.8,4771.0,0.72326
6,9,Left-Caudate,3349.3,4612.0,0.72326
6,10,Right-Cerebellum-Exterior,55779.3,97722.0,0.72326
6,11,Left-Cerebellum-Exterior,60800.9,107606.0,0.72326
6,12,Right-Cerebellum-White-Matter,15062.4,20838.0,0.72326
6,13,Left-Cerebellum-White-Matter,15650.7,21650.0,0.72326
6,14,Right-Cerebral-White-Matter,218846.2,302896.0,0.72326
6,15,Left-Cerebral-White-Matter,218404.8,301790.0,0.72326
6,16,Right-Hippocampus,4017.3,5553.0,0.72326
6,17,Left-Hippocampus,3647.5,5053.0,0.72326
6,18,Right-Inf-Lat-Vent,895.1,1218.0,0.72326
6,19,Left-Inf-Lat-Vent,756.9,1048.0,0.72326
6,20,Right-Lateral-Ventricle,5374.2,7342.0,0.72326
6,21,Left-Lateral-Ventricle,8177.9,11331.0,0.72326
6,22,Right-Pallidum,1713.0,2375.0,0.72326
6,23,Left-Pallidum,1755.2,2440.0,0.72326
6,24,Right-Putamen,4814.4,6677.0,0.72326
6,25,Left-Putamen,4840.3,6714.0,0.72326
6,26,Right-Thalamus-Proper,8616.3,11914.0,0.72326
6,27,Left-Thalamus-Proper,8458.3,11761.0,0.72326
6,28,Right-Ventral-DC,5153.2,7166.0,0.72326
6,29,Left-Ventral-DC,5425.0,7491.0,0.72326
6,30,Cerebellar-Vermal-Lobules-I-V,5281.2,7327.0,0.72326
6,31,Cerebellar-Vermal-Lobules-VI-VII,2888.0,4134.0,0.72326
6,32,Cerebellar-Vermal-Lobules-VIII-X,3078.0,4282.0,0.72326
6,33,Left-Basal-Forebrain,638.1,882.0,0.72326
6,34,Right-Basal-Forebrain,581.2,810.0,0.72326
6,35,Right-ACgG--anterior-cingulate-gyrus,5503.8,7651.0,0.72326
6,36,Left-ACgG--anterior-cingulate-gyrus,5798.9,8035.0,0.72326
6,37,Right-AIns--anterior-insula,3749.6,5153.0,0.72326
6,38,Left-AIns--anterior-insula,3856.3,5323.0,0.72326
6,39,Right-AOrG--anterior-orbital-gyrus,2679.7,3688.0,0.72326
6,40,Left-AOrG--anterior-orbital-gyrus,2332.8,3181.0,0.72326
6,41,Right-AnG---angular-gyrus,12298.9,17025.0,0.72326
6,42,Left-AnG---angular-gyrus,11223.9,15505.0,0.72326
6,43,Right-Calc--calcarine-cortex,4793.6,6594.0,0.72326
6,44,Left-Calc--calcarine-cortex,4953.1,6868.0,0.72326
6,45,Right-CO----central-operculum,4539.0,6264.0,0.72326
6,46,Left-CO----central-operculum,4442.0,6115.0,0.72326
6,47,Right-Cun---cuneus,6077.3,8494.0,0.72326
6,48,Left-Cun---cuneus,5563.7,7662.0,0.72326
6,49,Right-Ent---entorhinal-area,2267.2,3141.0,0.72326
6,50,Left-Ent---entorhinal-area,2482.1,3432.0,0.72326
6,51,Right-FO----frontal-operculum,1755.7,2430.0,0.72326
6,52,Left-FO----frontal-operculum,2255.0,3115.0,0.72326
6,53,Right-FRP---frontal-pole,2883.5,4005.0,0.72326
6,54,Left-FRP---frontal-pole,3519.5,4944.0,0.72326
6,55,Right-FuG---fusiform-gyrus ,7853.8,10722.0,0.72326
6,56,Left-FuG---fusiform-gyrus,8682.4,11974.0,0.72326
6,57,Right-GRe---gyrus-rectus,2510.6,3475.0,0.72326
6,58,Left-GRe---gyrus-rectus,2056.9,2846.0,0.72326
6,59,Right-IOG---inferior-occipital-gyrus,5648.5,7789.0,0.72326
6,60,Left-IOG---inferior-occipital-gyrus,6407.0,8862.0,0.72326
6,61,Right-ITG---inferior-temporal-gyrus,14182.1,19656.0,0.72326
6,62,Left-ITG---inferior-temporal-gyrus,13629.8,18767.0,0.72326
6,63,Right-LiG---lingual-gyrus,10341.5,14368.0,0.72326
6,64,Left-LiG---lingual-gyrus,10009.8,13828.0,0.72326
6,65,Right-LOrG--lateral-orbital-gyrus,2474.0,3421.0,0.72326
6,66,Left-LOrG--lateral-orbital-gyrus,2632.5,3674.0,0.72326
6,67,Right-MCgG--middle-cingulate-gyrus,5142.6,7371.0,0.72326
6,68,Left-MCgG--middle-cingulate-gyrus,4695.0,7050.0,0.72326
6,69,Right-MFC---medial-frontal-cortex,2353.1,3286.0,0.72326
6,70,Left-MFC---medial-frontal-cortex,2720.4,3781.0,0.72326
6,71,Right-MFG---middle-frontal-gyrus,23292.2,32190.0,0.72326
6,72,Left-MFG---middle-frontal-gyrus,22313.7,30899.0,0.72326
6,73,Right-MOG---middle-occipital-gyrus,5116.7,7053.0,0.72326
6,74,Left-MOG---middle-occipital-gyrus,5949.8,8231.0,0.72326
6,75,Right-MOrG--medial-orbital-gyrus,3995.0,5469.0,0.72326
6,76,Left-MOrG--medial-orbital-gyrus,4726.5,6560.0,0.72326
6,77,Right-MPoG--postcentral-gyrus,1600.2,2184.0,0.72326
6,78,Left-MPoG--postcentral-gyrus,1817.7,2479.0,0.72326
6,79,Right-MPrG--precentral-gyrus,2836.7,3930.0,0.72326
6,80,Left-MPrG--precentral-gyrus,3919.8,5391.0,0.72326
6,81,Right-MSFG--superior-frontal-gyrus,8025.0,11107.0,0.72326
6,82,Left-MSFG--superior-frontal-gyrus,7427.1,10272.0,0.72326
6,83,Right-MTG---middle-temporal-gyrus,15914.9,22824.0,0.72326
6,84,Left-MTG---middle-temporal-gyrus,15843.7,21941.0,0.72326
6,85,Right-OCP---occipital-pole,3576.9,4915.0,0.72326
6,86,Left-OCP---occipital-pole,4481.6,6223.0,0.72326
6,87,Right-OFuG--occipital-fusiform-gyrus,5742.0,7919.0,0.72326
6,88,Left-OFuG--occipital-fusiform-gyrus,5103.4,7035.0,0.72326
6,89,Right-OpIFG-opercular-part-of-the-IFG,4493.8,6217.0,0.72326
6,90,Left-OpIFG-opercular-part-of-the-IFG,3730.3,5179.0,0.72326
6,91,Right-OrIFG-orbital-part-of-the-IFG,1603.8,2199.0,0.72326
6,92,Left-OrIFG-orbital-part-of-the-IFG,1544.3,2131.0,0.72326
6,93,Right-PCgG--posterior-cingulate-gyrus,5366.1,7365.0,0.72326
6,94,Left-PCgG--posterior-cingulate-gyrus,4796.1,6665.0,0.72326
6,95,Right-PCu---precuneus,13068.5,17930.0,0.72326
6,96,Left-PCu---precuneus,11544.0,16084.0,0.72326
6,97,Right-PHG---parahippocampal-gyrus,2926.6,4074.0,0.72326
6,98,Left-PHG---parahippocampal-gyrus,3438.7,4764.0,0.72326
6,99,Right-PIns--posterior-insula,2931.2,4060.0,0.72326
6,100,Left-PIns--posterior-insula,2633.0,3654.0,0.72326
6,101,Right-PO----parietal-operculum,2851.4,3953.0,0.72326
6,102,Left-PO----parietal-operculum,2985.1,4123.0,0.72326
6,103,Right-PoG---postcentral-gyrus,11405.3,15686.0,0.72326
6,104,Left-PoG---postcentral-gyrus,14372.0,19827.0,0.72326
6,105,Right-POrG--posterior-orbital-gyrus,3314.8,4621.0,0.72326
6,106,Left-POrG--posterior-orbital-gyrus,3412.8,4721.0,0.72326
6,107,Right-PP----planum-polare,2364.8,3272.0,0.72326
6,108,Left-PP----planum-polare,2634.0,3636.0,0.72326
6,109,Right-PrG---precentral-gyrus,12629.1,17405.0,0.72326
6,110,Left-PrG---precentral-gyrus,13145.7,18106.0,0.72326
6,111,Right-PT----planum-temporale,2270.3,3098.0,0.72326
6,112,Left-PT----planum-temporale,2129.6,2952.0,0.72326
6,113,Right-SCA---subcallosal-area,858.5,1200.0,0.72326
6,114,Left-SCA---subcallosal-area,1008.9,1383.0,0.72326
6,115,Right-SFG---superior-frontal-gyrus,15916.9,21988.0,0.72326
6,116,Left-SFG---superior-frontal-gyrus,17619.7,24356.0,0.72326
6,117,Right-SMC---supplementary-motor-cortex,6490.3,8920.0,0.72326
6,118,Left-SMC---supplementary-motor-cortex,6120.0,8512.0,0.72326
6,119,Right-SMG---supramarginal-gyrus,8919.1,12316.0,0.72326
6,120,Left-SMG---supramarginal-gyrus,10519.3,14527.0,0.72326
6,121,Right-SOG---superior-occipital-gyrus,5969.1,8253.0,0.72326
6,122,Left-SOG---superior-occipital-gyrus,4018.8,5543.0,0.72326
6,123,Right-SPL---superior-parietal-lobule,13624.8,18774.0,0.72326
6,124,Left-SPL---superior-parietal-lobule,11570.9,15989.0,0.72326
6,125,Right-STG---superior-temporal-gyrus,7815.2,10845.0,0.72326
6,126,Left-STG---superior-temporal-gyrus,8517.3,11729.0,0.72326
6,127,Right-TMP---temporal-pole,9436.8,13106.0,0.72326
6,128,Left-TMP---temporal-pole,8775.8,12130.0,0.72326
6,129,Right-TrIFG-triangular-part-of-the-IFG,3758.2,5150.0,0.72326
6,130,Left-TrIFG-triangular-part-of-the-IFG,4536.5,6240.0,0.72326
6,131,Right-TTG---transverse-temporal-gyrus,1573.3,2164.0,0.72326
6,132,Left-TTG---transverse-temporal-gyrus,2065.6,2872.0,0.72326
7,1,3rd-Ventricle,1696.7,2513.0,0.72291
7,2,4th-Ventricle,1855.8,2558.0,0.72291
7,3,Right-Accumbens-Area,617.2,859.0,0.72291
7,4,Left-Accumbens-Area,638.1,902.0,0.72291
7,5,Right-Amygdala,1236.0,1703.0,0.72291
7,6,Left-Amygdala,1162.8,1620.0,0.72291
7,7,Brain-Stem,17482.6,24165.0,0.72291
7,8,Right-Caudate,3511.9,4849.0,0.72291
7,9,Left-Caudate,3374.2,4697.0,0.72291
7,10,Right-Cerebellum-Exterior,56910.6,78563.0,0.72291
7,11,Left-Cerebellum-Exterior,60119.2,83388.0,0.72291
7,12,Right-Cerebellum-White-Matter,14864.8,20600.0,0.72291
7,13,Left-Cerebellum-White-Matter,15552.2,21546.0,0.72291
7,14,Right-Cerebral-White-Matter,214026.7,296338.0,0.72291
7,15,Left-Cerebral-White-Matter,212647.5,294352.0,0.72291
7,16,Right-Hippocampus,4016.3,5583.0,0.72291
7,17,Left-Hippocampus,3723.7,5118.0,0.72291
7,18,Right-Inf-Lat-Vent,869.7,1222.0,0.72291
7,19,Left-Inf-Lat-Vent,734.6,1053.0,0.72291
7,20,Right-Lateral-Ventricle,5108.5,7107.0,0.72291
7,21,Left-Lateral-Ventricle,7938.1,10973.0,0.72291
7,22,Right-Pallidum,1756.7,2404.0,0.72291
7,23,Left-Pallidum,1790.2,2459.0,0.72291
7,24,Right-Putamen,4904.8,6729.0,0.72291
7,25,Left-Putamen,4879.4,6745.0,0.72291
7,26,Right-Thalamus-Proper,8768.2,12099.0,0.72291
7,27,Left-Thalamus-Proper,8599.0,11893.0,0.72291
7,28,Right-Ventral-DC,5232.0,7195.0,0.72291
7,29,Left-Ventral-DC,5418.9,7440.0,0.72291
7,30,Cerebellar-Vermal-Lobules-I-V,5436.7,7468.0,0.72291
7,31,Cerebellar-Vermal-Lobules-VI-VII,2867.2,4009.0,0.72291
7,32,Cerebellar-Vermal-Lobules-VIII-X,3092.2,4259.0,0.72291
7,33,Left-Basal-Forebrain,658.4,917.0,0.72291
7,34,Right-Basal-Forebrain,642.1,883.0,0.72291
7,35,Right-ACgG--anterior-cingulate-gyrus,5509.3,7756.0,0.72291
7,36,Left-ACgG--anterior-cingulate-gyrus,5799.9,7971.0,0.72291
7,37,Right-AIns--anterior-insula,3773.0,5201.0,0.72291
7,38,Left-AIns--anterior-insula,3914.2,5396.0,0.72291
7,39,Right-AOrG--anterior-orbital-gyrus,2705.1,3695.0,0.72291
7,40,Left-AOrG--anterior-orbital-gyrus,2260.6,3167.0,0.72291
7,41,Right-AnG---angular-gyrus,12262.8,16932.0,0.72291
7,42,Left-AnG---angular-gyrus,11556.7,15951.0,0.72291
7,43,Right-Calc--calcarine-cortex,4941.4,6867.0,0.72291
7,44,Left-Calc--calcarine-cortex,5107.0,7096.0,0.72291
7,45,Right-CO----central-operculum,4565.5,6315.0,0.72291
7,46,Left-CO----central-operculum,4435.4,6126.0,0.72291
7,47,Right-Cun---cuneus,6259.7,8797.0,0.72291
7,48,Left-Cun---cuneus,5542.9,7638.0,0.72291
7,49,Right-Ent---entorhinal-area,2354.1,3246.0,0.72291
7,50,Left-Ent---entorhinal-area,2476.5,3420.0,0.72291
7,51,Right-FO----frontal-operculum,1793.3,2477.0,0.72291
7,52,Left-FO----frontal-operculum,2323.1,3214.0,0.72291
7,53,Right-FRP---frontal-pole,3239.6,4468.0,0.72291
7,54,Left-FRP---frontal-pole,3709.0,5100.0,0.72291
7,55,Right-FuG---fusiform-gyrus ,7814.7,10871.0,0.72291
7,56,Left-FuG---fusiform-gyrus,8779.4,12122.0,0.72291
7,57,Right-GRe---gyrus-rectus,2498.9,3488.0,0.72291
7,58,Left-GRe---gyrus-rectus,2043.2,2790.0,0.72291
7,59,Right-IOG---inferior-occipital-gyrus,5807.5,8003.0,0.72291
7,60,Left-IOG---inferior-occipital-gyrus,6665.1,9215.0,0.72291
7,61,Right-ITG---inferior-temporal-gyrus,14500.6,19973.0,0.72291
7,62,Left-ITG---inferior-temporal-gyrus,13651.2,18830.0,0.72291
7,63,Right-LiG---lingual-gyrus,10432.4,14442.0,0.72291
7,64,Left-LiG---lingual-gyrus,10014.4,13902.0,0.72291
7,65,Right-LOrG--lateral-orbital-gyrus,2598.0,3554.0,0.72291
7,66,Left-LOrG--lateral-orbital-gyrus,2777.8,3838.0,0.72291
7,67,Right-MCgG--middle-cingulate-gyrus,5184.2,7076.0,0.72291
7,68,Left-MCgG--middle-cingulate-gyrus,4804.7,6724.0,0.72291
7,69,Right-MFC---medial-frontal-cortex,2417.1,3318.0,0.72291
7,70,Left-MFC---medial-frontal-cortex,2737.1,3804.0,0.72291
7,71,Right-MFG---middle-frontal-gyrus,23307.9,32168.0,0.72291
7,72,Left-MFG---middle-frontal-gyrus,22448.9,31113.0,0.72291
7,73,Right-MOG---middle-occipital-gyrus,5161.9,7051.0,0.72291
7,74,Left-MOG---middle-occipital-gyrus,5999.1,8393.0,0.72291
7,75,Right-MOrG--medial-orbital-gyrus,4019.9,5573.0,0.72291
7,76,Left-MOrG--medial-orbital-gyrus,4771.7,6625.0,0.72291
7,77,Right-MPoG--postcentral-gyrus,1589.6,2175.0,0.72291
7,78,Left-MPoG--postcentral-gyrus,1750.1,2399.0,0.72291
7,79,Right-MPrG--precentral-gyrus,2862.6,3904.0,0.72291
7,80,Left-MPrG--precentral-gyrus,3797.9,5194.0,0.72291
7,81,Right-MSFG--superior-frontal-gyrus,8287.1,11477.0,0.72291
7,82,Left-MSFG--superior-frontal-gyrus,7603.9,10351.0,0.72291
7,83,Right-MTG---middle-temporal-gyrus,16273.5,22474.0,0.72291
7,84,Left-MTG---middle-temporal-gyrus,15787.9,21907.0,0.72291
7,85,Right-OCP---occipital-pole,3813.6,5223.0,0.72291
7,86,Left-OCP---occipital-pole,5044.0,6964.0,0.72291
7,87,Right-OFuG--occipital-fusiform-gyrus,5700.4,7876.0,0.72291
7,88,Left-OFuG--occipital-fusiform-gyrus,5066.9,6987.0,0.72291
7,89,Right-OpIFG-opercular-part-of-the-IFG,4533.0,6244.0,0.72291
7,90,Left-OpIFG-opercular-part-of-the-IFG,3693.2,5140.0,0.72291
7,91,Right-OrIFG-orbital-part-of-the-IFG,1651.0,2273.0,0.72291
7,92,Left-OrIFG-orbital-part-of-the-IFG,1522.5,2091.0,0.72291
7,93,Right-PCgG--posterior-cingulate-gyrus,5349.3,7446.0,0.72291
7,94,Left-PCgG--posterior-cingulate-gyrus,4869.3,6616.0,0.72291
7,95,Right-PCu---precuneus,12522.9,17457.0,0.72291
7,96,Left-PCu---precuneus,11581.1,15780.0,0.72291
7,97,Right-PHG---parahippocampal-gyrus,3030.3,4154.0,0.72291
7,98,Left-PHG---parahippocampal-gyrus,3509.3,4847.0,0.72291
7,99,Right-PIns--posterior-insula,3034.3,4186.0,0.72291
7,100,Left-PIns--posterior-insula,2778.8,3779.0,0.72291
7,101,Right-PO----parietal-operculum,2810.3,3891.0,0.72291
7,102,Left-PO----parietal-operculum,2985.1,4115.0,0.72291
7,103,Right-PoG---postcentral-gyrus,11451.5,15948.0,0.72291
7,104,Left-PoG---postcentral-gyrus,14405.6,19865.0,0.72291
7,105,Right-POrG--posterior-orbital-gyrus,3406.2,4723.0,0.72291
7,106,Left-POrG--posterior-orbital-gyrus,3445.3,4696.0,0.72291
7,107,Right-PP----planum-polare,2361.7,3272.0,0.72291
7,108,Left-PP----planum-polare,2725.0,3785.0,0.72291
7,109,Right-PrG---precentral-gyrus,12537.6,17277.0,0.72291
7,110,Left-PrG---precentral-gyrus,12952.7,17913.0,0.72291
7,111,Right-PT----planum-temporale,2279.9,3152.0,0.72291
7,112,Left-PT----planum-temporale,2065.1,2840.0,0.72291
7,113,Right-SCA---subcallosal-area,872.8,1190.0,0.72291
7,114,Left-SCA---subcallosal-area,1048.5,1469.0,0.72291
7,115,Right-SFG---superior-frontal-gyrus,15978.9,22128.0,0.72291
7,116,Left-SFG---superior-frontal-gyrus,17403.8,24126.0,0.72291
7,117,Right-SMC---supplementary-motor-cortex,6343.0,8719.0,0.72291
7,118,Left-SMC---supplementary-motor-cortex,6180.9,8525.0,0.72291
7,119,Right-SMG---supramarginal-gyrus,9127.9,12670.0,0.72291
7,120,Left-SMG---supramarginal-gyrus,10797.7,14912.0,0.72291
7,121,Right-SOG---superior-occipital-gyrus,6102.2,8493.0,0.72291
7,122,Left-SOG---superior-occipital-gyrus,4174.3,5772.0,0.72291
7,123,Right-SPL---superior-parietal-lobule,14297.4,19731.0,0.72291
7,124,Left-SPL---superior-parietal-lobule,12275.5,17025.0,0.72291
7,125,Right-STG---superior-temporal-gyrus,7911.2,11001.0,0.72291
7,126,Left-STG---superior-temporal-gyrus,8748.4,12139.0,0.72291
7,127,Right-TMP---temporal-pole,9516.5,13137.0,0.72291
7,128,Left-TMP---temporal-pole,8795.6,12137.0,0.72291
7,129,Right-TrIFG-triangular-part-of-the-IFG,3741.0,5167.0,0.72291
7,130,Left-TrIFG-triangular-part-of-the-IFG,4683.8,6433.0,0.72291
7,131,Right-TTG---transverse-temporal-gyrus,1544.9,2129.0,0.72291
7,132,Left-TTG---transverse-temporal-gyrus,2080.3,2882.0,0.72291
8,1,3rd-Ventricle,1746.0,2464.0,0.72369
8,2,4th-Ventricle,1765.3,2470.0,0.72369
8,3,Right-Accumbens-Area,627.4,873.0,0.72369
8,4,Left-Accumbens-Area,666.5,914.0,0.72369
8,5,Right-Amygdala,1251.7,1740.0,0.72369
8,6,Left-Amygdala,1141.5,1596.0,0.72369
8,7,Brain-Stem,17505.9,24128.0,0.72369
8,8,Right-Caudate,3469.2,4798.0,0.72369
8,9,Left-Caudate,3403.7,4677.0,0.72369
8,10,Right-Cerebellum-Exterior,56070.3,104219.0,0.72369
8,11,Left-Cerebellum-Exterior,60048.6,97496.0,0.72369
8,12,Right-Cerebellum-White-Matter,14899.4,20568.0,0.72369
8,13,Left-Cerebellum-White-Matter,15433.8,21320.0,0.72369
8,14,Right-Cerebral-White-Matter,219264.3,303213.0,0.72369
8,15,Left-Cerebral-White-Matter,218736.5,302134.0,0.72369
8,16,Right-Hippocampus,4095.1,5660.0,0.72369
8,17,Left-Hippocampus,3677.5,5056.0,0.72369
8,18,Right-Inf-Lat-Vent,839.7,1168.0,0.72369
8,19,Left-Inf-Lat-Vent,728.0,1025.0,0.72369
8,20,Right-Lateral-Ventricle,5180.7,7147.0,0.72369
8,21,Left-Lateral-Ventricle,7996.6,11085.0,0.72369
8,22,Right-Pallidum,1714.5,2376.0,0.72369
8,23,Left-Pallidum,1763.8,2444.0,0.72369
8,24,Right-Putamen,4887.5,6745.0,0.72369
8,25,Left-Putamen,4833.7,6753.0,0.72369
8,26,Right-Thalamus-Proper,8703.2,11996.0,0.72369
8,27,Left-Thalamus-Proper,8505.6,11774.0,0.72369
8,28,Right-Ventral-DC,5210.1,7216.0,0.72369
8,29,Left-Ventral-DC,5430.1,7513.0,0.72369
8,30,Cerebellar-Vermal-Lobules-I-V,5375.2,7408.0,0.72369
8,31,Cerebellar-Vermal-Lobules-VI-VII,2974.9,4221.0,0.72369
8,32,Cerebellar-Vermal-Lobules-VIII-X,3051.6,4205.0,0.72369
8,33,Left-Basal-Forebrain,637.5,878.0,0.72369
8,34,Right-Basal-Forebrain,580.7,820.0,0.72369
8,35,Right-ACgG--anterior-cingulate-gyrus,5566.7,7673.0,0.72369
8,36,Left-ACgG--anterior-cingulate-gyrus,5808.1,8031.0,0.72369
8,37,Right-AIns--anterior-insula,3761.8,5200.0,0.72369
8,38,Left-AIns--anterior-insula,3837.5,5314.0,0.72369
8,39,Right-AOrG--anterior-orbital-gyrus,2664.5,3650.0,0.72369
8,40,Left-AOrG--anterior-orbital-gyrus,2311.4,3140.0,0.72369
8,41,Right-AnG---angular-gyrus,12278.5,16969.0,0.72369
8,42,Left-AnG---angular-gyrus,11329.1,15679.0,0.72369
8,43,Right-Calc--calcarine-cortex,4890.6,6756.0,0.72369
8,44,Left-Calc--calcarine-cortex,4989.7,6862.0,0.72369
8,45,Right-CO----central-operculum,4612.2,6349.0,0.72369
8,46,Left-CO----central-operculum,4467.9,6160.0,0.72369
8,47,Right-Cun---cuneus,6319.6,8711.0,0.72369
8,48,Left-Cun---cuneus,5565.2,7709.0,0.72369
8,49,Right-Ent---entorhinal-area,2266.2,3158.0,0.72369
8,50,Left-Ent---entorhinal-area,2424.2,3351.0,0.72369
8,51,Right-FO----frontal-operculum,1798.3,2471.0,0.72369
8,52,Left-FO----frontal-operculum,2318.0,3202.0,0.72369
8,53,Right-FRP---frontal-pole,3024.7,4187.0,0.72369
8,54,Left-FRP---frontal-pole,3558.1,4947.0,0.72369
8,55,Right-FuG---fusiform-gyrus ,7817.2,10747.0,0.72369
8,56,Left-FuG---fusiform-gyrus,8655.4,11872.0,0.72369
8,57,Right-GRe---gyrus-rectus,2571.0,3518.0,0.72369
8,58,Left-GRe---gyrus-rectus,2070.6,2854.0,0.72369
8,59,Right-IOG---inferior-occipital-gyrus,5592.7,7734.0,0.72369
8,60,Left-IOG---inferior-occipital-gyrus,6363.8,8810.0,0.72369
8,61,Right-ITG---inferior-temporal-gyrus,14441.1,19981.0,0.72369
8,62,Left-ITG---inferior-temporal-gyrus,13470.3,18638.0,0.72369
8,63,Right-LiG---lingual-gyrus,10402.5,14390.0,0.72369
8,64,Left-LiG---lingual-gyrus,9994.0,13819.0,0.72369
8,65,Right-LOrG--lateral-orbital-gyrus,2606.6,3554.0,0.72369
8,66,Left-LOrG--lateral-orbital-gyrus,2647.7,3735.0,0.72369
8,67,Right-MCgG--middle-cingulate-gyrus,5251.3,7752.0,0.72369
8,68,Left-MCgG--middle-cingulate-gyrus,4671.1,7120.0,0.72369
8,69,Right-MFC---medial-frontal-cortex,2382.6,3342.0,0.72369
8,70,Left-MFC---medial-frontal-cortex,2879.4,3959.0,0.72369
8,71,Right-MFG---middle-frontal-gyrus,23088.4,31869.0,0.72369
8,72,Left-MFG---middle-frontal-gyrus,22363.0,30855.0,0.72369
8,73,Right-MOG---middle-occipital-gyrus,5142.1,7107.0,0.72369
8,74,Left-MOG---middle-occipital-gyrus,5959.4,8250.0,0.72369
8,75,Right-MOrG--medial-orbital-gyrus,3935.5,5537.0,0.72369
8,76,Left-MOrG--medial-orbital-gyrus,4787.0,6666.0,0.72369
8,77,Right-MPoG--postcentral-gyrus,1537.7,2146.0,0.72369
8,78,Left-MPoG--postcentral-gyrus,1717.6,2405.0,0.72369
8,79,Right-MPrG--precentral-gyrus,2831.6,3926.0,0.72369
8,80,Left-MPrG--precentral-gyrus,3844.6,5286.0,0.72369
8,81,Right-MSFG--superior-frontal-gyrus,8139.8,11200.0,0.72369
8,82,Left-MSFG--superior-frontal-gyrus,7448.9,10377.0,0.72369
8,83,Right-MTG---middle-temporal-gyrus,16042.4,23272.0,0.72369
8,84,Left-MTG---middle-temporal-gyrus,15889.0,21924.0,0.72369
8,85,Right-OCP---occipital-pole,3407.7,4697.0,0.72369
8,86,Left-OCP---occipital-pole,4538.5,6223.0,0.72369
8,87,Right-OFuG--occipital-fusiform-gyrus,5766.9,7974.0,0.72369
8,88,Left-OFuG--occipital-fusiform-gyrus,5093.3,7037.0,0.72369
8,89,Right-OpIFG-opercular-part-of-the-IFG,4495.4,6191.0,0.72369
8,90,Left-OpIFG-opercular-part-of-the-IFG,3710.0,5107.0,0.72369
8,91,Right-OrIFG-orbital-part-of-the-IFG,1714.5,2375.0,0.72369
8,92,Left-OrIFG-orbital-part-of-the-IFG,1542.8,2130.0,0.72369
8,93,Right-PCgG--posterior-cingulate-gyrus,5360.5,7441.0,0.72369
8,94,Left-PCgG--posterior-cingulate-gyrus,4767.1,6642.0,0.72369
8,95,Right-PCu---precuneus,12964.4,17855.0,0.72369
8,96,Left-PCu---precuneus,11636.4,16193.0,0.72369
8,97,Right-PHG---parahippocampal-gyrus,2950.0,4096.0,0.72369
8,98,Left-PHG---parahippocampal-gyrus,3421.9,4746.0,0.72369
8,99,Right-PIns--posterior-insula,3039.4,4176.0,0.72369
8,100,Left-PIns--posterior-insula,2659.9,3673.0,0.72369
8,101,Right-PO----parietal-operculum,2880.9,3962.0,0.72369
8,102,Left-PO----parietal-operculum,3002.3,4153.0,0.72369
8,103,Right-PoG---postcentral-gyrus,11148.7,15416.0,0.72369
8,104,Left-PoG---postcentral-gyrus,14412.2,19920.0,0.72369
8,105,Right-POrG--posterior-orbital-gyrus,3360.5,4636.0,0.72369
8,106,Left-POrG--posterior-orbital-gyrus,3424.5,4689.0,0.72369
8,107,Right-PP----planum-polare,2360.2,3261.0,0.72369
8,108,Left-PP----planum-polare,2689.9,3756.0,0.72369
8,109,Right-PrG---precentral-gyrus,12401.5,17066.0,0.72369
8,110,Left-PrG---precentral-gyrus,12814.5,17655.0,0.72369
8,111,Right-PT----planum-temporale,2273.3,3132.0,0.72369
8,112,Left-PT----planum-temporale,2178.8,3011.0,0.72369
8,113,Right-SCA---subcallosal-area,900.2,1221.0,0.72369
8,114,Left-SCA---subcallosal-area,1013.0,1394.0,0.72369
8,115,Right-SFG---superior-frontal-gyrus,15713.7,21661.0,0.72369
8,116,Left-SFG---superior-frontal-gyrus,17376.4,24034.0,0.72369
8,117,Right-SMC---supplementary-motor-cortex,6342.5,8731.0,0.72369
8,118,Left-SMC---supplementary-motor-cortex,6140.3,8393.0,0.72369
8,119,Right-SMG---supramarginal-gyrus,8981.1,12441.0,0.72369
8,120,Left-SMG---supramarginal-gyrus,10460.4,14430.0,0.72369
8,121,Right-SOG---superior-occipital-gyrus,6029.5,8333.0,0.72369
8,122,Left-SOG---superior-occipital-gyrus,3989.4,5502.0,0.72369
8,123,Right-SPL---superior-parietal-lobule,13911.8,19262.0,0.72369
8,124,Left-SPL---superior-parietal-lobule,11942.8,16442.0,0.72369
8,125,Right-STG---superior-temporal-gyrus,7922.4,10939.0,0.72369
8,126,Left-STG---superior-temporal-gyrus,8519.3,11752.0,0.72369
8,127,Right-TMP---temporal-pole,9294.5,12888.0,0.72369
8,128,Left-TMP---temporal-pole,8723.0,12082.0,0.72369
8,129,Right-TrIFG-triangular-part-of-the-IFG,3743.5,5198.0,0.72369
8,130,Left-TrIFG-triangular-part-of-the-IFG,4577.2,6347.0,0.72369
8,131,Right-TTG---transverse-temporal-gyrus,1579.9,2171.0,0.72369
8,132,Left-TTG---transverse-temporal-gyrus,2103.2,2895.0,0.72369
9,1,3rd-Ventricle,1708.4,2419.0,0.72121
9,2,4th-Ventricle,1802.4,2505.0,0.72121
9,3,Right-Accumbens-Area,776.2,1100.0,0.72121
9,4,Left-Accumbens-Area,647.7,897.0,0.72121
9,5,Right-Amygdala,1261.9,1758.0,0.72121
9,6,Left-Amygdala,1124.7,1578.0,0.72121
9,7,Brain-Stem,17493.8,24250.0,0.72121
9,8,Right-Caudate,3522.0,4875.0,0.72121
9,9,Left-Caudate,3431.1,4748.0,0.72121
9,10,Right-Cerebellum-Exterior,57230.6,79141.0,0.72121
9,11,Left-Cerebellum-Exterior,59443.5,82797.0,0.72121
9,12,Right-Cerebellum-White-Matter,14888.7,20703.0,0.72121
9,13,Left-Cerebellum-White-Matter,15327.1,21269.0,0.72121
9,14,Right-Cerebral-White-Matter,216662.3,300818.0,0.72121
9,15,Left-Cerebral-White-Matter,215049.4,298236.0,0.72121
9,16,Right-Hippocampus,4080.8,5631.0,0.72121
9,17,Left-Hippocampus,3683.1,5133.0,0.72121
9,18,Right-Inf-Lat-Vent,833.1,1181.0,0.72121
9,19,Left-Inf-Lat-Vent,756.9,1005.0,0.72121
9,20,Right-Lateral-Ventricle,5038.9,7045.0,0.72121
9,21,Left-Lateral-Ventricle,7815.7,10809.0,0.72121
9,22,Right-Pallidum,1750.6,2419.0,0.72121
9,23,Left-Pallidum,1763.3,2431.0,0.72121
9,24,Right-Putamen,4940.9,6784.0,0.72121
9,25,Left-Putamen,4896.7,6760.0,0.72121
9,26,Right-Thalamus-Proper,8704.7,12059.0,0.72121
9,27,Left-Thalamus-Proper,8578.7,11894.0,0.72121
9,28,Right-Ventral-DC,5265.0,7378.0,0.72121
9,29,Left-Ventral-DC,5457.5,7511.0,0.72121
9,30,Cerebellar-Vermal-Lobules-I-V,5320.9,7378.0,0.72121
9,31,Cerebellar-Vermal-Lobules-VI-VII,2923.6,4013.0,0.72121
9,32,Cerebellar-Vermal-Lobules-VIII-X,3083.6,4258.0,0.72121
9,33,Left-Basal-Forebrain,631.5,875.0,0.72121
9,34,Right-Basal-Forebrain,609.1,851.0,0.72121
9,35,Right-ACgG--anterior-cingulate-gyrus,5495.1,7649.0,0.72121
9,36,Left-ACgG--anterior-cingulate-gyrus,5788.2,7976.0,0.72121
9,37,Right-AIns--anterior-insula,3795.8,5249.0,0.72121
9,38,Left-AIns--anterior-insula,3912.7,5392.0,0.72121
9,39,Right-AOrG--anterior-orbital-gyrus,2781.9,3801.0,0.72121
9,40,Left-AOrG--anterior-orbital-gyrus,2254.5,3135.0,0.72121
9,41,Right-AnG---angular-gyrus,12336.5,17033.0,0.72121
9,42,Left-AnG---angular-gyrus,11419.0,15908.0,0.72121
9,43,Right-Calc--calcarine-cortex,5060.8,6986.0,0.72121
9,44,Left-Calc--calcarine-cortex,5036.4,6959.0,0.72121
9,45,Right-CO----central-operculum,4625.9,6407.0,0.72121
9,46,Left-CO----central-operculum,4408.0,6113.0,0.72121
9,47,Right-Cun---cuneus,6353.1,8755.0,0.72121
9,48,Left-Cun---cuneus,5386.9,7510.0,0.72121
9,49,Right-Ent---entorhinal-area,2265.2,3177.0,0.72121
9,50,Left-Ent---entorhinal-area,2472.0,3439.0,0.72121
9,51,Right-FO----frontal-operculum,1831.4,2516.0,0.72121
9,52,Left-FO----frontal-operculum,2284.0,3195.0,0.72121
9,53,Right-FRP---frontal-pole,3099.4,4316.0,0.72121
9,54,Left-FRP---frontal-pole,3571.3,4966.0,0.72121
9,55,Right-FuG---fusiform-gyrus ,7770.0,10800.0,0.72121
9,56,Left-FuG---fusiform-gyrus,8768.2,12201.0,0.72121
9,57,Right-GRe---gyrus-rectus,2611.7,3618.0,0.72121
9,58,Left-GRe---gyrus-rectus,2034.6,2774.0,0.72121
9,59,Right-IOG---inferior-occipital-gyrus,5626.2,7864.0,0.72121
9,60,Left-IOG---inferior-occipital-gyrus,6682.8,9233.0,0.72121
9,61,Right-ITG---inferior-temporal-gyrus,14685.0,20270.0,0.72121
9,62,Left-ITG---inferior-temporal-gyrus,13703.0,18965.0,0.72121
9,63,Right-LiG---lingual-gyrus,10455.8,14492.0,0.72121
9,64,Left-LiG---lingual-gyrus,9957.0,13826.0,0.72121
9,65,Right-LOrG--lateral-orbital-gyrus,2572.0,3586.0,0.72121
9,66,Left-LOrG--lateral-orbital-gyrus,2763.6,3832.0,0.72121
9,67,Right-MCgG--middle-cingulate-gyrus,5219.8,7191.0,0.72121
9,68,Left-MCgG--middle-cingulate-gyrus,5055.2,6933.0,0.72121
9,69,Right-MFC---medial-frontal-cortex,2378.5,3304.0,0.72121
9,70,Left-MFC---medial-frontal-cortex,2786.4,3853.0,0.72121
9,71,Right-MFG---middle-frontal-gyrus,23261.2,32230.0,0.72121
9,72,Left-MFG---middle-frontal-gyrus,22749.1,31397.0,0.72121
9,73,Right-MOG---middle-occipital-gyrus,5082.1,7108.0,0.72121
9,74,Left-MOG---middle-occipital-gyrus,6064.6,8413.0,0.72121
9,75,Right-MOrG--medial-orbital-gyrus,4013.8,5598.0,0.72121
9,76,Left-MOrG--medial-orbital-gyrus,4849.4,6732.0,0.72121
9,77,Right-MPoG--postcentral-gyrus,1552.5,2178.0,0.72121
9,78,Left-MPoG--postcentral-gyrus,1745.0,2429.0,0.72121
9,79,Right-MPrG--precentral-gyrus,2859.6,3929.0,0.72121
9,80,Left-MPrG--precentral-gyrus,3809.0,5286.0,0.72121
9,81,Right-MSFG--superior-frontal-gyrus,8341.5,11434.0,0.72121
9,82,Left-MSFG--superior-frontal-gyrus,7507.3,10436.0,0.72121
9,83,Right-MTG---middle-temporal-gyrus,16255.2,22520.0,0.72121
9,84,Left-MTG---middle-temporal-gyrus,16090.1,22230.0,0.72121
9,85,Right-OCP---occipital-pole,3851.2,5323.0,0.72121
9,86,Left-OCP---occipital-pole,4862.7,6752.0,0.72121
9,87,Right-OFuG--occipital-fusiform-gyrus,5637.4,7793.0,0.72121
9,88,Left-OFuG--occipital-fusiform-gyrus,5032.3,6987.0,0.72121
9,89,Right-OpIFG-opercular-part-of-the-IFG,4501.5,6270.0,0.72121
9,90,Left-OpIFG-opercular-part-of-the-IFG,3749.6,5192.0,0.72121
9,91,Right-OrIFG-orbital-part-of-the-IFG,1616.0,2240.0,0.72121
9,92,Left-OrIFG-orbital-part-of-the-IFG,1513.9,2109.0,0.72121
9,93,Right-PCgG--posterior-cingulate-gyrus,5383.4,7499.0,0.72121
9,94,Left-PCgG--posterior-cingulate-gyrus,4856.6,6670.0,0.72121
9,95,Right-PCu---precuneus,12887.7,17709.0,0.72121
9,96,Left-PCu---precuneus,11492.7,15948.0,0.72121
9,97,Right-PHG---parahippocampal-gyrus,2947.5,4088.0,0.72121
9,98,Left-PHG---parahippocampal-gyrus,3479.9,4802.0,0.72121
9,99,Right-PIns--posterior-insula,3148.6,4284.0,0.72121
9,100,Left-PIns--posterior-insula,2777.3,3876.0,0.72121
9,101,Right-PO----parietal-operculum,2856.0,3942.0,0.72121
9,102,Left-PO----parietal-operculum,2987.6,4146.0,0.72121
9,103,Right-PoG---postcentral-gyrus,11289.5,15686.0,0.72121
9,104,Left-PoG---postcentral-gyrus,14444.7,19960.0,0.72121
9,105,Right-POrG--posterior-orbital-gyrus,3386.4,4706.0,0.72121
9,106,Left-POrG--posterior-orbital-gyrus,3405.2,4658.0,0.72121
9,107,Right-PP----planum-polare,2378.0,3285.0,0.72121
9,108,Left-PP----planum-polare,2965.7,4132.0,0.72121
9,109,Right-PrG---precentral-gyrus,12407.6,17208.0,0.72121
9,110,Left-PrG---precentral-gyrus,13044.1,18010.0,0.72121
9,111,Right-PT----planum-temporale,2268.3,3141.0,0.72121
9,112,Left-PT----planum-temporale,2124.5,2957.0,0.72121
9,113,Right-SCA---subcallosal-area,873.3,1210.0,0.72121
9,114,Left-SCA---subcallosal-area,990.6,1377.0,0.72121
9,115,Right-SFG---superior-frontal-gyrus,15929.1,22196.0,0.72121
9,116,Left-SFG---superior-frontal-gyrus,17413.0,24106.0,0.72121
9,117,Right-SMC---supplementary-motor-cortex,6445.6,8895.0,0.72121
9,118,Left-SMC---supplementary-motor-cortex,6265.8,8669.0,0.72121
9,119,Right-SMG---supramarginal-gyrus,9063.4,12591.0,0.72121
9,120,Left-SMG---supramarginal-gyrus,10667.1,14839.0,0.72121
9,121,Right-SOG---superior-occipital-gyrus,6225.1,8637.0,0.72121
9,122,Left-SOG---superior-occipital-gyrus,4145.9,5814.0,0.72121
9,123,Right-SPL---superior-parietal-lobule,14102.3,19552.0,0.72121
9,124,Left-SPL---superior-parietal-lobule,12266.9,16935.0,0.72121
9,125,Right-STG---superior-temporal-gyrus,7971.7,11026.0,0.72121
9,126,Left-STG---superior-temporal-gyrus,8672.7,12117.0,0.72121
9,127,Right-TMP---temporal-pole,9545.5,13182.0,0.72121
9,128,Left-TMP---temporal-pole,8865.8,12306.0,0.72121
9,129,Right-TrIFG-triangular-part-of-the-IFG,3806.0,5249.0,0.72121
9,130,Left-TrIFG-triangular-part-of-the-IFG,4629.5,6440.0,0.72121
9,131,Right-TTG---transverse-temporal-gyrus,1586.0,2188.0,0.72121
9,132,Left-TTG---transverse-temporal-gyrus,2117.4,2928.0,0.72121
10,1,3rd-Ventricle,1731.8,2438.0,0.72185
10,2,4th-Ventricle,1807.0,2514.0,0.72185
10,3,Right-Accumbens-Area,673.1,926.0,0.72185
10,4,Left-Accumbens-Area,652.3,921.0,0.72185
10,5,Right-Amygdala,1241.6,1725.0,0.72185
10,6,Left-Amygdala,1155.7,1593.0,0.72185
10,7,Brain-Stem,17546.1,24238.0,0.72185
10,8,Right-Caudate,3519.0,4829.0,0.72185
10,9,Left-Caudate,3381.8,4685.0,0.72185
10,10,Right-Cerebellum-Exterior,56504.7,78177.0,0.72185
10,11,Left-Cerebellum-Exterior,60021.6,83629.0,0.72185
10,12,Right-Cerebellum-White-Matter,14712.9,20471.0,0.72185
10,13,Left-Cerebellum-White-Matter,15336.8,21253.0,0.72185
10,14,Right-Cerebral-White-Matter,217457.8,301469.0,0.72185
10,15,Left-Cerebral-White-Matter,214482.9,297660.0,0.72185
10,16,Right-Hippocampus,4022.4,5568.0,0.72185
10,17,Left-Hippocampus,3663.2,5094.0,0.72185
10,18,Right-Inf-Lat-Vent,876.8,1219.0,0.72185
10,19,Left-Inf-Lat-Vent,755.4,1021.0,0.72185
10,20,Right-Lateral-Ventricle,5285.8,7330.0,0.72185
10,21,Left-Lateral-Ventricle,8120.5,11248.0,0.72185
10,22,Right-Pallidum,1718.1,2408.0,0.72185
10,23,Left-Pallidum,1777.0,2449.0,0.72185
10,24,Right-Putamen,4799.1,6745.0,0.72185
10,25,Left-Putamen,4868.2,6728.0,0.72185
10,26,Right-Thalamus-Proper,8650.9,11974.0,0.72185
10,27,Left-Thalamus-Proper,8461.9,11665.0,0.72185
10,28,Right-Ventral-DC,5204.0,7265.0,0.72185
10,29,Left-Ventral-DC,5411.8,7442.0,0.72185
10,30,Cerebellar-Vermal-Lobules-I-V,5302.6,7388.0,0.72185
10,31,Cerebellar-Vermal-Lobules-VI-VII,2876.8,4022.0,0.72185
10,32,Cerebellar-Vermal-Lobules-VIII-X,3089.2,4248.0,0.72185
10,33,Left-Basal-Forebrain,609.1,833.0,0.72185
10,34,Right-Basal-Forebrain,624.3,877.0,0.72185
10,35,Right-ACgG--anterior-cingulate-gyrus,5570.8,7736.0,0.72185
10,36,Left-ACgG--anterior-cingulate-gyrus,5732.4,7910.0,0.72185
10,37,Right-AIns--anterior-insula,3751.6,5222.0,0.72185
10,38,Left-AIns--anterior-insula,3903.0,5378.0,0.72185
10,39,Right-AOrG--anterior-orbital-gyrus,2733.1,3731.0,0.72185
10,40,Left-AOrG--anterior-orbital-gyrus,2252.5,3120.0,0.72185
10,41,Right-AnG---angular-gyrus,12210.5,16843.0,0.72185
10,42,Left-AnG---angular-gyrus,11317.4,15647.0,0.72185
10,43,Right-Calc--calcarine-cortex,4853.0,6746.0,0.72185
10,44,Left-Calc--calcarine-cortex,5049.1,7041.0,0.72185
10,45,Right-CO----central-operculum,4577.2,6319.0,0.72185
10,46,Left-CO----central-operculum,4384.1,6048.0,0.72185
10,47,Right-Cun---cuneus,6091.5,8596.0,0.72185
10,48,Left-Cun---cuneus,5548.5,7546.0,0.72185
10,49,Right-Ent---entorhinal-area,2314.5,3193.0,0.72185
10,50,Left-Ent---entorhinal-area,2489.2,3423.0,0.72185
10,51,Right-FO----frontal-operculum,1814.6,2513.0,0.72185
10,52,Left-FO----frontal-operculum,2315.0,3205.0,0.72185
10,53,Right-FRP---frontal-pole,3023.7,4186.0,0.72185
10,54,Left-FRP---frontal-pole,3608.4,4985.0,0.72185
10,55,Right-FuG---fusiform-gyrus ,7802.0,10758.0,0.72185
10,56,Left-FuG---fusiform-gyrus,8815.0,12188.0,0.72185
10,57,Right-GRe---gyrus-rectus,2468.9,3427.0,0.72185
10,58,Left-GRe---gyrus-rectus,1990.4,2748.0,0.72185
10,59,Right-IOG---inferior-occipital-gyrus,5682.1,7851.0,0.72185
10,60,Left-IOG---inferior-occipital-gyrus,6560.9,9119.0,0.72185
10,61,Right-ITG---inferior-temporal-gyrus,14525.5,20117.0,0.72185
10,62,Left-ITG---inferior-temporal-gyrus,13599.9,18793.0,0.72185
10,63,Right-LiG---lingual-gyrus,10311.5,14219.0,0.72185
10,64,Left-LiG---lingual-gyrus,10061.6,13931.0,0.72185
10,65,Right-LOrG--lateral-orbital-gyrus,2554.3,3550.0,0.72185
10,66,Left-LOrG--lateral-orbital-gyrus,2736.6,3802.0,0.72185
10,67,Right-MCgG--middle-cingulate-gyrus,5166.4,7225.0,0.72185
10,68,Left-MCgG--middle-cingulate-gyrus,4862.1,6687.0,0.72185
10,69,Right-MFC---medial-frontal-cortex,2409.5,3325.0,0.72185
10,70,Left-MFC---medial-frontal-cortex,2824.0,3938.0,0.72185
10,71,Right-MFG---middle-frontal-gyrus,22966.5,31767.0,0.72185
10,72,Left-MFG---middle-frontal-gyrus,22187.7,30842.0,0.72185
10,73,Right-MOG---middle-occipital-gyrus,5164.9,7050.0,0.72185
10,74,Left-MOG---middle-occipital-gyrus,5950.3,8345.0,0.72185
10,75,Right-MOrG--medial-orbital-gyrus,4050.9,5578.0,0.72185
10,76,Left-MOrG--medial-orbital-gyrus,4685.4,6566.0,0.72185
10,77,Right-MPoG--postcentral-gyrus,1535.7,2089.0,0.72185
10,78,Left-MPoG--postcentral-gyrus,1756.7,2412.0,0.72185
10,79,Right-MPrG--precentral-gyrus,2761.5,3871.0,0.72185
10,80,Left-MPrG--precentral-gyrus,3784.7,5198.0,0.72185
10,81,Right-MSFG--superior-frontal-gyrus,8135.7,11235.0,0.72185
10,82,Left-MSFG--superior-frontal-gyrus,7398.6,10305.0,0.72185
10,83,Right-MTG---middle-temporal-gyrus,16046.4,22266.0,0.72185
10,84,Left-MTG---middle-temporal-gyrus,16029.2,22118.0,0.72185
10,85,Right-OCP---occipital-pole,3561.6,4897.0,0.72185
10,86,Left-OCP---occipital-pole,4789.0,6578.0,0.72185
10,87,Right-OFuG--occipital-fusiform-gyrus,5670.9,7872.0,0.72185
10,88,Left-OFuG--occipital-fusiform-gyrus,4984.1,6880.0,0.72185
10,89,Right-OpIFG-opercular-part-of-the-IFG,4470.5,6166.0,0.72185
10,90,Left-OpIFG-opercular-part-of-the-IFG,3728.8,5197.0,0.72185
10,91,Right-OrIFG-orbital-part-of-the-IFG,1641.4,2262.0,0.72185
10,92,Left-OrIFG-orbital-part-of-the-IFG,1526.1,2099.0,0.72185
10,93,Right-PCgG--posterior-cingulate-gyrus,5444.8,7469.0,0.72185
10,94,Left-PCgG--posterior-cingulate-gyrus,4698.1,6619.0,0.72185
10,95,Right-PCu---precuneus,12737.8,17623.0,0.72185
10,96,Left-PCu---precuneus,11532.8,15910.0,0.72185
10,97,Right-PHG---parahippocampal-gyrus,2907.8,4058.0,0.72185
10,98,Left-PHG---parahippocampal-gyrus,3406.7,4743.0,0.72185
10,99,Right-PIns--posterior-insula,2977.9,4126.0,0.72185
10,100,Left-PIns--posterior-insula,2721.9,3720.0,0.72185
10,101,Right-PO----parietal-operculum,2809.3,3893.0,0.72185
10,102,Left-PO----parietal-operculum,2998.8,4152.0,0.72185
10,103,Right-PoG---postcentral-gyrus,11146.7,15376.0,0.72185
10,104,Left-PoG---postcentral-gyrus,14496.0,19942.0,0.72185
10,105,Right-POrG--posterior-orbital-gyrus,3404.7,4692.0,0.72185
10,106,Left-POrG--posterior-orbital-gyrus,3409.7,4664.0,0.72185
10,107,Right-PP----planum-polare,2338.9,3242.0,0.72185
10,108,Left-PP----planum-polare,2857.0,3915.0,0.72185
10,109,Right-PrG---precentral-gyrus,12324.8,17043.0,0.72185
10,110,Left-PrG---precentral-gyrus,12802.3,17781.0,0.72185
10,111,Right-PT----planum-temporale,2257.1,3120.0,0.72185
10,112,Left-PT----planum-temporale,2163.1,2957.0,0.72185
10,113,Right-SCA---subcallosal-area,850.4,1159.0,0.72185
10,114,Left-SCA---subcallosal-area,1020.6,1404.0,0.72185
10,115,Right-SFG---superior-frontal-gyrus,15812.3,21816.0,0.72185
10,116,Left-SFG---superior-frontal-gyrus,17195.0,23904.0,0.72185
10,117,Right-SMC---supplementary-motor-cortex,6275.4,8658.0,0.72185
10,118,Left-SMC---supplementary-motor-cortex,6137.2,8475.0,0.72185
10,119,Right-SMG---supramarginal-gyrus,9011.6,12464.0,0.72185
10,120,Left-SMG---supramarginal-gyrus,10713.4,14812.0,0.72185
10,121,Right-SOG---superior-occipital-gyrus,6033.6,8434.0,0.72185
10,122,Left-SOG---superior-occipital-gyrus,4115.9,5646.0,0.72185
10,123,Right-SPL---superior-parietal-lobule,13737.0,19056.0,0.72185
10,124,Left-SPL---superior-parietal-lobule,11959.5,16592.0,0.72185
10,125,Right-STG---superior-temporal-gyrus,7775.1,10810.0,0.72185
10,126,Left-STG---superior-temporal-gyrus,8689.5,11961.0,0.72185
10,127,Right-TMP---temporal-pole,9455.0,13076.0,0.72185
10,128,Left-TMP---temporal-pole,8683.4,12023.0,0.72185
10,129,Right-TrIFG-triangular-part-of-the-IFG,3726.7,5185.0,0.72185
10,130,Left-TrIFG-triangular-part-of-the-IFG,4609.7,6330.0,0.72185
10,131,Right-TTG---transverse-temporal-gyrus,1564.7,2159.0,0.72185
10,132,Left-TTG---transverse-temporal-gyrus,2066.6,2867.0,0.72185
11,1,3rd-Ventricle,1780.1,2424.0,0.723
11,2,4th-Ventricle,1820.2,2508.0,0.723
11,3,Right-Accumbens-Area,789.4,1074.0,0.723
11,4,Left-Accumbens-Area,649.7,914.0,0.723
11,5,Right-Amygdala,1238.0,1717.0,0.723
11,6,Left-Amygdala,1139.0,1577.0,0.723
11,7,Brain-Stem,17505.9,24218.0,0.723
11,8,Right-Caudate,3457.0,4838.0,0.723
11,9,Left-Caudate,3392.5,4695.0,0.723
11,10,Right-Cerebellum-Exterior,56378.7,77985.0,0.723
11,11,Left-Cerebellum-Exterior,60042.0,83787.0,0.723
11,12,Right-Cerebellum-White-Matter,14846.5,20546.0,0.723
11,13,Left-Cerebellum-White-Matter,15203.2,21051.0,0.723
11,14,Right-Cerebral-White-Matter,217659.5,301142.0,0.723
11,15,Left-Cerebral-White-Matter,215942.9,298639.0,0.723
11,16,Right-Hippocampus,4106.2,5678.0,0.723
11,17,Left-Hippocampus,3692.2,5083.0,0.723
11,18,Right-Inf-Lat-Vent,845.8,1166.0,0.723
11,19,Left-Inf-Lat-Vent,697.5,1016.0,0.723
11,20,Right-Lateral-Ventricle,5185.7,7168.0,0.723
11,21,Left-Lateral-Ventricle,8039.7,11163.0,0.723
11,22,Right-Pallidum,1745.5,2383.0,0.723
11,23,Left-Pallidum,1769.9,2437.0,0.723
11,24,Right-Putamen,4910.9,6740.0,0.723
11,25,Left-Putamen,4853.5,6762.0,0.723
11,26,Right-Thalamus-Proper,8694.6,12023.0,0.723
11,27,Left-Thalamus-Proper,8468.0,11772.0,0.723
11,28,Right-Ventral-DC,5243.7,7240.0,0.723
11,29,Left-Ventral-DC,5422.0,7454.0,0.723
11,30,Cerebellar-Vermal-Lobules-I-V,5591.6,7680.0,0.723
11,31,Cerebellar-Vermal-Lobules-VI-VII,2960.7,4030.0,0.723
11,32,Cerebellar-Vermal-Lobules-VIII-X,3074.5,4273.0,0.723
11,33,Left-Basal-Forebrain,633.5,869.0,0.723
11,34,Right-Basal-Forebrain,633.5,860.0,0.723
11,35,Right-ACgG--anterior-cingulate-gyrus,5539.8,7682.0,0.723
11,36,Left-ACgG--anterior-cingulate-gyrus,5851.7,8082.0,0.723
11,37,Right-AIns--anterior-insula,3784.2,5232.0,0.723
11,38,Left-AIns--anterior-insula,3894.9,5399.0,0.723
11,39,Right-AOrG--anterior-orbital-gyrus,2707.7,3745.0,0.723
11,40,Left-AOrG--anterior-orbital-gyrus,2264.2,3109.0,0.723
11,41,Right-AnG---angular-gyrus,12180.5,16887.0,0.723
11,42,Left-AnG---angular-gyrus,11440.3,15797.0,0.723
11,43,Right-Calc--calcarine-cortex,4969.3,6886.0,0.723
11,44,Left-Calc--calcarine-cortex,5069.9,7025.0,0.723
11,45,Right-CO----central-operculum,4525.8,6270.0,0.723
11,46,Left-CO----central-operculum,4406.0,6101.0,0.723
11,47,Right-Cun---cuneus,6063.6,8513.0,0.723
11,48,Left-Cun---cuneus,5432.6,7433.0,0.723
11,49,Right-Ent---entorhinal-area,2317.5,3204.0,0.723
11,50,Left-Ent---entorhinal-area,2485.2,3448.0,0.723
11,51,Right-FO----frontal-operculum,1793.8,2504.0,0.723
11,52,Left-FO----frontal-operculum,2339.9,3210.0,0.723
11,53,Right-FRP---frontal-pole,2972.9,4127.0,0.723
11,54,Left-FRP---frontal-pole,3612.4,5010.0,0.723
11,55,Right-FuG---fusiform-gyrus ,7751.7,10702.0,0.723
11,56,Left-FuG---fusiform-gyrus,8646.8,12043.0,0.723
11,57,Right-GRe---gyrus-rectus,2545.6,3515.0,0.723
11,58,Left-GRe---gyrus-rectus,2011.7,2771.0,0.723
11,59,Right-IOG---inferior-occipital-gyrus,5607.9,7771.0,0.723
11,60,Left-IOG---inferior-occipital-gyrus,6650.3,9227.0,0.723
11,61,Right-ITG---inferior-temporal-gyrus,14516.8,20030.0,0.723
11,62,Left-ITG---inferior-temporal-gyrus,13488.1,18672.0,0.723
11,63,Right-LiG---lingual-gyrus,10364.4,14391.0,0.723
11,64,Left-LiG---lingual-gyrus,10025.5,13825.0,0.723
11,65,Right-LOrG--lateral-orbital-gyrus,2526.8,3534.0,0.723
11,66,Left-LOrG--lateral-orbital-gyrus,2745.3,3809.0,0.723
11,67,Right-MCgG--middle-cingulate-gyrus,5027.2,6969.0,0.723
11,68,Left-MCgG--middle-cingulate-gyrus,4774.3,6543.0,0.723
11,69,Right-MFC---medial-frontal-cortex,2314.5,3229.0,0.723
11,70,Left-MFC---medial-frontal-cortex,2841.3,3955.0,0.723
11,71,Right-MFG---middle-frontal-gyrus,23091.0,31818.0,0.723
11,72,Left-MFG---middle-frontal-gyrus,22551.5,31262.0,0.723
11,73,Right-MOG---middle-occipital-gyrus,5004.4,7033.0,0.723
11,74,Left-MOG---middle-occipital-gyrus,6083.9,8301.0,0.723
11,75,Right-MOrG--medial-orbital-gyrus,3991.4,5484.0,0.723
11,76,Left-MOrG--medial-orbital-gyrus,4753.4,6599.0,0.723
11,77,Right-MPoG--postcentral-gyrus,1579.9,2240.0,0.723
11,78,Left-MPoG--postcentral-gyrus,1730.8,2401.0,0.723
11,79,Right-MPrG--precentral-gyrus,2870.2,3925.0,0.723
11,80,Left-MPrG--precentral-gyrus,3783.1,5240.0,0.723
11,81,Right-MSFG--superior-frontal-gyrus,8209.9,11405.0,0.723
11,82,Left-MSFG--superior-frontal-gyrus,7562.7,10366.0,0.723
11,83,Right-MTG---middle-temporal-gyrus,16174.5,22350.0,0.723
11,84,Left-MTG---middle-temporal-gyrus,16009.9,22147.0,0.723
11,85,Right-OCP---occipital-pole,3801.4,5268.0,0.723
11,86,Left-OCP---occipital-pole,4864.7,6743.0,0.723
11,87,Right-OFuG--occipital-fusiform-gyrus,5718.1,7840.0,0.723
11,88,Left-OFuG--occipital-fusiform-gyrus,5080.1,7022.0,0.723
11,89,Right-OpIFG-opercular-part-of-the-IFG,4477.6,6193.0,0.723
11,90,Left-OpIFG-opercular-part-of-the-IFG,3722.7,5121.0,0.723
11,91,Right-OrIFG-orbital-part-of-the-IFG,1659.2,2282.0,0.723
11,92,Left-OrIFG-orbital-part-of-the-IFG,1533.2,2117.0,0.723
11,93,Right-PCgG--posterior-cingulate-gyrus,5337.6,7386.0,0.723
11,94,Left-PCgG--posterior-cingulate-gyrus,4801.7,6655.0,0.723
11,95,Right-PCu---precuneus,12783.5,17598.0,0.723
11,96,Left-PCu---precuneus,11430.2,15878.0,0.723
11,97,Right-PHG---parahippocampal-gyrus,2959.7,4096.0,0.723
11,98,Left-PHG---parahippocampal-gyrus,3508.8,4805.0,0.723
11,99,Right-PIns--posterior-insula,2989.6,4166.0,0.723
11,100,Left-PIns--posterior-insula,2714.8,3763.0,0.723
11,101,Right-PO----parietal-operculum,2802.7,3869.0,0.723
11,102,Left-PO----parietal-operculum,3030.8,4176.0,0.723
11,103,Right-PoG---postcentral-gyrus,11264.6,15630.0,0.723
11,104,Left-PoG---postcentral-gyrus,14354.8,19830.0,0.723
11,105,Right-POrG--posterior-orbital-gyrus,3439.7,4734.0,0.723
11,106,Left-POrG--posterior-orbital-gyrus,3410.8,4642.0,0.723
11,107,Right-PP----planum-polare,2334.8,3249.0,0.723
11,108,Left-PP----planum-polare,3014.5,4163.0,0.723
11,109,Right-PrG---precentral-gyrus,12301.4,17031.0,0.723
11,110,Left-PrG---precentral-gyrus,12799.3,17714.0,0.723
11,111,Right-PT----planum-temporale,2271.8,3153.0,0.723
11,112,Left-PT----planum-temporale,2127.5,2945.0,0.723
11,113,Right-SCA---subcallosal-area,886.5,1232.0,0.723
11,114,Left-SCA---subcallosal-area,1024.1,1409.0,0.723
11,115,Right-SFG---superior-frontal-gyrus,15808.7,21837.0,0.723
11,116,Left-SFG---superior-frontal-gyrus,17307.8,23994.0,0.723
11,117,Right-SMC---supplementary-motor-cortex,6380.1,8739.0,0.723
11,118,Left-SMC---supplementary-motor-cortex,6200.7,8513.0,0.723
11,119,Right-SMG---supramarginal-gyrus,9111.1,12552.0,0.723
11,120,Left-SMG---supramarginal-gyrus,10705.8,14750.0,0.723
11,121,Right-SOG---superior-occipital-gyrus,6148.9,8486.0,0.723
11,122,Left-SOG---superior-occipital-gyrus,4050.3,5724.0,0.723
11,123,Right-SPL---superior-parietal-lobule,13974.8,19221.0,0.723
11,124,Left-SPL---superior-parietal-lobule,12218.1,16832.0,0.723
11,125,Right-STG---superior-temporal-gyrus,7869.5,10854.0,0.723
11,126,Left-STG---superior-temporal-gyrus,8687.4,11994.0,0.723
11,127,Right-TMP---temporal-pole,9389.0,12958.0,0.723
11,128,Left-TMP---temporal-pole,8710.8,12037.0,0.723
11,129,Right-TrIFG-triangular-part-of-the-IFG,3762.8,5234.0,0.723
11,130,Left-TrIFG-triangular-part-of-the-IFG,4599.0,6350.0,0.723
11,131,Right-TTG---transverse-temporal-gyrus,1587.5,2190.0,0.723
11,132,Left-TTG---transverse-temporal-gyrus,2091.5,2900.0,0.723
12,1,3rd-Ventricle,1742.5,2449.0,0.7211
12,2,4th-Ventricle,1790.2,2521.0,0.7211
12,3,Right-Accumbens-Area,692.9,942.0,0.7211
12,4,Left-Accumbens-Area,685.3,949.0,0.7211
12,5,Right-Amygdala,1251.7,1733.0,0.7211
12,6,Left-Amygdala,1159.8,1603.0,0.7211
12,7,Brain-Stem,17458.7,24151.0,0.7211
12,8,Right-Caudate,3450.9,4826.0,0.7211
12,9,Left-Caudate,3361.0,4675.0,0.7211
12,10,Right-Cerebellum-Exterior,56185.7,77841.0,0.7211
12,11,Left-Cerebellum-Exterior,59649.3,82909.0,0.7211
12,12,Right-Cerebellum-White-Matter,14908.5,20669.0,0.7211
12,13,Left-Cerebellum-White-Matter,15262.1,21198.0,0.7211
12,14,Right-Cerebral-White-Matter,215789.0,299405.0,0.7211
12,15,Left-Cerebral-White-Matter,212710.0,295146.0,0.7211
12,16,Right-Hippocampus,4062.0,5646.0,0.7211
12,17,Left-Hippocampus,3727.8,5153.0,0.7211
12,18,Right-Inf-Lat-Vent,863.6,1176.0,0.7211
12,19,Left-Inf-Lat-Vent,675.7,970.0,0.7211
12,20,Right-Lateral-Ventricle,5233.5,7252.0,0.7211
12,21,Left-Lateral-Ventricle,7998.6,11077.0,0.7211
12,22,Right-Pallidum,1706.4,2361.0,0.7211
12,23,Left-Pallidum,1772.4,2425.0,0.7211
12,24,Right-Putamen,4855.5,6777.0,0.7211
12,25,Left-Putamen,4894.1,6732.0,0.7211
12,26,Right-Thalamus-Proper,8579.2,11917.0,0.7211
12,27,Left-Thalamus-Proper,8430.4,11686.0,0.7211
12,28,Right-Ventral-DC,5210.6,7269.0,0.7211
12,29,Left-Ventral-DC,5415.4,7489.0,0.7211
12,30,Cerebellar-Vermal-Lobules-I-V,5328.0,7403.0,0.7211
12,31,Cerebellar-Vermal-Lobules-VI-VII,2874.3,3990.0,0.7211
12,32,Cerebellar-Vermal-Lobules-VIII-X,3063.3,4261.0,0.7211
12,33,Left-Basal-Forebrain,608.1,846.0,0.7211
12,34,Right-Basal-Forebrain,654.3,900.0,0.7211
12,35,Right-ACgG--anterior-cingulate-gyrus,5554.0,7702.0,0.7211
12,36,Left-ACgG--anterior-cingulate-gyrus,5782.1,8032.0,0.7211
12,37,Right-AIns--anterior-insula,3779.6,5244.0,0.7211
12,38,Left-AIns--anterior-insula,3875.6,5365.0,0.7211
12,39,Right-AOrG--anterior-orbital-gyrus,2683.8,3773.0,0.7211
12,40,Left-AOrG--anterior-orbital-gyrus,2352.1,3220.0,0.7211
12,41,Right-AnG---angular-gyrus,12105.8,16752.0,0.7211
12,42,Left-AnG---angular-gyrus,11288.4,15626.0,0.7211
12,43,Right-Calc--calcarine-cortex,5020.1,6947.0,0.7211
12,44,Left-Calc--calcarine-cortex,5020.1,6947.0,0.7211
12,45,Right-CO----central-operculum,4576.6,6318.0,0.7211
12,46,Left-CO----central-operculum,4426.8,6095.0,0.7211
12,47,Right-Cun---cuneus,6212.4,8601.0,0.7211
12,48,Left-Cun---cuneus,5521.5,7586.0,0.7211
12,49,Right-Ent---entorhinal-area,2321.6,3216.0,0.7211
12,50,Left-Ent---entorhinal-area,2459.8,3422.0,0.7211
12,51,Right-FO----frontal-operculum,1809.5,2501.0,0.7211
12,52,Left-FO----frontal-operculum,2315.5,3222.0,0.7211
12,53,Right-FRP---frontal-pole,3046.0,4259.0,0.7211
12,54,Left-FRP---frontal-pole,3654.1,5012.0,0.7211
12,55,Right-FuG---fusiform-gyrus ,7791.8,10764.0,0.7211
12,56,Left-FuG---fusiform-gyrus,8736.7,12172.0,0.7211
12,57,Right-GRe---gyrus-rectus,2613.2,3588.0,0.7211
12,58,Left-GRe---gyrus-rectus,1971.1,2753.0,0.7211
12,59,Right-IOG---inferior-occipital-gyrus,5622.6,7847.0,0.7211
12,60,Left-IOG---inferior-occipital-gyrus,6631.0,9213.0,0.7211
12,61,Right-ITG---inferior-temporal-gyrus,14404.6,19986.0,0.7211
12,62,Left-ITG---inferior-temporal-gyrus,13454.6,18661.0,0.7211
12,63,Right-LiG---lingual-gyrus,10355.7,14408.0,0.7211
12,64,Left-LiG---lingual-gyrus,10107.3,13952.0,0.7211
12,65,Right-LOrG--lateral-orbital-gyrus,2656.4,3686.0,0.7211
12,66,Left-LOrG--lateral-orbital-gyrus,2708.7,3766.0,0.7211
12,67,Right-MCgG--middle-cingulate-gyrus,5090.2,6958.0,0.7211
12,68,Left-MCgG--middle-cingulate-gyrus,4800.2,6586.0,0.7211
12,69,Right-MFC---medial-frontal-cortex,2406.4,3281.0,0.7211
12,70,Left-MFC---medial-frontal-cortex,2829.1,4002.0,0.7211
12,71,Right-MFG---middle-frontal-gyrus,23075.2,32082.0,0.7211
12,72,Left-MFG---middle-frontal-gyrus,22657.1,31345.0,0.7211
12,73,Right-MOG---middle-occipital-gyrus,4942.4,6917.0,0.7211
12,74,Left-MOG---middle-occipital-gyrus,5936.1,8187.0,0.7211
12,75,Right-MOrG--medial-orbital-gyrus,4113.3,5626.0,0.7211
12,76,Left-MOrG--medial-orbital-gyrus,4886.0,6835.0,0.7211
12,77,Right-MPoG--postcentral-gyrus,1626.1,2242.0,0.7211
12,78,Left-MPoG--postcentral-gyrus,1703.9,2360.0,0.7211
12,79,Right-MPrG--precentral-gyrus,2814.4,3929.0,0.7211
12,80,Left-MPrG--precentral-gyrus,3831.4,5414.0,0.7211
12,81,Right-MSFG--superior-frontal-gyrus,8130.7,11341.0,0.7211
12,82,Left-MSFG--superior-frontal-gyrus,7527.7,10412.0,0.7211
12,83,Right-MTG---middle-temporal-gyrus,16153.6,22343.0,0.7211
12,84,Left-MTG---middle-temporal-gyrus,15879.3,22079.0,0.7211
12,85,Right-OCP---occipital-pole,3909.1,5402.0,0.7211
12,86,Left-OCP---occipital-pole,4886.0,6734.0,0.7211
12,87,Right-OFuG--occipital-fusiform-gyrus,5756.2,7933.0,0.7211
12,88,Left-OFuG--occipital-fusiform-gyrus,4884.0,6832.0,0.7211
12,89,Right-OpIFG-opercular-part-of-the-IFG,4476.1,6140.0,0.7211
12,90,Left-OpIFG-opercular-part-of-the-IFG,3778.1,5194.0,0.7211
12,91,Right-OrIFG-orbital-part-of-the-IFG,1691.7,2328.0,0.7211
12,92,Left-OrIFG-orbital-part-of-the-IFG,1523.0,2100.0,0.7211
12,93,Right-PCgG--posterior-cingulate-gyrus,5379.3,7368.0,0.7211
12,94,Left-PCgG--posterior-cingulate-gyrus,4748.9,6718.0,0.7211
12,95,Right-PCu---precuneus,12666.7,17708.0,0.7211
12,96,Left-PCu---precuneus,11472.8,15772.0,0.7211
12,97,Right-PHG---parahippocampal-gyrus,2972.9,4120.0,0.7211
12,98,Left-PHG---parahippocampal-gyrus,3455.5,4773.0,0.7211
12,99,Right-PIns--posterior-insula,2955.6,4126.0,0.7211
12,100,Left-PIns--posterior-insula,2668.6,3722.0,0.7211
12,101,Right-PO----parietal-operculum,2824.5,3916.0,0.7211
12,102,Left-PO----parietal-operculum,3015.5,4172.0,0.7211
12,103,Right-PoG---postcentral-gyrus,11337.2,15755.0,0.7211
12,104,Left-PoG---postcentral-gyrus,14621.0,20290.0,0.7211
12,105,Right-POrG--posterior-orbital-gyrus,3328.5,4635.0,0.7211
12,106,Left-POrG--posterior-orbital-gyrus,3405.7,4697.0,0.7211
12,107,Right-PP----planum-polare,2346.5,3267.0,0.7211
12,108,Left-PP----planum-polare,2746.3,3824.0,0.7211
12,109,Right-PrG---precentral-gyrus,12332.9,17124.0,0.7211
12,110,Left-PrG---precentral-gyrus,12980.6,17952.0,0.7211
12,111,Right-PT----planum-temporale,2240.8,3100.0,0.7211
12,112,Left-PT----planum-temporale,2122.5,2938.0,0.7211
12,113,Right-SCA---subcallosal-area,879.9,1245.0,0.7211
12,114,Left-SCA---subcallosal-area,984.0,1373.0,0.7211
12,115,Right-SFG---superior-frontal-gyrus,15919.4,22078.0,0.7211
12,116,Left-SFG---superior-frontal-gyrus,17513.6,24266.0,0.7211
12,117,Right-SMC---supplementary-motor-cortex,6406.5,8867.0,0.7211
12,118,Left-SMC---supplementary-motor-cortex,6252.1,8678.0,0.7211
12,119,Right-SMG---supramarginal-gyrus,9102.5,12642.0,0.7211
12,120,Left-SMG---supramarginal-gyrus,10694.1,14902.0,0.7211
12,121,Right-SOG---superior-occipital-gyrus,6156.0,8490.0,0.7211
12,122,Left-SOG---superior-occipital-gyrus,4134.7,5744.0,0.7211
12,123,Right-SPL---superior-parietal-lobule,13933.6,19366.0,0.7211
12,124,Left-SPL---superior-parietal-lobule,12218.6,16953.0,0.7211
12,125,Right-STG---superior-temporal-gyrus,7849.7,10907.0,0.7211
12,126,Left-STG---superior-temporal-gyrus,8608.7,12036.0,0.7211
12,127,Right-TMP---temporal-pole,9326.5,12957.0,0.7211
12,128,Left-TMP---temporal-pole,8874.4,12227.0,0.7211
12,129,Right-TrIFG-triangular-part-of-the-IFG,3721.7,5152.0,0.7211
12,130,Left-TrIFG-triangular-part-of-the-IFG,4610.2,6326.0,0.7211
12,131,Right-TTG---transverse-temporal-gyrus,1577.9,2192.0,0.7211
12,132,Left-TTG---transverse-temporal-gyrus,2097.6,2931.0,0.7211
13,1,3rd-Ventricle,1693.2,2486.0,0.72103
13,2,4th-Ventricle,1810.0,2492.0,0.72103
13,3,Right-Accumbens-Area,736.1,1055.0,0.72103
13,4,Left-Accumbens-Area,665.0,908.0,0.72103
13,5,Right-Amygdala,1264.4,1746.0,0.72103
13,6,Left-Amygdala,1163.8,1607.0,0.72103
13,7,Brain-Stem,17434.3,24209.0,0.72103
13,8,Right-Caudate,3500.2,4813.0,0.72103
13,9,Left-Caudate,3419.9,4730.0,0.72103
13,10,Right-Cerebellum-Exterior,56495.0,78349.0,0.72103
13,11,Left-Cerebellum-Exterior,60472.7,84206.0,0.72103
13,12,Right-Cerebellum-White-Matter,14917.6,20642.0,0.72103
13,13,Left-Cerebellum-White-Matter,15436.3,21405.0,0.72103
13,14,Right-Cerebral-White-Matter,215373.0,298533.0,0.72103
13,15,Left-Cerebral-White-Matter,212171.5,294752.0,0.72103
13,16,Right-Hippocampus,4023.9,5563.0,0.72103
13,17,Left-Hippocampus,3690.7,5100.0,0.72103
13,18,Right-Inf-Lat-Vent,851.9,1227.0,0.72103
13,19,Left-Inf-Lat-Vent,702.1,1001.0,0.72103
13,20,Right-Lateral-Ventricle,5211.7,7267.0,0.72103
13,21,Left-Lateral-Ventricle,8062.6,11195.0,0.72103
13,22,Right-Pallidum,1740.4,2410.0,0.72103
13,23,Left-Pallidum,1777.0,2450.0,0.72103
13,24,Right-Putamen,4904.3,6770.0,0.72103
13,25,Left-Putamen,4884.0,6772.0,0.72103
13,26,Right-Thalamus-Proper,8659.5,11960.0,0.72103
13,27,Left-Thalamus-Proper,8475.1,11711.0,0.72103
13,28,Right-Ventral-DC,5231.0,7270.0,0.72103
13,29,Left-Ventral-DC,5468.2,7477.0,0.72103
13,30,Cerebellar-Vermal-Lobules-I-V,5423.5,7480.0,0.72103
13,31,Cerebellar-Vermal-Lobules-VI-VII,2880.9,4035.0,0.72103
13,32,Cerebellar-Vermal-Lobules-VIII-X,3037.4,4244.0,0.72103
13,33,Left-Basal-Forebrain,622.8,866.0,0.72103
13,34,Right-Basal-Forebrain,624.8,853.0,0.72103
13,35,Right-ACgG--anterior-cingulate-gyrus,5534.2,7674.0,0.72103
13,36,Left-ACgG--anterior-cingulate-gyrus,5804.0,8058.0,0.72103
13,37,Right-AIns--anterior-insula,3767.4,5232.0,0.72103
13,38,Left-AIns--anterior-insula,3895.9,5391.0,0.72103
13,39,Right-AOrG--anterior-orbital-gyrus,2742.2,3733.0,0.72103
13,40,Left-AOrG--anterior-orbital-gyrus,2308.4,3152.0,0.72103
13,41,Right-AnG---angular-gyrus,12138.8,16821.0,0.72103
13,42,Left-AnG---angular-gyrus,11561.8,15999.0,0.72103
13,43,Right-Calc--calcarine-cortex,5011.0,6941.0,0.72103
13,44,Left-Calc--calcarine-cortex,5162.9,7137.0,0.72103
13,45,Right-CO----central-operculum,4548.7,6286.0,0.72103
13,46,Left-CO----central-operculum,4360.2,6067.0,0.72103
13,47,Right-Cun---cuneus,6288.6,8690.0,0.72103
13,48,Left-Cun---cuneus,5459.6,7532.0,0.72103
13,49,Right-Ent---entorhinal-area,2252.5,3164.0,0.72103
13,50,Left-Ent---entorhinal-area,2443.5,3384.0,0.72103
13,51,Right-FO----frontal-operculum,1780.6,2471.0,0.72103
13,52,Left-FO----frontal-operculum,2289.6,3168.0,0.72103
13,53,Right-FRP---frontal-pole,3114.1,4289.0,0.72103
13,54,Left-FRP---frontal-pole,3660.2,5088.0,0.72103
13,55,Right-FuG---fusiform-gyrus ,7762.9,10704.0,0.72103
13,56,Left-FuG---fusiform-gyrus,8824.6,12163.0,0.72103
13,57,Right-GRe---gyrus-rectus,2527.3,3496.0,0.72103
13,58,Left-GRe---gyrus-rectus,2049.3,2810.0,0.72103
13,59,Right-IOG---inferior-occipital-gyrus,5613.0,7860.0,0.72103
13,60,Left-IOG---inferior-occipital-gyrus,6756.0,9358.0,0.72103
13,61,Right-ITG---inferior-temporal-gyrus,14561.0,20115.0,0.72103
13,62,Left-ITG---inferior-temporal-gyrus,13509.5,18749.0,0.72103
13,63,Right-LiG---lingual-gyrus,10533.5,14514.0,0.72103
13,64,Left-LiG---lingual-gyrus,10070.2,13971.0,0.72103
13,65,Right-LOrG--lateral-orbital-gyrus,2574.1,3602.0,0.72103
13,66,Left-LOrG--lateral-orbital-gyrus,2760.5,3790.0,0.72103
13,67,Right-MCgG--middle-cingulate-gyrus,4976.4,7106.0,0.72103
13,68,Left-MCgG--middle-cingulate-gyrus,5001.3,6747.0,0.72103
13,69,Right-MFC---medial-frontal-cortex,2388.7,3324.0,0.72103
13,70,Left-MFC---medial-frontal-cortex,2754.9,3840.0,0.72103
13,71,Right-MFG---middle-frontal-gyrus,23058.0,32072.0,0.72103
13,72,Left-MFG---middle-frontal-gyrus,22523.0,31152.0,0.72103
13,73,Right-MOG---middle-occipital-gyrus,5171.5,7109.0,0.72103
13,74,Left-MOG---middle-occipital-gyrus,6031.6,8361.0,0.72103
13,75,Right-MOrG--medial-orbital-gyrus,3963.5,5578.0,0.72103
13,76,Left-MOrG--medial-orbital-gyrus,4785.9,6609.0,0.72103
13,77,Right-MPoG--postcentral-gyrus,1522.5,2142.0,0.72103
13,78,Left-MPoG--postcentral-gyrus,1721.1,2400.0,0.72103
13,79,Right-MPrG--precentral-gyrus,2879.9,3958.0,0.72103
13,80,Left-MPrG--precentral-gyrus,3777.5,5278.0,0.72103
13,81,Right-MSFG--superior-frontal-gyrus,8072.2,11314.0,0.72103
13,82,Left-MSFG--superior-frontal-gyrus,7504.3,10348.0,0.72103
13,83,Right-MTG---middle-temporal-gyrus,16167.9,22427.0,0.72103
13,84,Left-MTG---middle-temporal-gyrus,15932.6,22198.0,0.72103
13,85,Right-OCP---occipital-pole,3917.2,5386.0,0.72103
13,86,Left-OCP---occipital-pole,4967.8,6929.0,0.72103
13,87,Right-OFuG--occipital-fusiform-gyrus,5705.9,7928.0,0.72103
13,88,Left-OFuG--occipital-fusiform-gyrus,5005.4,6948.0,0.72103
13,89,Right-OpIFG-opercular-part-of-the-IFG,4540.6,6250.0,0.72103
13,90,Left-OpIFG-opercular-part-of-the-IFG,3752.7,5204.0,0.72103
13,91,Right-OrIFG-orbital-part-of-the-IFG,1640.4,2275.0,0.72103
13,92,Left-OrIFG-orbital-part-of-the-IFG,1509.8,2120.0,0.72103
13,93,Right-PCgG--posterior-cingulate-gyrus,5299.0,7477.0,0.72103
13,94,Left-PCgG--posterior-cingulate-gyrus,4853.5,6642.0,0.72103
13,95,Right-PCu---precuneus,12613.8,17585.0,0.72103
13,96,Left-PCu---precuneus,11527.7,15821.0,0.72103
13,97,Right-PHG---parahippocampal-gyrus,2927.1,4099.0,0.72103
13,98,Left-PHG---parahippocampal-gyrus,3471.7,4794.0,0.72103
13,99,Right-PIns--posterior-insula,3034.8,4133.0,0.72103
13,100,Left-PIns--posterior-insula,2762.0,3781.0,0.72103
13,101,Right-PO----parietal-operculum,2810.8,3901.0,0.72103
13,102,Left-PO----parietal-operculum,2996.2,4194.0,0.72103
13,103,Right-PoG---postcentral-gyrus,11290.0,15573.0,0.72103
13,104,Left-PoG---postcentral-gyrus,14400.5,19876.0,0.72103
13,105,Right-POrG--posterior-orbital-gyrus,3344.7,4663.0,0.72103
13,106,Left-POrG--posterior-orbital-gyrus,3362.0,4657.0,0.72103
13,107,Right-PP----planum-polare,2327.2,3235.0,0.72103
13,108,Left-PP----planum-polare,2848.9,3969.0,0.72103
13,109,Right-PrG---precentral-gyrus,12411.6,17169.0,0.72103
13,110,Left-PrG---precentral-gyrus,13014.1,17988.0,0.72103
13,111,Right-PT----planum-temporale,2241.8,3113.0,0.72103
13,112,Left-PT----planum-temporale,2124.5,2924.0,0.72103
13,113,Right-SCA---subcallosal-area,852.4,1180.0,0.72103
13,114,Left-SCA---subcallosal-area,1030.7,1421.0,0.72103
13,115,Right-SFG---superior-frontal-gyrus,15987.0,21982.0,0.72103
13,116,Left-SFG---superior-frontal-gyrus,17456.2,24174.0,0.72103
13,117,Right-SMC---supplementary-motor-cortex,6297.3,8762.0,0.72103
13,118,Left-SMC---supplementary-motor-cortex,6128.6,8528.0,0.72103
13,119,Right-SMG---supramarginal-gyrus,9148.2,12670.0,0.72103
13,120,Left-SMG---supramarginal-gyrus,10697.1,14812.0,0.72103
13,121,Right-SOG---superior-occipital-gyrus,6076.8,8518.0,0.72103
13,122,Left-SOG---superior-occipital-gyrus,4138.2,5825.0,0.72103
13,123,Right-SPL---superior-parietal-lobule,13878.8,19275.0,0.72103
13,124,Left-SPL---superior-parietal-lobule,12204.4,16859.0,0.72103
13,125,Right-STG---superior-temporal-gyrus,7867.5,10912.0,0.72103
13,126,Left-STG---superior-temporal-gyrus,8602.1,11931.0,0.72103
13,127,Right-TMP---temporal-pole,9475.9,13132.0,0.72103
13,128,Left-TMP---temporal-pole,8817.0,12207.0,0.72103
13,129,Right-TrIFG-triangular-part-of-the-IFG,3708.5,5140.0,0.72103
13,130,Left-TrIFG-triangular-part-of-the-IFG,4511.6,6283.0,0.72103
13,131,Right-TTG---transverse-temporal-gyrus,1567.7,2165.0,0.72103
13,132,Left-TTG---transverse-temporal-gyrus,2076.7,2886.0,0.72103
14,1,3rd-Ventricle,1663.7,2423.0,0.72281
14,2,4th-Ventricle,1808.5,2484.0,0.72281
14,3,Right-Accumbens-Area,730.5,1019.0,0.72281
14,4,Left-Accumbens-Area,645.7,909.0,0.72281
14,5,Right-Amygdala,1241.1,1716.0,0.72281
14,6,Left-Amygdala,1178.6,1628.0,0.72281
14,7,Brain-Stem,17606.0,24413.0,0.72281
14,8,Right-Caudate,3563.2,4868.0,0.72281
14,9,Left-Caudate,3427.5,4733.0,0.72281
14,10,Right-Cerebellum-Exterior,56367.5,77980.0,0.72281
14,11,Left-Cerebellum-Exterior,60303.1,83887.0,0.72281
14,12,Right-Cerebellum-White-Matter,15019.3,20776.0,0.72281
14,13,Left-Cerebellum-White-Matter,15352.0,21244.0,0.72281
14,14,Right-Cerebral-White-Matter,218093.3,301881.0,0.72281
14,15,Left-Cerebral-White-Matter,215304.9,298085.0,0.72281
14,16,Right-Hippocampus,4068.6,5637.0,0.72281
14,17,Left-Hippocampus,3731.8,5146.0,0.72281
14,18,Right-Inf-Lat-Vent,836.2,1162.0,0.72281
14,19,Left-Inf-Lat-Vent,643.1,956.0,0.72281
14,20,Right-Lateral-Ventricle,4963.2,6935.0,0.72281
14,21,Left-Lateral-Ventricle,7864.0,10760.0,0.72281
14,22,Right-Pallidum,1763.3,2422.0,0.72281
14,23,Left-Pallidum,1749.6,2434.0,0.72281
14,24,Right-Putamen,4968.3,6780.0,0.72281
14,25,Left-Putamen,4928.7,6836.0,0.72281
14,26,Right-Thalamus-Proper,8794.1,12093.0,0.72281
14,27,Left-Thalamus-Proper,8605.7,11928.0,0.72281
14,28,Right-Ventral-DC,5268.0,7280.0,0.72281
14,29,Left-Ventral-DC,5427.0,7444.0,0.72281
14,30,Cerebellar-Vermal-Lobules-I-V,5387.9,7409.0,0.72281
14,31,Cerebellar-Vermal-Lobules-VI-VII,2874.3,4025.0,0.72281
14,32,Cerebellar-Vermal-Lobules-VIII-X,3080.6,4284.0,0.72281
14,33,Left-Basal-Forebrain,627.4,874.0,0.72281
14,34,Right-Basal-Forebrain,584.7,818.0,0.72281
14,35,Right-ACgG--anterior-cingulate-gyrus,5564.7,7688.0,0.72281
14,36,Left-ACgG--anterior-cingulate-gyrus,5855.3,8078.0,0.72281
14,37,Right-AIns--anterior-insula,3825.8,5268.0,0.72281
14,38,Left-AIns--anterior-insula,3895.9,5358.0,0.72281
14,39,Right-AOrG--anterior-orbital-gyrus,2601.5,3661.0,0.72281
14,40,Left-AOrG--anterior-orbital-gyrus,2270.3,3125.0,0.72281
14,41,Right-AnG---angular-gyrus,12008.8,16677.0,0.72281
14,42,Left-AnG---angular-gyrus,11632.9,16037.0,0.72281
14,43,Right-Calc--calcarine-cortex,4975.4,6839.0,0.72281
14,44,Left-Calc--calcarine-cortex,5133.9,7102.0,0.72281
14,45,Right-CO----central-operculum,4606.6,6390.0,0.72281
14,46,Left-CO----central-operculum,4386.6,6089.0,0.72281
14,47,Right-Cun---cuneus,6334.3,8559.0,0.72281
14,48,Left-Cun---cuneus,5334.6,7535.0,0.72281
14,49,Right-Ent---entorhinal-area,2356.6,3252.0,0.72281
14,50,Left-Ent---entorhinal-area,2529.9,3480.0,0.72281
14,51,Right-FO----frontal-operculum,1839.5,2517.0,0.72281
14,52,Left-FO----frontal-operculum,2310.4,3192.0,0.72281
14,53,Right-FRP---frontal-pole,3158.8,4380.0,0.72281
14,54,Left-FRP---frontal-pole,3598.7,4988.0,0.72281
14,55,Right-FuG---fusiform-gyrus ,7756.8,10731.0,0.72281
14,56,Left-FuG---fusiform-gyrus,8686.4,12081.0,0.72281
14,57,Right-GRe---gyrus-rectus,2533.9,3503.0,0.72281
14,58,Left-GRe---gyrus-rectus,2008.7,2814.0,0.72281
14,59,Right-IOG---inferior-occipital-gyrus,5622.1,7843.0,0.72281
14,60,Left-IOG---inferior-occipital-gyrus,6704.2,9260.0,0.72281
14,61,Right-ITG---inferior-temporal-gyrus,14616.4,20124.0,0.72281
14,62,Left-ITG---inferior-temporal-gyrus,13430.7,18541.0,0.72281
14,63,Right-LiG---lingual-gyrus,10365.9,14344.0,0.72281
14,64,Left-LiG---lingual-gyrus,10136.8,13939.0,0.72281
14,65,Right-LOrG--lateral-orbital-gyrus,2624.9,3606.0,0.72281
14,66,Left-LOrG--lateral-orbital-gyrus,2743.8,3774.0,0.72281
14,67,Right-MCgG--middle-cingulate-gyrus,4919.5,6960.0,0.72281
14,68,Left-MCgG--middle-cingulate-gyrus,4828.6,6585.0,0.72281
14,69,Right-MFC---medial-frontal-cortex,2374.4,3289.0,0.72281
14,70,Left-MFC---medial-frontal-cortex,2857.5,3978.0,0.72281
14,71,Right-MFG---middle-frontal-gyrus,23076.3,32079.0,0.72281
14,72,Left-MFG---middle-frontal-gyrus,22674.9,31315.0,0.72281
14,73,Right-MOG---middle-occipital-gyrus,5057.7,7028.0,0.72281
14,74,Left-MOG---middle-occipital-gyrus,6008.2,8330.0,0.72281
14,75,Right-MOrG--medial-orbital-gyrus,4055.4,5572.0,0.72281
14,76,Left-MOrG--medial-orbital-gyrus,4742.3,6577.0,0.72281
14,77,Right-MPoG--postcentral-gyrus,1665.2,2283.0,0.72281
14,78,Left-MPoG--postcentral-gyrus,1719.1,2370.0,0.72281
14,79,Right-MPrG--precentral-gyrus,2835.2,3888.0,0.72281
14,80,Left-MPrG--precentral-gyrus,3907.1,5350.0,0.72281
14,81,Right-MSFG--superior-frontal-gyrus,8214.5,11459.0,0.72281
14,82,Left-MSFG--superior-frontal-gyrus,7581.5,10381.0,0.72281
14,83,Right-MTG---middle-temporal-gyrus,16216.6,22364.0,0.72281
14,84,Left-MTG---middle-temporal-gyrus,16079.0,22345.0,0.72281
14,85,Right-OCP---occipital-pole,3654.6,5034.0,0.72281
14,86,Left-OCP---occipital-pole,5028.8,6910.0,0.72281
14,87,Right-OFuG--occipital-fusiform-gyrus,5758.3,7952.0,0.72281
14,88,Left-OFuG--occipital-fusiform-gyrus,5164.4,7152.0,0.72281
14,89,Right-OpIFG-opercular-part-of-the-IFG,4494.3,6195.0,0.72281
14,90,Left-OpIFG-opercular-part-of-the-IFG,3674.4,5122.0,0.72281
14,91,Right-OrIFG-orbital-part-of-the-IFG,1701.3,2358.0,0.72281
14,92,Left-OrIFG-orbital-part-of-the-IFG,1549.4,2130.0,0.72281
14,93,Right-PCgG--posterior-cingulate-gyrus,5423.0,7443.0,0.72281
14,94,Left-PCgG--posterior-cingulate-gyrus,4678.8,6596.0,0.72281
14,95,Right-PCu---precuneus,12638.2,17418.0,0.72281
14,96,Left-PCu---precuneus,11502.3,15989.0,0.72281
14,97,Right-PHG---parahippocampal-gyrus,2944.9,4082.0,0.72281
14,98,Left-PHG---parahippocampal-gyrus,3523.0,4802.0,0.72281
14,99,Right-PIns--posterior-insula,3059.7,4124.0,0.72281
14,100,Left-PIns--posterior-insula,2717.3,3706.0,0.72281
14,101,Right-PO----parietal-operculum,2823.0,3896.0,0.72281
14,102,Left-PO----parietal-operculum,3049.6,4208.0,0.72281
14,103,Right-PoG---postcentral-gyrus,11496.2,15877.0,0.72281
14,104,Left-PoG---postcentral-gyrus,14330.4,19835.0,0.72281
14,105,Right-POrG--posterior-orbital-gyrus,3459.5,4759.0,0.72281
14,106,Left-POrG--posterior-orbital-gyrus,3252.8,4572.0,0.72281
14,107,Right-PP----planum-polare,2338.9,3231.0,0.72281
14,108,Left-PP----planum-polare,2791.0,3877.0,0.72281
14,109,Right-PrG---precentral-gyrus,12388.3,17105.0,0.72281
14,110,Left-PrG---precentral-gyrus,12891.2,17863.0,0.72281
14,111,Right-PT----planum-temporale,2227.6,3100.0,0.72281
14,112,Left-PT----planum-temporale,2083.8,2909.0,0.72281
14,113,Right-SCA---subcallosal-area,907.3,1206.0,0.72281
14,114,Left-SCA---subcallosal-area,1004.8,1390.0,0.72281
14,115,Right-SFG---superior-frontal-gyrus,15891.0,21969.0,0.72281
14,116,Left-SFG---superior-frontal-gyrus,17386.6,23985.0,0.72281
14,117,Right-SMC---supplementary-motor-cortex,6272.4,8716.0,0.72281
14,118,Left-SMC---supplementary-motor-cortex,6072.7,8368.0,0.72281
14,119,Right-SMG---supramarginal-gyrus,9038.5,12491.0,0.72281
14,120,Left-SMG---supramarginal-gyrus,10701.2,14948.0,0.72281
14,121,Right-SOG---superior-occipital-gyrus,6198.2,8506.0,0.72281
14,122,Left-SOG---superior-occipital-gyrus,4201.7,5703.0,0.72281
14,123,Right-SPL---superior-parietal-lobule,14249.6,19523.0,0.72281
14,124,Left-SPL---superior-parietal-lobule,12208.4,16954.0,0.72281
14,125,Right-STG---superior-temporal-gyrus,7913.2,10986.0,0.72281
14,126,Left-STG---superior-temporal-gyrus,8706.7,12005.0,0.72281
14,127,Right-TMP---temporal-pole,9657.7,13351.0,0.72281
14,128,Left-TMP---temporal-pole,8587.4,11905.0,0.72281
14,129,Right-TrIFG-triangular-part-of-the-IFG,3763.3,5160.0,0.72281
14,130,Left-TrIFG-triangular-part-of-the-IFG,4644.2,6403.0,0.72281
14,131,Right-TTG---transverse-temporal-gyrus,1594.6,2201.0,0.72281
14,132,Left-TTG---transverse-temporal-gyrus,2104.2,2906.0,0.72281
15,1,3rd-Ventricle,1700.3,2438.0,0.7203
15,2,4th-Ventricle,1803.9,2499.0,0.7203
15,3,Right-Accumbens-Area,732.0,1005.0,0.7203
15,4,Left-Accumbens-Area,636.5,899.0,0.7203
15,5,Right-Amygdala,1253.8,1748.0,0.7203
15,6,Left-Amygdala,1146.6,1590.0,0.7203
15,7,Brain-Stem,17390.6,24204.0,0.7203
15,8,Right-Caudate,3519.5,4844.0,0.7203
15,9,Left-Caudate,3410.3,4737.0,0.7203
15,10,Right-Cerebellum-Exterior,56080.5,77889.0,0.7203
15,11,Left-Cerebellum-Exterior,59640.6,83065.0,0.7203
15,12,Right-Cerebellum-White-Matter,14772.9,20508.0,0.7203
15,13,Left-Cerebellum-White-Matter,15181.8,21063.0,0.7203
15,14,Right-Cerebral-White-Matter,216044.0,299885.0,0.7203
15,15,Left-Cerebral-White-Matter,213445.6,296899.0,0.7203
15,16,Right-Hippocampus,4012.8,5540.0,0.7203
15,17,Left-Hippocampus,3675.9,5098.0,0.7203
15,18,Right-Inf-Lat-Vent,905.3,1250.0,0.7203
15,19,Left-Inf-Lat-Vent,694.4,994.0,0.7203
15,20,Right-Lateral-Ventricle,5216.2,7245.0,0.7203
15,21,Left-Lateral-Ventricle,8071.7,11124.0,0.7203
15,22,Right-Pallidum,1708.9,2405.0,0.7203
15,23,Left-Pallidum,1763.8,2436.0,0.7203
15,24,Right-Putamen,4858.1,6809.0,0.7203
15,25,Left-Putamen,4932.2,6806.0,0.7203
15,26,Right-Thalamus-Proper,8644.8,11998.0,0.7203
15,27,Left-Thalamus-Proper,8523.4,11786.0,0.7203
15,28,Right-Ventral-DC,5213.7,7270.0,0.7203
15,29,Left-Ventral-DC,5394.0,7410.0,0.7203
15,30,Cerebellar-Vermal-Lobules-I-V,5309.2,7395.0,0.7203
15,31,Cerebellar-Vermal-Lobules-VI-VII,2905.3,4058.0,0.7203
15,32,Cerebellar-Vermal-Lobules-VIII-X,3095.8,4292.0,0.7203
15,33,Left-Basal-Forebrain,617.2,859.0,0.7203
15,34,Right-Basal-Forebrain,613.2,854.0,0.7203
15,35,Right-ACgG--anterior-cingulate-gyrus,5578.4,7753.0,0.7203
15,36,Left-ACgG--anterior-cingulate-gyrus,5703.9,7917.0,0.7203
15,37,Right-AIns--anterior-insula,3748.1,5212.0,0.7203
15,38,Left-AIns--anterior-insula,3910.1,5433.0,0.7203
15,39,Right-AOrG--anterior-orbital-gyrus,2700.1,3678.0,0.7203
15,40,Left-AOrG--anterior-orbital-gyrus,2239.3,3083.0,0.7203
15,41,Right-AnG---angular-gyrus,12110.9,16722.0,0.7203
15,42,Left-AnG---angular-gyrus,11506.4,15946.0,0.7203
15,43,Right-Calc--calcarine-cortex,4962.2,6878.0,0.7203
15,44,Left-Calc--calcarine-cortex,5096.3,7057.0,0.7203
15,45,Right-CO----central-operculum,4537.0,6307.0,0.7203
15,46,Left-CO----central-operculum,4364.3,6034.0,0.7203
15,47,Right-Cun---cuneus,6029.5,8624.0,0.7203
15,48,Left-Cun---cuneus,5553.5,7496.0,0.7203
15,49,Right-Ent---entorhinal-area,2343.9,3259.0,0.7203
15,50,Left-Ent---entorhinal-area,2444.5,3397.0,0.7203
15,51,Right-FO----frontal-operculum,1810.0,2511.0,0.7203
15,52,Left-FO----frontal-operculum,2274.9,3179.0,0.7203
15,53,Right-FRP---frontal-pole,3126.3,4313.0,0.7203
15,54,Left-FRP---frontal-pole,3648.5,5065.0,0.7203
15,55,Right-FuG---fusiform-gyrus ,7838.6,10764.0,0.7203
15,56,Left-FuG---fusiform-gyrus,8674.7,12157.0,0.7203
15,57,Right-GRe---gyrus-rectus,2529.4,3503.0,0.7203
15,58,Left-GRe---gyrus-rectus,2023.4,2780.0,0.7203
15,59,Right-IOG---inferior-occipital-gyrus,5588.1,7761.0,0.7203
15,60,Left-IOG---inferior-occipital-gyrus,6669.1,9263.0,0.7203
15,61,Right-ITG---inferior-temporal-gyrus,14454.3,20102.0,0.7203
15,62,Left-ITG---inferior-temporal-gyrus,13499.3,18736.0,0.7203
15,63,Right-LiG---lingual-gyrus,10306.5,14355.0,0.7203
15,64,Left-LiG---lingual-gyrus,10112.4,13951.0,0.7203
15,65,Right-LOrG--lateral-orbital-gyrus,2562.4,3557.0,0.7203
15,66,Left-LOrG--lateral-orbital-gyrus,2799.6,3875.0,0.7203
15,67,Right-MCgG--middle-cingulate-gyrus,4972.4,6951.0,0.7203
15,68,Left-MCgG--middle-cingulate-gyrus,4882.5,6721.0,0.7203
15,69,Right-MFC---medial-frontal-cortex,2435.9,3383.0,0.7203
15,70,Left-MFC---medial-frontal-cortex,2826.6,3955.0,0.7203
15,71,Right-MFG---middle-frontal-gyrus,23164.1,32085.0,0.7203
15,72,Left-MFG---middle-frontal-gyrus,22467.7,31237.0,0.7203
15,73,Right-MOG---middle-occipital-gyrus,5153.7,7059.0,0.7203
15,74,Left-MOG---middle-occipital-gyrus,6026.0,8338.0,0.7203
15,75,Right-MOrG--medial-orbital-gyrus,4071.7,5618.0,0.7203
15,76,Left-MOrG--medial-orbital-gyrus,4654.9,6538.0,0.7203
15,77,Right-MPoG--postcentral-gyrus,1492.5,2128.0,0.7203
15,78,Left-MPoG--postcentral-gyrus,1695.2,2377.0,0.7203
15,79,Right-MPrG--precentral-gyrus,2816.4,3963.0,0.7203
15,80,Left-MPrG--precentral-gyrus,3780.1,5297.0,0.7203
15,81,Right-MSFG--superior-frontal-gyrus,8182.0,11308.0,0.7203
15,82,Left-MSFG--superior-frontal-gyrus,7484.0,10367.0,0.7203
15,83,Right-MTG---middle-temporal-gyrus,16187.7,22507.0,0.7203
15,84,Left-MTG---middle-temporal-gyrus,16067.8,22353.0,0.7203
15,85,Right-OCP---occipital-pole,3675.9,5082.0,0.7203
15,86,Left-OCP---occipital-pole,4843.3,6708.0,0.7203
15,87,Right-OFuG--occipital-fusiform-gyrus,5626.2,7807.0,0.7203
15,88,Left-OFuG--occipital-fusiform-gyrus,5081.6,7043.0,0.7203
15,89,Right-OpIFG-opercular-part-of-the-IFG,4470.0,6206.0,0.7203
15,90,Left-OpIFG-opercular-part-of-the-IFG,3686.1,5149.0,0.7203
15,91,Right-OrIFG-orbital-part-of-the-IFG,1675.9,2342.0,0.7203
15,92,Left-OrIFG-orbital-part-of-the-IFG,1544.9,2137.0,0.7203
15,93,Right-PCgG--posterior-cingulate-gyrus,5375.7,7376.0,0.7203
15,94,Left-PCgG--posterior-cingulate-gyrus,4702.1,6647.0,0.7203
15,95,Right-PCu---precuneus,12699.2,17570.0,0.7203
15,96,Left-PCu---precuneus,11554.6,15897.0,0.7203
15,97,Right-PHG---parahippocampal-gyrus,2941.4,4133.0,0.7203
15,98,Left-PHG---parahippocampal-gyrus,3432.1,4714.0,0.7203
15,99,Right-PIns--posterior-insula,3005.9,4153.0,0.7203
15,100,Left-PIns--posterior-insula,2744.8,3718.0,0.7203
15,101,Right-PO----parietal-operculum,2805.2,3886.0,0.7203
15,102,Left-PO----parietal-operculum,2997.2,4159.0,0.7203
15,103,Right-PoG---postcentral-gyrus,11309.8,15650.0,0.7203
15,104,Left-PoG---postcentral-gyrus,14477.7,19956.0,0.7203
15,105,Right-POrG--posterior-orbital-gyrus,3432.1,4741.0,0.7203
15,106,Left-POrG--posterior-orbital-gyrus,3365.0,4605.0,0.7203
15,107,Right-PP----planum-polare,2365.3,3272.0,0.7203
15,108,Left-PP----planum-polare,2797.6,3871.0,0.7203
15,109,Right-PrG---precentral-gyrus,12302.4,17146.0,0.7203
15,110,Left-PrG---precentral-gyrus,12910.5,17912.0,0.7203
15,111,Right-PT----planum-temporale,2223.6,3085.0,0.7203
15,112,Left-PT----planum-temporale,2142.8,2958.0,0.7203
15,113,Right-SCA---subcallosal-area,886.5,1206.0,0.7203
15,114,Left-SCA---subcallosal-area,1033.8,1418.0,0.7203
15,115,Right-SFG---superior-frontal-gyrus,15851.4,22029.0,0.7203
15,116,Left-SFG---superior-frontal-gyrus,17270.7,23993.0,0.7203
15,117,Right-SMC---supplementary-motor-cortex,6189.6,8645.0,0.7203
15,118,Left-SMC---supplementary-motor-cortex,6115.4,8467.0,0.7203
15,119,Right-SMG---supramarginal-gyrus,9059.8,12586.0,0.7203
15,120,Left-SMG---supramarginal-gyrus,10688.0,14884.0,0.7203
15,121,Right-SOG---superior-occipital-gyrus,6027.5,8445.0,0.7203
15,122,Left-SOG---superior-occipital-gyrus,4116.4,5749.0,0.7203
15,123,Right-SPL---superior-parietal-lobule,13949.9,19408.0,0.7203
15,124,Left-SPL---superior-parietal-lobule,12171.4,16873.0,0.7203
15,125,Right-STG---superior-temporal-gyrus,7903.1,10938.0,0.7203
15,126,Left-STG---superior-temporal-gyrus,8624.4,11883.0,0.7203
15,127,Right-TMP---temporal-pole,9502.3,13212.0,0.7203
15,128,Left-TMP---temporal-pole,8594.5,11942.0,0.7203
15,129,Right-TrIFG-triangular-part-of-the-IFG,3658.7,5107.0,0.7203
15,130,Left-TrIFG-triangular-part-of-the-IFG,4572.6,6296.0,0.7203
15,131,Right-TTG---transverse-temporal-gyrus,1570.3,2176.0,0.7203
15,132,Left-TTG---transverse-temporal-gyrus,2075.2,2887.0,0.7203
16,1,3rd-Ventricle,1644.4,2427.0,0.72436
16,2,4th-Ventricle,1847.1,2528.0,0.72436
16,3,Right-Accumbens-Area,643.6,887.0,0.72436
16,4,Left-Accumbens-Area,649.7,917.0,0.72436
16,5,Right-Amygdala,1237.5,1714.0,0.72436
16,6,Left-Amygdala,1150.1,1590.0,0.72436
16,7,Brain-Stem,17458.7,24165.0,0.72436
16,8,Right-Caudate,3509.3,4826.0,0.72436
16,9,Left-Caudate,3392.0,4694.0,0.72436
16,10,Right-Cerebellum-Exterior,56585.0,78276.0,0.72436
16,11,Left-Cerebellum-Exterior,60470.2,83984.0,0.72436
16,12,Right-Cerebellum-White-Matter,14816.6,20434.0,0.72436
16,13,Left-Cerebellum-White-Matter,15159.5,20975.0,0.72436
16,14,Right-Cerebral-White-Matter,217404.0,300429.0,0.72436
16,15,Left-Cerebral-White-Matter,214621.1,296422.0,0.72436
16,16,Right-Hippocampus,4084.9,5666.0,0.72436
16,17,Left-Hippocampus,3743.0,5122.0,0.72436
16,18,Right-Inf-Lat-Vent,829.1,1154.0,0.72436
16,19,Left-Inf-Lat-Vent,660.9,972.0,0.72436
16,20,Right-Lateral-Ventricle,5096.8,7070.0,0.72436
16,21,Left-Lateral-Ventricle,7908.7,10908.0,0.72436
16,22,Right-Pallidum,1745.5,2392.0,0.72436
16,23,Left-Pallidum,1760.8,2442.0,0.72436
16,24,Right-Putamen,4917.5,6736.0,0.72436
16,25,Left-Putamen,4859.1,6727.0,0.72436
16,26,Right-Thalamus-Proper,8694.6,11941.0,0.72436
16,27,Left-Thalamus-Proper,8460.4,11661.0,0.72436
16,28,Right-Ventral-DC,5306.6,7302.0,0.72436
16,29,Left-Ventral-DC,5454.5,7477.0,0.72436
16,30,Cerebellar-Vermal-Lobules-I-V,5504.8,7552.0,0.72436
16,31,Cerebellar-Vermal-Lobules-VI-VII,2957.1,4067.0,0.72436
16,32,Cerebellar-Vermal-Lobules-VIII-X,3102.9,4308.0,0.72436
16,33,Left-Basal-Forebrain,657.4,902.0,0.72436
16,34,Right-Basal-Forebrain,638.6,876.0,0.72436
16,35,Right-ACgG--anterior-cingulate-gyrus,5554.6,7728.0,0.72436
16,36,Left-ACgG--anterior-cingulate-gyrus,5870.0,8057.0,0.72436
16,37,Right-AIns--anterior-insula,3787.2,5183.0,0.72436
16,38,Left-AIns--anterior-insula,3874.1,5367.0,0.72436
16,39,Right-AOrG--anterior-orbital-gyrus,2679.7,3666.0,0.72436
16,40,Left-AOrG--anterior-orbital-gyrus,2248.4,3124.0,0.72436
16,41,Right-AnG---angular-gyrus,12044.4,16526.0,0.72436
16,42,Left-AnG---angular-gyrus,11383.4,15710.0,0.72436
16,43,Right-Calc--calcarine-cortex,4858.6,6746.0,0.72436
16,44,Left-Calc--calcarine-cortex,4991.2,6931.0,0.72436
16,45,Right-CO----central-operculum,4616.3,6353.0,0.72436
16,46,Left-CO----central-operculum,4392.2,6061.0,0.72436
16,47,Right-Cun---cuneus,5930.5,8421.0,0.72436
16,48,Left-Cun---cuneus,5497.2,7398.0,0.72436
16,49,Right-Ent---entorhinal-area,2326.2,3200.0,0.72436
16,50,Left-Ent---entorhinal-area,2460.8,3409.0,0.72436
16,51,Right-FO----frontal-operculum,1829.3,2515.0,0.72436
16,52,Left-FO----frontal-operculum,2360.7,3261.0,0.72436
16,53,Right-FRP---frontal-pole,3122.2,4280.0,0.72436
16,54,Left-FRP---frontal-pole,3470.2,4797.0,0.72436
16,55,Right-FuG---fusiform-gyrus ,7754.7,10623.0,0.72436
16,56,Left-FuG---fusiform-gyrus,8776.3,12152.0,0.72436
16,57,Right-GRe---gyrus-rectus,2529.4,3536.0,0.72436
16,58,Left-GRe---gyrus-rectus,2050.3,2772.0,0.72436
16,59,Right-IOG---inferior-occipital-gyrus,5693.2,7814.0,0.72436
16,60,Left-IOG---inferior-occipital-gyrus,6758.5,9350.0,0.72436
16,61,Right-ITG---inferior-temporal-gyrus,14490.9,19977.0,0.72436
16,62,Left-ITG---inferior-temporal-gyrus,13405.8,18410.0,0.72436
16,63,Right-LiG---lingual-gyrus,10383.2,14329.0,0.72436
16,64,Left-LiG---lingual-gyrus,10096.1,14000.0,0.72436
16,65,Right-LOrG--lateral-orbital-gyrus,2628.4,3605.0,0.72436
16,66,Left-LOrG--lateral-orbital-gyrus,2740.7,3785.0,0.72436
16,67,Right-MCgG--middle-cingulate-gyrus,5028.8,6861.0,0.72436
16,68,Left-MCgG--middle-cingulate-gyrus,4626.4,6528.0,0.72436
16,69,Right-MFC---medial-frontal-cortex,2450.6,3341.0,0.72436
16,70,Left-MFC---medial-frontal-cortex,2885.5,3956.0,0.72436
16,71,Right-MFG---middle-frontal-gyrus,23095.6,31826.0,0.72436
16,72,Left-MFG---middle-frontal-gyrus,22556.6,31169.0,0.72436
16,73,Right-MOG---middle-occipital-gyrus,5095.3,6914.0,0.72436
16,74,Left-MOG---middle-occipital-gyrus,5939.6,8207.0,0.72436
16,75,Right-MOrG--medial-orbital-gyrus,4064.6,5639.0,0.72436
16,76,Left-MOrG--medial-orbital-gyrus,4730.1,6584.0,0.72436
16,77,Right-MPoG--postcentral-gyrus,1568.7,2214.0,0.72436
16,78,Left-MPoG--postcentral-gyrus,1705.9,2361.0,0.72436
16,79,Right-MPrG--precentral-gyrus,2885.5,3951.0,0.72436
16,80,Left-MPrG--precentral-gyrus,3777.0,5335.0,0.72436
16,81,Right-MSFG--superior-frontal-gyrus,8211.4,11383.0,0.72436
16,82,Left-MSFG--superior-frontal-gyrus,7564.7,10417.0,0.72436
16,83,Right-MTG---middle-temporal-gyrus,16219.2,22338.0,0.72436
16,84,Left-MTG---middle-temporal-gyrus,16033.2,22164.0,0.72436
16,85,Right-OCP---occipital-pole,3787.2,5176.0,0.72436
16,86,Left-OCP---occipital-pole,4780.4,6620.0,0.72436
16,87,Right-OFuG--occipital-fusiform-gyrus,5732.4,7902.0,0.72436
16,88,Left-OFuG--occipital-fusiform-gyrus,4975.4,6820.0,0.72436
16,89,Right-OpIFG-opercular-part-of-the-IFG,4492.8,6182.0,0.72436
16,90,Left-OpIFG-opercular-part-of-the-IFG,3702.9,5131.0,0.72436
16,91,Right-OrIFG-orbital-part-of-the-IFG,1696.2,2353.0,0.72436
16,92,Left-OrIFG-orbital-part-of-the-IFG,1511.8,2083.0,0.72436
16,93,Right-PCgG--posterior-cingulate-gyrus,5423.5,7488.0,0.72436
16,94,Left-PCgG--posterior-cingulate-gyrus,4836.7,6623.0,0.72436
16,95,Right-PCu---precuneus,12539.7,17381.0,0.72436
16,96,Left-PCu---precuneus,11682.7,15972.0,0.72436
16,97,Right-PHG---parahippocampal-gyrus,2920.5,4047.0,0.72436
16,98,Left-PHG---parahippocampal-gyrus,3458.0,4762.0,0.72436
16,99,Right-PIns--posterior-insula,3039.9,4143.0,0.72436
16,100,Left-PIns--posterior-insula,2718.3,3723.0,0.72436
16,101,Right-PO----parietal-operculum,2841.3,3935.0,0.72436
16,102,Left-PO----parietal-operculum,3033.8,4174.0,0.72436
16,103,Right-PoG---postcentral-gyrus,11371.2,15836.0,0.72436
16,104,Left-PoG---postcentral-gyrus,14578.8,20254.0,0.72436
16,105,Right-POrG--posterior-orbital-gyrus,3482.9,4776.0,0.72436
16,106,Left-POrG--posterior-orbital-gyrus,3444.3,4691.0,0.72436
16,107,Right-PP----planum-polare,2335.8,3223.0,0.72436
16,108,Left-PP----planum-polare,2809.8,3855.0,0.72436
16,109,Right-PrG---precentral-gyrus,12296.8,16970.0,0.72436
16,110,Left-PrG---precentral-gyrus,12882.1,17770.0,0.72436
16,111,Right-PT----planum-temporale,2249.5,3084.0,0.72436
16,112,Left-PT----planum-temporale,2095.5,2921.0,0.72436
16,113,Right-SCA---subcallosal-area,913.4,1237.0,0.72436
16,114,Left-SCA---subcallosal-area,997.2,1393.0,0.72436
16,115,Right-SFG---superior-frontal-gyrus,15655.3,21702.0,0.72436
16,116,Left-SFG---superior-frontal-gyrus,17355.6,23981.0,0.72436
16,117,Right-SMC---supplementary-motor-cortex,6294.7,8640.0,0.72436
16,118,Left-SMC---supplementary-motor-cortex,6085.9,8369.0,0.72436
16,119,Right-SMG---supramarginal-gyrus,9083.2,12579.0,0.72436
16,120,Left-SMG---supramarginal-gyrus,10737.3,14760.0,0.72436
16,121,Right-SOG---superior-occipital-gyrus,6008.7,8393.0,0.72436
16,122,Left-SOG---superior-occipital-gyrus,4113.3,5721.0,0.72436
16,123,Right-SPL---superior-parietal-lobule,13965.6,19239.0,0.72436
16,124,Left-SPL---superior-parietal-lobule,12166.8,16776.0,0.72436
16,125,Right-STG---superior-temporal-gyrus,7855.3,10834.0,0.72436
16,126,Left-STG---superior-temporal-gyrus,8695.6,12012.0,0.72436
16,127,Right-TMP---temporal-pole,9548.0,13148.0,0.72436
16,128,Left-TMP---temporal-pole,8718.4,12004.0,0.72436
16,129,Right-TrIFG-triangular-part-of-the-IFG,3736.4,5142.0,0.72436
16,130,Left-TrIFG-triangular-part-of-the-IFG,4635.6,6337.0,0.72436
16,131,Right-TTG---transverse-temporal-gyrus,1583.0,2178.0,0.72436
16,132,Left-TTG---transverse-temporal-gyrus,2121.4,2920.0,0.72436
17,1,3rd-Ventricle,1707.9,2494.0,0.72225
17,2,4th-Ventricle,1816.1,2522.0,0.72225
17,3,Right-Accumbens-Area,735.1,1001.0,0.72225
17,4,Left-Accumbens-Area,663.5,934.0,0.72225
17,5,Right-Amygdala,1249.2,1730.0,0.72225
17,6,Left-Amygdala,1142.0,1579.0,0.72225
17,7,Brain-Stem,17441.9,24138.0,0.72225
17,8,Right-Caudate,3531.2,4834.0,0.72225
17,9,Left-Caudate,3402.6,4705.0,0.72225
17,10,Right-Cerebellum-Exterior,56223.8,77778.0,0.72225
17,11,Left-Cerebellum-Exterior,59925.1,83233.0,0.72225
17,12,Right-Cerebellum-White-Matter,15019.3,20804.0,0.72225
17,13,Left-Cerebellum-White-Matter,15349.5,21273.0,0.72225
17,14,Right-Cerebral-White-Matter,216568.3,299907.0,0.72225
17,15,Left-Cerebral-White-Matter,213740.2,296279.0,0.72225
17,16,Right-Hippocampus,4076.8,5617.0,0.72225
17,17,Left-Hippocampus,3672.4,5063.0,0.72225
17,18,Right-Inf-Lat-Vent,873.8,1224.0,0.72225
17,19,Left-Inf-Lat-Vent,711.2,1043.0,0.72225
17,20,Right-Lateral-Ventricle,5132.9,7183.0,0.72225
17,21,Left-Lateral-Ventricle,7960.0,11006.0,0.72225
17,22,Right-Pallidum,1749.6,2414.0,0.72225
17,23,Left-Pallidum,1738.9,2417.0,0.72225
17,24,Right-Putamen,4883.5,6705.0,0.72225
17,25,Left-Putamen,4908.9,6776.0,0.72225
17,26,Right-Thalamus-Proper,8706.2,12025.0,0.72225
17,27,Left-Thalamus-Proper,8562.5,11856.0,0.72225
17,28,Right-Ventral-DC,5259.9,7273.0,0.72225
17,29,Left-Ventral-DC,5412.8,7403.0,0.72225
17,30,Cerebellar-Vermal-Lobules-I-V,5408.3,7453.0,0.72225
17,31,Cerebellar-Vermal-Lobules-VI-VII,2921.0,4008.0,0.72225
17,32,Cerebellar-Vermal-Lobules-VIII-X,3039.4,4223.0,0.72225
17,33,Left-Basal-Forebrain,623.8,868.0,0.72225
17,34,Right-Basal-Forebrain,622.3,863.0,0.72225
17,35,Right-ACgG--anterior-cingulate-gyrus,5602.8,7785.0,0.72225
17,36,Left-ACgG--anterior-cingulate-gyrus,5845.6,8033.0,0.72225
17,37,Right-AIns--anterior-insula,3734.9,5155.0,0.72225
17,38,Left-AIns--anterior-insula,3967.5,5468.0,0.72225
17,39,Right-AOrG--anterior-orbital-gyrus,2639.6,3700.0,0.72225
17,40,Left-AOrG--anterior-orbital-gyrus,2250.0,3148.0,0.72225
17,41,Right-AnG---angular-gyrus,12151.5,16806.0,0.72225
17,42,Left-AnG---angular-gyrus,11434.2,15790.0,0.72225
17,43,Right-Calc--calcarine-cortex,5018.1,6961.0,0.72225
17,44,Left-Calc--calcarine-cortex,5061.3,7028.0,0.72225
17,45,Right-CO----central-operculum,4597.5,6360.0,0.72225
17,46,Left-CO----central-operculum,4379.5,6055.0,0.72225
17,47,Right-Cun---cuneus,6204.8,8656.0,0.72225
17,48,Left-Cun---cuneus,5557.1,7605.0,0.72225
17,49,Right-Ent---entorhinal-area,2307.4,3183.0,0.72225
17,50,Left-Ent---entorhinal-area,2530.4,3483.0,0.72225
17,51,Right-FO----frontal-operculum,1795.3,2479.0,0.72225
17,52,Left-FO----frontal-operculum,2317.5,3219.0,0.72225
17,53,Right-FRP---frontal-pole,3116.1,4321.0,0.72225
17,54,Left-FRP---frontal-pole,3665.8,5069.0,0.72225
17,55,Right-FuG---fusiform-gyrus ,7735.4,10677.0,0.72225
17,56,Left-FuG---fusiform-gyrus,8805.8,12247.0,0.72225
17,57,Right-GRe---gyrus-rectus,2528.9,3506.0,0.72225
17,58,Left-GRe---gyrus-rectus,1992.4,2751.0,0.72225
17,59,Right-IOG---inferior-occipital-gyrus,5602.3,7726.0,0.72225
17,60,Left-IOG---inferior-occipital-gyrus,6674.7,9276.0,0.72225
17,61,Right-ITG---inferior-temporal-gyrus,14412.7,19962.0,0.72225
17,62,Left-ITG---inferior-temporal-gyrus,13526.7,18696.0,0.72225
17,63,Right-LiG---lingual-gyrus,10289.2,14318.0,0.72225
17,64,Left-LiG---lingual-gyrus,9952.9,13771.0,0.72225
17,65,Right-LOrG--lateral-orbital-gyrus,2619.3,3605.0,0.72225
17,66,Left-LOrG--lateral-orbital-gyrus,2806.7,3874.0,0.72225
17,67,Right-MCgG--middle-cingulate-gyrus,4984.1,6934.0,0.72225
17,68,Left-MCgG--middle-cingulate-gyrus,4804.2,6600.0,0.72225
17,69,Right-MFC---medial-frontal-cortex,2393.2,3298.0,0.72225
17,70,Left-MFC---medial-frontal-cortex,2876.3,3967.0,0.72225
17,71,Right-MFG---middle-frontal-gyrus,23125.0,32087.0,0.72225
17,72,Left-MFG---middle-frontal-gyrus,22553.0,31176.0,0.72225
17,73,Right-MOG---middle-occipital-gyrus,5005.9,7013.0,0.72225
17,74,Left-MOG---middle-occipital-gyrus,6069.7,8288.0,0.72225
17,75,Right-MOrG--medial-orbital-gyrus,4073.7,5596.0,0.72225
17,76,Left-MOrG--medial-orbital-gyrus,4701.1,6540.0,0.72225
17,77,Right-MPoG--postcentral-gyrus,1593.6,2182.0,0.72225
17,78,Left-MPoG--postcentral-gyrus,1714.5,2367.0,0.72225
17,79,Right-MPrG--precentral-gyrus,2798.1,3897.0,0.72225
17,80,Left-MPrG--precentral-gyrus,3887.8,5287.0,0.72225
17,81,Right-MSFG--superior-frontal-gyrus,8227.2,11379.0,0.72225
17,82,Left-MSFG--superior-frontal-gyrus,7497.2,10400.0,0.72225
17,83,Right-MTG---middle-temporal-gyrus,16210.0,22422.0,0.72225
17,84,Left-MTG---middle-temporal-gyrus,15931.1,22096.0,0.72225
17,85,Right-OCP---occipital-pole,3756.7,5249.0,0.72225
17,86,Left-OCP---occipital-pole,4822.0,6687.0,0.72225
17,87,Right-OFuG--occipital-fusiform-gyrus,5722.2,7861.0,0.72225
17,88,Left-OFuG--occipital-fusiform-gyrus,4980.5,6860.0,0.72225
17,89,Right-OpIFG-opercular-part-of-the-IFG,4500.4,6194.0,0.72225
17,90,Left-OpIFG-opercular-part-of-the-IFG,3711.0,5162.0,0.72225
17,91,Right-OrIFG-orbital-part-of-the-IFG,1697.3,2356.0,0.72225
17,92,Left-OrIFG-orbital-part-of-the-IFG,1518.4,2088.0,0.72225
17,93,Right-PCgG--posterior-cingulate-gyrus,5424.5,7421.0,0.72225
17,94,Left-PCgG--posterior-cingulate-gyrus,4692.0,6607.0,0.72225
17,95,Right-PCu---precuneus,12820.1,17547.0,0.72225
17,96,Left-PCu---precuneus,11388.0,15950.0,0.72225
17,97,Right-PHG---parahippocampal-gyrus,2976.9,4127.0,0.72225
17,98,Left-PHG---parahippocampal-gyrus,3492.6,4817.0,0.72225
17,99,Right-PIns--posterior-insula,3033.8,4144.0,0.72225
17,100,Left-PIns--posterior-insula,2726.5,3734.0,0.72225
17,101,Right-PO----parietal-operculum,2829.1,3908.0,0.72225
17,102,Left-PO----parietal-operculum,2981.0,4105.0,0.72225
17,103,Right-PoG---postcentral-gyrus,11458.1,15814.0,0.72225
17,104,Left-PoG---postcentral-gyrus,14410.1,19991.0,0.72225
17,105,Right-POrG--posterior-orbital-gyrus,3452.9,4751.0,0.72225
17,106,Left-POrG--posterior-orbital-gyrus,3401.1,4712.0,0.72225
17,107,Right-PP----planum-polare,2357.7,3267.0,0.72225
17,108,Left-PP----planum-polare,2821.0,3884.0,0.72225
17,109,Right-PrG---precentral-gyrus,12400.0,17106.0,0.72225
17,110,Left-PrG---precentral-gyrus,12820.6,17781.0,0.72225
17,111,Right-PT----planum-temporale,2247.4,3115.0,0.72225
17,112,Left-PT----planum-temporale,2102.1,2915.0,0.72225
17,113,Right-SCA---subcallosal-area,886.5,1186.0,0.72225
17,114,Left-SCA---subcallosal-area,1031.3,1432.0,0.72225
17,115,Right-SFG---superior-frontal-gyrus,15821.9,21899.0,0.72225
17,116,Left-SFG---superior-frontal-gyrus,17436.9,24058.0,0.72225
17,117,Right-SMC---supplementary-motor-cortex,6248.0,8725.0,0.72225
17,118,Left-SMC---supplementary-motor-cortex,6058.0,8355.0,0.72225
17,119,Right-SMG---supramarginal-gyrus,9049.7,12598.0,0.72225
17,120,Left-SMG---supramarginal-gyrus,10630.6,14729.0,0.72225
17,121,Right-SOG---superior-occipital-gyrus,6129.1,8467.0,0.72225
17,122,Left-SOG---superior-occipital-gyrus,4151.9,5783.0,0.72225
17,123,Right-SPL---superior-parietal-lobule,14041.8,19542.0,0.72225
17,124,Left-SPL---superior-parietal-lobule,12231.3,16872.0,0.72225
17,125,Right-STG---superior-temporal-gyrus,7877.2,10968.0,0.72225
17,126,Left-STG---superior-temporal-gyrus,8781.4,12132.0,0.72225
17,127,Right-TMP---temporal-pole,9361.1,12968.0,0.72225
17,128,Left-TMP---temporal-pole,8631.6,11961.0,0.72225
17,129,Right-TrIFG-triangular-part-of-the-IFG,3753.2,5147.0,0.72225
17,130,Left-TrIFG-triangular-part-of-the-IFG,4656.4,6395.0,0.72225
17,131,Right-TTG---transverse-temporal-gyrus,1572.3,2171.0,0.72225
17,132,Left-TTG---transverse-temporal-gyrus,2067.1,2872.0,0.72225
18,1,3rd-Ventricle,1665.8,2380.0,0.72063
18,2,4th-Ventricle,1795.3,2465.0,0.72063
18,3,Right-Accumbens-Area,816.9,1141.0,0.72063
18,4,Left-Accumbens-Area,659.9,920.0,0.72063
18,5,Right-Amygdala,1266.5,1758.0,0.72063
18,6,Left-Amygdala,1158.3,1606.0,0.72063
18,7,Brain-Stem,17433.3,24127.0,0.72063
18,8,Right-Caudate,3513.4,4845.0,0.72063
18,9,Left-Caudate,3408.2,4729.0,0.72063
18,10,Right-Cerebellum-Exterior,56988.3,79042.0,0.72063
18,11,Left-Cerebellum-Exterior,61064.6,85121.0,0.72063
18,12,Right-Cerebellum-White-Matter,14980.1,20807.0,0.72063
18,13,Left-Cerebellum-White-Matter,15230.1,21190.0,0.72063
18,14,Right-Cerebral-White-Matter,218241.7,303136.0,0.72063
18,15,Left-Cerebral-White-Matter,215680.3,299563.0,0.72063
18,16,Right-Hippocampus,4064.6,5653.0,0.72063
18,17,Left-Hippocampus,3735.9,5205.0,0.72063
18,18,Right-Inf-Lat-Vent,818.9,1132.0,0.72063
18,19,Left-Inf-Lat-Vent,703.1,937.0,0.72063
18,20,Right-Lateral-Ventricle,5007.4,6993.0,0.72063
18,21,Left-Lateral-Ventricle,7725.8,10694.0,0.72063
18,22,Right-Pallidum,1739.9,2420.0,0.72063
18,23,Left-Pallidum,1805.5,2482.0,0.72063
18,24,Right-Putamen,4862.1,6816.0,0.72063
18,25,Left-Putamen,4921.1,6798.0,0.72063
18,26,Right-Thalamus-Proper,8663.6,12015.0,0.72063
18,27,Left-Thalamus-Proper,8510.1,11758.0,0.72063
18,28,Right-Ventral-DC,5212.7,7295.0,0.72063
18,29,Left-Ventral-DC,5467.7,7538.0,0.72063
18,30,Cerebellar-Vermal-Lobules-I-V,5299.0,7372.0,0.72063
18,31,Cerebellar-Vermal-Lobules-VI-VII,2844.8,3983.0,0.72063
18,32,Cerebellar-Vermal-Lobules-VIII-X,3071.9,4266.0,0.72063
18,33,Left-Basal-Forebrain,637.5,886.0,0.72063
18,34,Right-Basal-Forebrain,606.6,841.0,0.72063
18,35,Right-ACgG--anterior-cingulate-gyrus,5577.4,7718.0,0.72063
18,36,Left-ACgG--anterior-cingulate-gyrus,5689.7,7908.0,0.72063
18,37,Right-AIns--anterior-insula,3788.7,5243.0,0.72063
18,38,Left-AIns--anterior-insula,3919.8,5411.0,0.72063
18,39,Right-AOrG--anterior-orbital-gyrus,2651.8,3698.0,0.72063
18,40,Left-AOrG--anterior-orbital-gyrus,2246.4,3154.0,0.72063
18,41,Right-AnG---angular-gyrus,12307.5,17006.0,0.72063
18,42,Left-AnG---angular-gyrus,11349.4,15814.0,0.72063
18,43,Right-Calc--calcarine-cortex,5027.8,6933.0,0.72063
18,44,Left-Calc--calcarine-cortex,5131.4,7101.0,0.72063
18,45,Right-CO----central-operculum,4622.9,6399.0,0.72063
18,46,Left-CO----central-operculum,4366.3,6074.0,0.72063
18,47,Right-Cun---cuneus,6365.3,8793.0,0.72063
18,48,Left-Cun---cuneus,5471.8,7591.0,0.72063
18,49,Right-Ent---entorhinal-area,2308.4,3218.0,0.72063
18,50,Left-Ent---entorhinal-area,2438.4,3374.0,0.72063
18,51,Right-FO----frontal-operculum,1826.3,2528.0,0.72063
18,52,Left-FO----frontal-operculum,2335.8,3246.0,0.72063
18,53,Right-FRP---frontal-pole,2981.5,4084.0,0.72063
18,54,Left-FRP---frontal-pole,3656.6,5067.0,0.72063
18,55,Right-FuG---fusiform-gyrus ,7785.7,10785.0,0.72063
18,56,Left-FuG---fusiform-gyrus,8787.0,12116.0,0.72063
18,57,Right-GRe---gyrus-rectus,2571.5,3539.0,0.72063
18,58,Left-GRe---gyrus-rectus,1946.7,2713.0,0.72063
18,59,Right-IOG---inferior-occipital-gyrus,5651.6,7875.0,0.72063
18,60,Left-IOG---inferior-occipital-gyrus,6840.8,9472.0,0.72063
18,61,Right-ITG---inferior-temporal-gyrus,14370.0,19995.0,0.72063
18,62,Left-ITG---inferior-temporal-gyrus,13670.0,18953.0,0.72063
18,63,Right-LiG---lingual-gyrus,10426.9,14395.0,0.72063
18,64,Left-LiG---lingual-gyrus,9963.0,13809.0,0.72063
18,65,Right-LOrG--lateral-orbital-gyrus,2506.0,3455.0,0.72063
18,66,Left-LOrG--lateral-orbital-gyrus,2683.8,3736.0,0.72063
18,67,Right-MCgG--middle-cingulate-gyrus,5023.7,7029.0,0.72063
18,68,Left-MCgG--middle-cingulate-gyrus,4975.4,6828.0,0.72063
18,69,Right-MFC---medial-frontal-cortex,2370.4,3283.0,0.72063
18,70,Left-MFC---medial-frontal-cortex,2894.1,3951.0,0.72063
18,71,Right-MFG---middle-frontal-gyrus,23289.6,32265.0,0.72063
18,72,Left-MFG---middle-frontal-gyrus,22584.0,31332.0,0.72063
18,73,Right-MOG---middle-occipital-gyrus,5204.5,7115.0,0.72063
18,74,Left-MOG---middle-occipital-gyrus,6045.8,8439.0,0.72063
18,75,Right-MOrG--medial-orbital-gyrus,4014.3,5575.0,0.72063
18,76,Left-MOrG--medial-orbital-gyrus,4720.4,6513.0,0.72063
18,77,Right-MPoG--postcentral-gyrus,1577.9,2185.0,0.72063
18,78,Left-MPoG--postcentral-gyrus,1807.0,2498.0,0.72063
18,79,Right-MPrG--precentral-gyrus,2835.2,3935.0,0.72063
18,80,Left-MPrG--precentral-gyrus,3907.1,5367.0,0.72063
18,81,Right-MSFG--superior-frontal-gyrus,8223.6,11277.0,0.72063
18,82,Left-MSFG--superior-frontal-gyrus,7478.4,10442.0,0.72063
18,83,Right-MTG---middle-temporal-gyrus,16133.8,22420.0,0.72063
18,84,Left-MTG---middle-temporal-gyrus,16020.0,22257.0,0.72063
18,85,Right-OCP---occipital-pole,3772.0,5210.0,0.72063
18,86,Left-OCP---occipital-pole,4937.3,6830.0,0.72063
18,87,Right-OFuG--occipital-fusiform-gyrus,5778.1,8002.0,0.72063
18,88,Left-OFuG--occipital-fusiform-gyrus,5167.5,7194.0,0.72063
18,89,Right-OpIFG-opercular-part-of-the-IFG,4494.3,6239.0,0.72063
18,90,Left-OpIFG-opercular-part-of-the-IFG,3827.3,5341.0,0.72063
18,91,Right-OrIFG-orbital-part-of-the-IFG,1580.4,2219.0,0.72063
18,92,Left-OrIFG-orbital-part-of-the-IFG,1552.5,2149.0,0.72063
18,93,Right-PCgG--posterior-cingulate-gyrus,5446.9,7532.0,0.72063
18,94,Left-PCgG--posterior-cingulate-gyrus,4767.1,6675.0,0.72063
18,95,Right-PCu---precuneus,12804.8,17701.0,0.72063
18,96,Left-PCu---precuneus,11536.9,16060.0,0.72063
18,97,Right-PHG---parahippocampal-gyrus,2987.6,4118.0,0.72063
18,98,Left-PHG---parahippocampal-gyrus,3446.8,4783.0,0.72063
18,99,Right-PIns--posterior-insula,3006.9,4163.0,0.72063
18,100,Left-PIns--posterior-insula,2743.8,3770.0,0.72063
18,101,Right-PO----parietal-operculum,2838.7,3929.0,0.72063
18,102,Left-PO----parietal-operculum,3061.8,4258.0,0.72063
18,103,Right-PoG---postcentral-gyrus,11323.5,15742.0,0.72063
18,104,Left-PoG---postcentral-gyrus,14459.9,20090.0,0.72063
18,105,Right-POrG--posterior-orbital-gyrus,3424.5,4751.0,0.72063
18,106,Left-POrG--posterior-orbital-gyrus,3380.8,4755.0,0.72063
18,107,Right-PP----planum-polare,2368.3,3294.0,0.72063
18,108,Left-PP----planum-polare,2786.9,3899.0,0.72063
18,109,Right-PrG---precentral-gyrus,12560.0,17351.0,0.72063
18,110,Left-PrG---precentral-gyrus,13039.0,18086.0,0.72063
18,111,Right-PT----planum-temporale,2270.3,3151.0,0.72063
18,112,Left-PT----planum-temporale,2103.7,2927.0,0.72063
18,113,Right-SCA---subcallosal-area,852.4,1160.0,0.72063
18,114,Left-SCA---subcallosal-area,936.3,1310.0,0.72063
18,115,Right-SFG---superior-frontal-gyrus,15933.2,22117.0,0.72063
18,116,Left-SFG---superior-frontal-gyrus,17343.9,24177.0,0.72063
18,117,Right-SMC---supplementary-motor-cortex,6391.2,8854.0,0.72063
18,118,Left-SMC---supplementary-motor-cortex,6096.1,8472.0,0.72063
18,119,Right-SMG---supramarginal-gyrus,8927.2,12504.0,0.72063
18,120,Left-SMG---supramarginal-gyrus,10702.7,14761.0,0.72063
18,121,Right-SOG---superior-occipital-gyrus,6006.2,8452.0,0.72063
18,122,Left-SOG---superior-occipital-gyrus,4143.3,5795.0,0.72063
18,123,Right-SPL---superior-parietal-lobule,13822.4,19261.0,0.72063
18,124,Left-SPL---superior-parietal-lobule,12064.7,16616.0,0.72063
18,125,Right-STG---superior-temporal-gyrus,7987.4,11107.0,0.72063
18,126,Left-STG---superior-temporal-gyrus,8679.3,12014.0,0.72063
18,127,Right-TMP---temporal-pole,9624.7,13339.0,0.72063
18,128,Left-TMP---temporal-pole,8892.7,12333.0,0.72063
18,129,Right-TrIFG-triangular-part-of-the-IFG,3853.7,5331.0,0.72063
18,130,Left-TrIFG-triangular-part-of-the-IFG,4587.3,6320.0,0.72063
18,131,Right-TTG---transverse-temporal-gyrus,1600.2,2210.0,0.72063
18,132,Left-TTG---transverse-temporal-gyrus,2114.8,2934.0,0.72063
19,1,3rd-Ventricle,1824.3,2426.0,0.72078
19,2,4th-Ventricle,1781.6,2478.0,0.72078
19,3,Right-Accumbens-Area,734.1,1025.0,0.72078
19,4,Left-Accumbens-Area,641.1,873.0,0.72078
19,5,Right-Amygdala,1257.8,1741.0,0.72078
19,6,Left-Amygdala,1158.3,1620.0,0.72078
19,7,Brain-Stem,17538.5,24277.0,0.72078
19,8,Right-Caudate,3516.4,4899.0,0.72078
19,9,Left-Caudate,3439.2,4764.0,0.72078
19,10,Right-Cerebellum-Exterior,56347.7,78269.0,0.72078
19,11,Left-Cerebellum-Exterior,60412.3,84176.0,0.72078
19,12,Right-Cerebellum-White-Matter,14804.4,20571.0,0.72078
19,13,Left-Cerebellum-White-Matter,15202.6,21113.0,0.72078
19,14,Right-Cerebral-White-Matter,215728.6,299519.0,0.72078
19,15,Left-Cerebral-White-Matter,213549.7,296353.0,0.72078
19,16,Right-Hippocampus,4087.4,5672.0,0.72078
19,17,Left-Hippocampus,3711.0,5156.0,0.72078
19,18,Right-Inf-Lat-Vent,835.7,1160.0,0.72078
19,19,Left-Inf-Lat-Vent,739.2,970.0,0.72078
19,20,Right-Lateral-Ventricle,5146.6,7091.0,0.72078
19,21,Left-Lateral-Ventricle,7900.0,10997.0,0.72078
19,22,Right-Pallidum,1741.5,2432.0,0.72078
19,23,Left-Pallidum,1781.6,2462.0,0.72078
19,24,Right-Putamen,4918.5,6864.0,0.72078
19,25,Left-Putamen,4864.2,6758.0,0.72078
19,26,Right-Thalamus-Proper,8706.7,12110.0,0.72078
19,27,Left-Thalamus-Proper,8589.9,11889.0,0.72078
19,28,Right-Ventral-DC,5285.8,7317.0,0.72078
19,29,Left-Ventral-DC,5288.9,7467.0,0.72078
19,30,Cerebellar-Vermal-Lobules-I-V,5305.6,7396.0,0.72078
19,31,Cerebellar-Vermal-Lobules-VI-VII,2880.9,4046.0,0.72078
19,32,Cerebellar-Vermal-Lobules-VIII-X,3114.6,4297.0,0.72078
19,33,Left-Basal-Forebrain,643.1,881.0,0.72078
19,34,Right-Basal-Forebrain,616.2,865.0,0.72078
19,35,Right-ACgG--anterior-cingulate-gyrus,5537.3,7717.0,0.72078
19,36,Left-ACgG--anterior-cingulate-gyrus,5817.7,8066.0,0.72078
19,37,Right-AIns--anterior-insula,3833.9,5306.0,0.72078
19,38,Left-AIns--anterior-insula,3889.3,5388.0,0.72078
19,39,Right-AOrG--anterior-orbital-gyrus,2716.3,3701.0,0.72078
19,40,Left-AOrG--anterior-orbital-gyrus,2264.2,3104.0,0.72078
19,41,Right-AnG---angular-gyrus,12315.6,17017.0,0.72078
19,42,Left-AnG---angular-gyrus,11460.1,15979.0,0.72078
19,43,Right-Calc--calcarine-cortex,4890.6,6801.0,0.72078
19,44,Left-Calc--calcarine-cortex,5056.2,7006.0,0.72078
19,45,Right-CO----central-operculum,4573.1,6343.0,0.72078
19,46,Left-CO----central-operculum,4436.4,6120.0,0.72078
19,47,Right-Cun---cuneus,6230.7,8636.0,0.72078
19,48,Left-Cun---cuneus,5558.1,7634.0,0.72078
19,49,Right-Ent---entorhinal-area,2330.7,3251.0,0.72078
19,50,Left-Ent---entorhinal-area,2485.2,3457.0,0.72078
19,51,Right-FO----frontal-operculum,1801.9,2492.0,0.72078
19,52,Left-FO----frontal-operculum,2275.4,3151.0,0.72078
19,53,Right-FRP---frontal-pole,3126.8,4324.0,0.72078
19,54,Left-FRP---frontal-pole,3600.3,5032.0,0.72078
19,55,Right-FuG---fusiform-gyrus ,7801.5,10833.0,0.72078
19,56,Left-FuG---fusiform-gyrus,8794.6,12118.0,0.72078
19,57,Right-GRe---gyrus-rectus,2574.6,3543.0,0.72078
19,58,Left-GRe---gyrus-rectus,2035.1,2805.0,0.72078
19,59,Right-IOG---inferior-occipital-gyrus,5736.9,7937.0,0.72078
19,60,Left-IOG---inferior-occipital-gyrus,6774.8,9381.0,0.72078
19,61,Right-ITG---inferior-temporal-gyrus,14472.6,20102.0,0.72078
19,62,Left-ITG---inferior-temporal-gyrus,13524.2,18750.0,0.72078
19,63,Right-LiG---lingual-gyrus,10433.5,14379.0,0.72078
19,64,Left-LiG---lingual-gyrus,10021.5,13948.0,0.72078
19,65,Right-LOrG--lateral-orbital-gyrus,2570.5,3601.0,0.72078
19,66,Left-LOrG--lateral-orbital-gyrus,2807.8,3884.0,0.72078
19,67,Right-MCgG--middle-cingulate-gyrus,5386.4,7378.0,0.72078
19,68,Left-MCgG--middle-cingulate-gyrus,4798.1,6795.0,0.72078
19,69,Right-MFC---medial-frontal-cortex,2403.9,3343.0,0.72078
19,70,Left-MFC---medial-frontal-cortex,2773.2,3879.0,0.72078
19,71,Right-MFG---middle-frontal-gyrus,23315.5,32301.0,0.72078
19,72,Left-MFG---middle-frontal-gyrus,22620.1,31273.0,0.72078
19,73,Right-MOG---middle-occipital-gyrus,5243.1,7182.0,0.72078
19,74,Left-MOG---middle-occipital-gyrus,6027.0,8395.0,0.72078
19,75,Right-MOrG--medial-orbital-gyrus,4050.9,5643.0,0.72078
19,76,Left-MOrG--medial-orbital-gyrus,4762.1,6605.0,0.72078
19,77,Right-MPoG--postcentral-gyrus,1606.3,2198.0,0.72078
19,78,Left-MPoG--postcentral-gyrus,1786.2,2462.0,0.72078
19,79,Right-MPrG--precentral-gyrus,2825.0,3964.0,0.72078
19,80,Left-MPrG--precentral-gyrus,3817.2,5315.0,0.72078
19,81,Right-MSFG--superior-frontal-gyrus,8146.4,11417.0,0.72078
19,82,Left-MSFG--superior-frontal-gyrus,7586.6,10421.0,0.72078
19,83,Right-MTG---middle-temporal-gyrus,16200.4,22500.0,0.72078
19,84,Left-MTG---middle-temporal-gyrus,16233.9,22427.0,0.72078
19,85,Right-OCP---occipital-pole,3886.8,5332.0,0.72078
19,86,Left-OCP---occipital-pole,4857.6,6767.0,0.72078
19,87,Right-OFuG--occipital-fusiform-gyrus,5709.0,7943.0,0.72078
19,88,Left-OFuG--occipital-fusiform-gyrus,5064.3,7056.0,0.72078
19,89,Right-OpIFG-opercular-part-of-the-IFG,4511.1,6230.0,0.72078
19,90,Left-OpIFG-opercular-part-of-the-IFG,3829.9,5285.0,0.72078
19,91,Right-OrIFG-orbital-part-of-the-IFG,1663.2,2302.0,0.72078
19,92,Left-OrIFG-orbital-part-of-the-IFG,1518.9,2115.0,0.72078
19,93,Right-PCgG--posterior-cingulate-gyrus,5428.1,7532.0,0.72078
19,94,Left-PCgG--posterior-cingulate-gyrus,4891.1,6727.0,0.72078
19,95,Right-PCu---precuneus,12639.2,17552.0,0.72078
19,96,Left-PCu---precuneus,11528.2,15913.0,0.72078
19,97,Right-PHG---parahippocampal-gyrus,2962.2,4095.0,0.72078
19,98,Left-PHG---parahippocampal-gyrus,3433.6,4815.0,0.72078
19,99,Right-PIns--posterior-insula,2976.9,4201.0,0.72078
19,100,Left-PIns--posterior-insula,2673.6,3745.0,0.72078
19,101,Right-PO----parietal-operculum,2807.3,3898.0,0.72078
19,102,Left-PO----parietal-operculum,3043.0,4200.0,0.72078
19,103,Right-PoG---postcentral-gyrus,11465.7,15834.0,0.72078
19,104,Left-PoG---postcentral-gyrus,14342.1,19914.0,0.72078
19,105,Right-POrG--posterior-orbital-gyrus,3357.4,4652.0,0.72078
19,106,Left-POrG--posterior-orbital-gyrus,3386.4,4637.0,0.72078
19,107,Right-PP----planum-polare,2361.7,3256.0,0.72078
19,108,Left-PP----planum-polare,2957.6,4121.0,0.72078
19,109,Right-PrG---precentral-gyrus,12447.2,17296.0,0.72078
19,110,Left-PrG---precentral-gyrus,13016.2,18033.0,0.72078
19,111,Right-PT----planum-temporale,2270.8,3148.0,0.72078
19,112,Left-PT----planum-temporale,2104.7,2946.0,0.72078
19,113,Right-SCA---subcallosal-area,815.9,1170.0,0.72078
19,114,Left-SCA---subcallosal-area,1022.6,1390.0,0.72078
19,115,Right-SFG---superior-frontal-gyrus,16081.0,22240.0,0.72078
19,116,Left-SFG---superior-frontal-gyrus,17491.2,24182.0,0.72078
19,117,Right-SMC---supplementary-motor-cortex,6304.4,8750.0,0.72078
19,118,Left-SMC---supplementary-motor-cortex,6153.0,8517.0,0.72078
19,119,Right-SMG---supramarginal-gyrus,9123.3,12637.0,0.72078
19,120,Left-SMG---supramarginal-gyrus,10883.1,15034.0,0.72078
19,121,Right-SOG---superior-occipital-gyrus,6034.1,8485.0,0.72078
19,122,Left-SOG---superior-occipital-gyrus,4195.1,5893.0,0.72078
19,123,Right-SPL---superior-parietal-lobule,13952.4,19458.0,0.72078
19,124,Left-SPL---superior-parietal-lobule,12184.1,16796.0,0.72078
19,125,Right-STG---superior-temporal-gyrus,8000.1,11058.0,0.72078
19,126,Left-STG---superior-temporal-gyrus,8512.7,11884.0,0.72078
19,127,Right-TMP---temporal-pole,9576.5,13294.0,0.72078
19,128,Left-TMP---temporal-pole,8766.7,12106.0,0.72078
19,129,Right-TrIFG-triangular-part-of-the-IFG,3759.3,5217.0,0.72078
19,130,Left-TrIFG-triangular-part-of-the-IFG,4646.7,6459.0,0.72078
19,131,Right-TTG---transverse-temporal-gyrus,1565.7,2183.0,0.72078
19,132,Left-TTG---transverse-temporal-gyrus,2060.5,2846.0,0.72078
20,1,3rd-Ventricle,1734.8,2466.0,0.72242
20,2,4th-Ventricle,1848.1,2576.0,0.72242
20,3,Right-Accumbens-Area,755.4,1032.0,0.72242
20,4,Left-Accumbens-Area,658.4,928.0,0.72242
20,5,Right-Amygdala,1249.2,1729.0,0.72242
20,6,Left-Amygdala,1182.6,1646.0,0.72242
20,7,Brain-Stem,17514.1,24169.0,0.72242
20,8,Right-Caudate,3483.9,4832.0,0.72242
20,9,Left-Caudate,3392.0,4697.0,0.72242
20,10,Right-Cerebellum-Exterior,56218.2,77753.0,0.72242
20,11,Left-Cerebellum-Exterior,60011.0,83765.0,0.72242
20,12,Right-Cerebellum-White-Matter,14932.4,20755.0,0.72242
20,13,Left-Cerebellum-White-Matter,15269.2,21120.0,0.72242
20,14,Right-Cerebral-White-Matter,216556.1,299792.0,0.72242
20,15,Left-Cerebral-White-Matter,213871.3,296292.0,0.72242
20,16,Right-Hippocampus,4035.1,5568.0,0.72242
20,17,Left-Hippocampus,3698.3,5132.0,0.72242
20,18,Right-Inf-Lat-Vent,875.8,1203.0,0.72242
20,19,Left-Inf-Lat-Vent,733.6,1004.0,0.72242
20,20,Right-Lateral-Ventricle,5207.6,7270.0,0.72242
20,21,Left-Lateral-Ventricle,8095.6,11183.0,0.72242
20,22,Right-Pallidum,1706.4,2378.0,0.72242
20,23,Left-Pallidum,1734.3,2415.0,0.72242
20,24,Right-Putamen,4819.0,6716.0,0.72242
20,25,Left-Putamen,4873.8,6736.0,0.72242
20,26,Right-Thalamus-Proper,8636.6,11963.0,0.72242
20,27,Left-Thalamus-Proper,8532.5,11777.0,0.72242
20,28,Right-Ventral-DC,5208.6,7221.0,0.72242
20,29,Left-Ventral-DC,5393.0,7417.0,0.72242
20,30,Cerebellar-Vermal-Lobules-I-V,5434.7,7495.0,0.72242
20,31,Cerebellar-Vermal-Lobules-VI-VII,2927.6,4014.0,0.72242
20,32,Cerebellar-Vermal-Lobules-VIII-X,3089.2,4271.0,0.72242
20,33,Left-Basal-Forebrain,624.8,860.0,0.72242
20,34,Right-Basal-Forebrain,606.6,843.0,0.72242
20,35,Right-ACgG--anterior-cingulate-gyrus,5593.2,7736.0,0.72242
20,36,Left-ACgG--anterior-cingulate-gyrus,5792.8,7943.0,0.72242
20,37,Right-AIns--anterior-insula,3766.4,5186.0,0.72242
20,38,Left-AIns--anterior-insula,3881.2,5362.0,0.72242
20,39,Right-AOrG--anterior-orbital-gyrus,2685.3,3740.0,0.72242
20,40,Left-AOrG--anterior-orbital-gyrus,2276.4,3160.0,0.72242
20,41,Right-AnG---angular-gyrus,12178.5,16901.0,0.72242
20,42,Left-AnG---angular-gyrus,11427.1,15767.0,0.72242
20,43,Right-Calc--calcarine-cortex,5002.4,6911.0,0.72242
20,44,Left-Calc--calcarine-cortex,5077.0,7013.0,0.72242
20,45,Right-CO----central-operculum,4607.6,6356.0,0.72242
20,46,Left-CO----central-operculum,4359.7,6027.0,0.72242
20,47,Right-Cun---cuneus,6196.7,8532.0,0.72242
20,48,Left-Cun---cuneus,5457.5,7552.0,0.72242
20,49,Right-Ent---entorhinal-area,2296.2,3178.0,0.72242
20,50,Left-Ent---entorhinal-area,2490.3,3428.0,0.72242
20,51,Right-FO----frontal-operculum,1749.1,2426.0,0.72242
20,52,Left-FO----frontal-operculum,2314.0,3188.0,0.72242
20,53,Right-FRP---frontal-pole,3031.8,4176.0,0.72242
20,54,Left-FRP---frontal-pole,3698.8,5102.0,0.72242
20,55,Right-FuG---fusiform-gyrus ,7856.8,10756.0,0.72242
20,56,Left-FuG---fusiform-gyrus,8746.4,12067.0,0.72242
20,57,Right-GRe---gyrus-rectus,2506.0,3444.0,0.72242
20,58,Left-GRe---gyrus-rectus,1999.5,2762.0,0.72242
20,59,Right-IOG---inferior-occipital-gyrus,5609.9,7775.0,0.72242
20,60,Left-IOG---inferior-occipital-gyrus,6728.1,9302.0,0.72242
20,61,Right-ITG---inferior-temporal-gyrus,14236.4,19733.0,0.72242
20,62,Left-ITG---inferior-temporal-gyrus,13623.8,18878.0,0.72242
20,63,Right-LiG---lingual-gyrus,10258.2,14253.0,0.72242
20,64,Left-LiG---lingual-gyrus,10086.5,13852.0,0.72242
20,65,Right-LOrG--lateral-orbital-gyrus,2555.8,3561.0,0.72242
20,66,Left-LOrG--lateral-orbital-gyrus,2711.7,3748.0,0.72242
20,67,Right-MCgG--middle-cingulate-gyrus,4920.6,6865.0,0.72242
20,68,Left-MCgG--middle-cingulate-gyrus,4838.8,6660.0,0.72242
20,69,Right-MFC---medial-frontal-cortex,2376.5,3273.0,0.72242
20,70,Left-MFC---medial-frontal-cortex,2754.9,3805.0,0.72242
20,71,Right-MFG---middle-frontal-gyrus,23110.8,32006.0,0.72242
20,72,Left-MFG---middle-frontal-gyrus,22424.0,30941.0,0.72242
20,73,Right-MOG---middle-occipital-gyrus,5007.4,7061.0,0.72242
20,74,Left-MOG---middle-occipital-gyrus,5995.0,8280.0,0.72242
20,75,Right-MOrG--medial-orbital-gyrus,3942.1,5483.0,0.72242
20,76,Left-MOrG--medial-orbital-gyrus,4851.0,6680.0,0.72242
20,77,Right-MPoG--postcentral-gyrus,1498.6,2118.0,0.72242
20,78,Left-MPoG--postcentral-gyrus,1701.8,2384.0,0.72242
20,79,Right-MPrG--precentral-gyrus,2763.6,3879.0,0.72242
20,80,Left-MPrG--precentral-gyrus,3787.2,5248.0,0.72242
20,81,Right-MSFG--superior-frontal-gyrus,8104.2,11256.0,0.72242
20,82,Left-MSFG--superior-frontal-gyrus,7495.7,10337.0,0.72242
20,83,Right-MTG---middle-temporal-gyrus,16089.1,22312.0,0.72242
20,84,Left-MTG---middle-temporal-gyrus,15838.7,21905.0,0.72242
20,85,Right-OCP---occipital-pole,3898.5,5380.0,0.72242
20,86,Left-OCP---occipital-pole,4916.0,6842.0,0.72242
20,87,Right-OFuG--occipital-fusiform-gyrus,5722.2,7876.0,0.72242
20,88,Left-OFuG--occipital-fusiform-gyrus,5020.6,6972.0,0.72242
20,89,Right-OpIFG-opercular-part-of-the-IFG,4485.2,6198.0,0.72242
20,90,Left-OpIFG-opercular-part-of-the-IFG,3752.1,5217.0,0.72242
20,91,Right-OrIFG-orbital-part-of-the-IFG,1630.7,2270.0,0.72242
20,92,Left-OrIFG-orbital-part-of-the-IFG,1517.4,2117.0,0.72242
20,93,Right-PCgG--posterior-cingulate-gyrus,5396.1,7446.0,0.72242
20,94,Left-PCgG--posterior-cingulate-gyrus,4767.1,6581.0,0.72242
20,95,Right-PCu---precuneus,12721.0,17521.0,0.72242
20,96,Left-PCu---precuneus,11500.3,15928.0,0.72242
20,97,Right-PHG---parahippocampal-gyrus,2936.3,4084.0,0.72242
20,98,Left-PHG---parahippocampal-gyrus,3461.1,4791.0,0.72242
20,99,Right-PIns--posterior-insula,2998.3,4124.0,0.72242
20,100,Left-PIns--posterior-insula,2754.9,3754.0,0.72242
20,101,Right-PO----parietal-operculum,2821.0,3892.0,0.72242
20,102,Left-PO----parietal-operculum,3057.7,4220.0,0.72242
20,103,Right-PoG---postcentral-gyrus,11102.5,15425.0,0.72242
20,104,Left-PoG---postcentral-gyrus,14577.8,20090.0,0.72242
20,105,Right-POrG--posterior-orbital-gyrus,3360.5,4651.0,0.72242
20,106,Left-POrG--posterior-orbital-gyrus,3365.0,4656.0,0.72242
20,107,Right-PP----planum-polare,2355.1,3285.0,0.72242
20,108,Left-PP----planum-polare,2825.5,3915.0,0.72242
20,109,Right-PrG---precentral-gyrus,12367.5,17114.0,0.72242
20,110,Left-PrG---precentral-gyrus,12836.3,17750.0,0.72242
20,111,Right-PT----planum-temporale,2239.3,3100.0,0.72242
20,112,Left-PT----planum-temporale,2143.3,2957.0,0.72242
20,113,Right-SCA---subcallosal-area,858.5,1179.0,0.72242
20,114,Left-SCA---subcallosal-area,965.2,1366.0,0.72242
20,115,Right-SFG---superior-frontal-gyrus,16095.2,22178.0,0.72242
20,116,Left-SFG---superior-frontal-gyrus,17373.9,24016.0,0.72242
20,117,Right-SMC---supplementary-motor-cortex,6303.4,8700.0,0.72242
20,118,Left-SMC---supplementary-motor-cortex,6241.4,8560.0,0.72242
20,119,Right-SMG---supramarginal-gyrus,8999.9,12486.0,0.72242
20,120,Left-SMG---supramarginal-gyrus,10493.4,14509.0,0.72242
20,121,Right-SOG---superior-occipital-gyrus,6140.3,8480.0,0.72242
20,122,Left-SOG---superior-occipital-gyrus,4091.0,5793.0,0.72242
20,123,Right-SPL---superior-parietal-lobule,13911.8,19180.0,0.72242
20,124,Left-SPL---superior-parietal-lobule,11982.9,16621.0,0.72242
20,125,Right-STG---superior-temporal-gyrus,7873.6,10887.0,0.72242
20,126,Left-STG---superior-temporal-gyrus,8626.5,11924.0,0.72242
20,127,Right-TMP---temporal-pole,9365.6,12930.0,0.72242
20,128,Left-TMP---temporal-pole,8744.8,12051.0,0.72242
20,129,Right-TrIFG-triangular-part-of-the-IFG,3756.2,5169.0,0.72242
20,130,Left-TrIFG-triangular-part-of-the-IFG,4562.4,6339.0,0.72242
20,131,Right-TTG---transverse-temporal-gyrus,1574.8,2151.0,0.72242
20,132,Left-TTG---transverse-temporal-gyrus,2070.6,2866.0,0.72242
21,1,3rd-Ventricle,1837.0,2404.0,0.72281
21,2,4th-Ventricle,1766.3,2460.0,0.72281
21,3,Right-Accumbens-Area,802.7,1099.0,0.72281
21,4,Left-Accumbens-Area,646.2,892.0,0.72281
21,5,Right-Amygdala,1248.2,1715.0,0.72281
21,6,Left-Amygdala,1156.2,1609.0,0.72281
21,7,Brain-Stem,17577.1,24291.0,0.72281
21,8,Right-Caudate,3478.3,4887.0,0.72281
21,9,Left-Caudate,3429.6,4757.0,0.72281
21,10,Right-Cerebellum-Exterior,56508.8,78287.0,0.72281
21,11,Left-Cerebellum-Exterior,59588.8,82829.0,0.72281
21,12,Right-Cerebellum-White-Matter,14995.9,20708.0,0.72281
21,13,Left-Cerebellum-White-Matter,15283.9,21123.0,0.72281
21,14,Right-Cerebral-White-Matter,216102.0,299527.0,0.72281
21,15,Left-Cerebral-White-Matter,214013.5,296126.0,0.72281
21,16,Right-Hippocampus,4051.9,5597.0,0.72281
21,17,Left-Hippocampus,3660.2,5066.0,0.72281
21,18,Right-Inf-Lat-Vent,861.1,1199.0,0.72281
21,19,Left-Inf-Lat-Vent,762.0,1012.0,0.72281
21,20,Right-Lateral-Ventricle,5140.0,7075.0,0.72281
21,21,Left-Lateral-Ventricle,7897.5,10924.0,0.72281
21,22,Right-Pallidum,1730.3,2400.0,0.72281
21,23,Left-Pallidum,1775.5,2451.0,0.72281
21,24,Right-Putamen,4842.8,6736.0,0.72281
21,25,Left-Putamen,4909.9,6774.0,0.72281
21,26,Right-Thalamus-Proper,8676.3,12085.0,0.72281
21,27,Left-Thalamus-Proper,8595.5,11882.0,0.72281
21,28,Right-Ventral-DC,5265.5,7272.0,0.72281
21,29,Left-Ventral-DC,5320.4,7451.0,0.72281
21,30,Cerebellar-Vermal-Lobules-I-V,5419.4,7457.0,0.72281
21,31,Cerebellar-Vermal-Lobules-VI-VII,2983.0,4066.0,0.72281
21,32,Cerebellar-Vermal-Lobules-VIII-X,3087.2,4273.0,0.72281
21,33,Left-Basal-Forebrain,647.2,894.0,0.72281
21,34,Right-Basal-Forebrain,595.9,825.0,0.72281
21,35,Right-ACgG--anterior-cingulate-gyrus,5669.4,7831.0,0.72281
21,36,Left-ACgG--anterior-cingulate-gyrus,5721.2,7907.0,0.72281
21,37,Right-AIns--anterior-insula,3791.3,5235.0,0.72281
21,38,Left-AIns--anterior-insula,3868.0,5350.0,0.72281
21,39,Right-AOrG--anterior-orbital-gyrus,2667.5,3709.0,0.72281
21,40,Left-AOrG--anterior-orbital-gyrus,2294.7,3166.0,0.72281
21,41,Right-AnG---angular-gyrus,12292.8,17055.0,0.72281
21,42,Left-AnG---angular-gyrus,11388.5,15715.0,0.72281
21,43,Right-Calc--calcarine-cortex,4995.7,6862.0,0.72281
21,44,Left-Calc--calcarine-cortex,5078.0,7009.0,0.72281
21,45,Right-CO----central-operculum,4602.6,6347.0,0.72281
21,46,Left-CO----central-operculum,4469.5,6126.0,0.72281
21,47,Right-Cun---cuneus,6357.2,8729.0,0.72281
21,48,Left-Cun---cuneus,5447.4,7600.0,0.72281
21,49,Right-Ent---entorhinal-area,2342.9,3242.0,0.72281
21,50,Left-Ent---entorhinal-area,2523.3,3497.0,0.72281
21,51,Right-FO----frontal-operculum,1790.7,2462.0,0.72281
21,52,Left-FO----frontal-operculum,2290.1,3160.0,0.72281
21,53,Right-FRP---frontal-pole,3008.9,4155.0,0.72281
21,54,Left-FRP---frontal-pole,3663.2,5043.0,0.72281
21,55,Right-FuG---fusiform-gyrus ,7788.8,10783.0,0.72281
21,56,Left-FuG---fusiform-gyrus,8795.1,12145.0,0.72281
21,57,Right-GRe---gyrus-rectus,2516.7,3521.0,0.72281
21,58,Left-GRe---gyrus-rectus,2001.0,2800.0,0.72281
21,59,Right-IOG---inferior-occipital-gyrus,5735.9,7918.0,0.72281
21,60,Left-IOG---inferior-occipital-gyrus,6683.4,9263.0,0.72281
21,61,Right-ITG---inferior-temporal-gyrus,14436.6,19986.0,0.72281
21,62,Left-ITG---inferior-temporal-gyrus,13627.3,18803.0,0.72281
21,63,Right-LiG---lingual-gyrus,10232.8,14279.0,0.72281
21,64,Left-LiG---lingual-gyrus,10056.0,13897.0,0.72281
21,65,Right-LOrG--lateral-orbital-gyrus,2630.5,3593.0,0.72281
21,66,Left-LOrG--lateral-orbital-gyrus,2701.6,3785.0,0.72281
21,67,Right-MCgG--middle-cingulate-gyrus,5342.2,7227.0,0.72281
21,68,Left-MCgG--middle-cingulate-gyrus,4840.3,6734.0,0.72281
21,69,Right-MFC---medial-frontal-cortex,2398.8,3294.0,0.72281
21,70,Left-MFC---medial-frontal-cortex,2816.9,3914.0,0.72281
21,71,Right-MFG---middle-frontal-gyrus,23309.9,32091.0,0.72281
21,72,Left-MFG---middle-frontal-gyrus,22594.7,31327.0,0.72281
21,73,Right-MOG---middle-occipital-gyrus,5120.2,7131.0,0.72281
21,74,Left-MOG---middle-occipital-gyrus,6088.5,8393.0,0.72281
21,75,Right-MOrG--medial-orbital-gyrus,4099.1,5582.0,0.72281
21,76,Left-MOrG--medial-orbital-gyrus,4690.4,6556.0,0.72281
21,77,Right-MPoG--postcentral-gyrus,1611.4,2196.0,0.72281
21,78,Left-MPoG--postcentral-gyrus,1770.4,2443.0,0.72281
21,79,Right-MPrG--precentral-gyrus,2795.6,3933.0,0.72281
21,80,Left-MPrG--precentral-gyrus,3799.9,5269.0,0.72281
21,81,Right-MSFG--superior-frontal-gyrus,8216.0,11263.0,0.72281
21,82,Left-MSFG--superior-frontal-gyrus,7512.4,10441.0,0.72281
21,83,Right-MTG---middle-temporal-gyrus,16197.8,22479.0,0.72281
21,84,Left-MTG---middle-temporal-gyrus,16082.5,22081.0,0.72281
21,85,Right-OCP---occipital-pole,3861.4,5342.0,0.72281
21,86,Left-OCP---occipital-pole,4933.3,6775.0,0.72281
21,87,Right-OFuG--occipital-fusiform-gyrus,5784.7,7934.0,0.72281
21,88,Left-OFuG--occipital-fusiform-gyrus,5053.7,6995.0,0.72281
21,89,Right-OpIFG-opercular-part-of-the-IFG,4470.5,6242.0,0.72281
21,90,Left-OpIFG-opercular-part-of-the-IFG,3793.8,5213.0,0.72281
21,91,Right-OrIFG-orbital-part-of-the-IFG,1646.5,2280.0,0.72281
21,92,Left-OrIFG-orbital-part-of-the-IFG,1570.8,2153.0,0.72281
21,93,Right-PCgG--posterior-cingulate-gyrus,5441.3,7479.0,0.72281
21,94,Left-PCgG--posterior-cingulate-gyrus,4745.8,6592.0,0.72281
21,95,Right-PCu---precuneus,12882.1,17609.0,0.72281
21,96,Left-PCu---precuneus,11416.5,15967.0,0.72281
21,97,Right-PHG---parahippocampal-gyrus,2957.6,4087.0,0.72281
21,98,Left-PHG---parahippocampal-gyrus,3468.2,4827.0,0.72281
21,99,Right-PIns--posterior-insula,2915.5,4136.0,0.72281
21,100,Left-PIns--posterior-insula,2650.3,3708.0,0.72281
21,101,Right-PO----parietal-operculum,2804.7,3867.0,0.72281
21,102,Left-PO----parietal-operculum,3045.0,4227.0,0.72281
21,103,Right-PoG---postcentral-gyrus,11286.9,15646.0,0.72281
21,104,Left-PoG---postcentral-gyrus,14445.7,19949.0,0.72281
21,105,Right-POrG--posterior-orbital-gyrus,3450.9,4776.0,0.72281
21,106,Left-POrG--posterior-orbital-gyrus,3411.3,4728.0,0.72281
21,107,Right-PP----planum-polare,2349.0,3249.0,0.72281
21,108,Left-PP----planum-polare,2886.0,3975.0,0.72281
21,109,Right-PrG---precentral-gyrus,12527.0,17366.0,0.72281
21,110,Left-PrG---precentral-gyrus,13042.1,18049.0,0.72281
21,111,Right-PT----planum-temporale,2241.3,3094.0,0.72281
21,112,Left-PT----planum-temporale,2166.1,2972.0,0.72281
21,113,Right-SCA---subcallosal-area,875.8,1189.0,0.72281
21,114,Left-SCA---subcallosal-area,996.2,1386.0,0.72281
21,115,Right-SFG---superior-frontal-gyrus,16080.5,22203.0,0.72281
21,116,Left-SFG---superior-frontal-gyrus,17465.8,24133.0,0.72281
21,117,Right-SMC---supplementary-motor-cortex,6355.2,8757.0,0.72281
21,118,Left-SMC---supplementary-motor-cortex,6174.8,8537.0,0.72281
21,119,Right-SMG---supramarginal-gyrus,8963.3,12448.0,0.72281
21,120,Left-SMG---supramarginal-gyrus,10815.0,14903.0,0.72281
21,121,Right-SOG---superior-occipital-gyrus,6186.5,8495.0,0.72281
21,122,Left-SOG---superior-occipital-gyrus,4218.5,5775.0,0.72281
21,123,Right-SPL---superior-parietal-lobule,13902.1,19157.0,0.72281
21,124,Left-SPL---superior-parietal-lobule,12238.4,16925.0,0.72281
21,125,Right-STG---superior-temporal-gyrus,7975.2,11019.0,0.72281
21,126,Left-STG---superior-temporal-gyrus,8801.2,12210.0,0.72281
21,127,Right-TMP---temporal-pole,9457.6,13105.0,0.72281
21,128,Left-TMP---temporal-pole,8689.0,11978.0,0.72281
21,129,Right-TrIFG-triangular-part-of-the-IFG,3750.1,5194.0,0.72281
21,130,Left-TrIFG-triangular-part-of-the-IFG,4655.4,6378.0,0.72281
21,131,Right-TTG---transverse-temporal-gyrus,1574.8,2175.0,0.72281
21,132,Left-TTG---transverse-temporal-gyrus,2081.3,2894.0,0.72281
22,1,3rd-Ventricle,1792.8,2442.0,0.72071
22,2,4th-Ventricle,1822.2,2515.0,0.72071
22,3,Right-Accumbens-Area,743.2,1032.0,0.72071
22,4,Left-Accumbens-Area,660.4,902.0,0.72071
22,5,Right-Amygdala,1280.7,1764.0,0.72071
22,6,Left-Amygdala,1196.9,1661.0,0.72071
22,7,Brain-Stem,17582.2,24327.0,0.72071
22,8,Right-Caudate,3499.2,4839.0,0.72071
22,9,Left-Caudate,3398.6,4691.0,0.72071
22,10,Right-Cerebellum-Exterior,56626.1,78701.0,0.72071
22,11,Left-Cerebellum-Exterior,60520.5,84135.0,0.72071
22,12,Right-Cerebellum-White-Matter,15068.0,20893.0,0.72071
22,13,Left-Cerebellum-White-Matter,15423.1,21543.0,0.72071
22,14,Right-Cerebral-White-Matter,216481.4,300222.0,0.72071
22,15,Left-Cerebral-White-Matter,213908.9,297003.0,0.72071
22,16,Right-Hippocampus,4068.6,5643.0,0.72071
22,17,Left-Hippocampus,3705.9,5114.0,0.72071
22,18,Right-Inf-Lat-Vent,809.8,1145.0,0.72071
22,19,Left-Inf-Lat-Vent,722.9,1026.0,0.72071
22,20,Right-Lateral-Ventricle,5197.4,7300.0,0.72071
22,21,Left-Lateral-Ventricle,8065.6,11236.0,0.72071
22,22,Right-Pallidum,1715.5,2409.0,0.72071
22,23,Left-Pallidum,1757.7,2429.0,0.72071
22,24,Right-Putamen,4806.8,6747.0,0.72071
22,25,Left-Putamen,4869.3,6778.0,0.72071
22,26,Right-Thalamus-Proper,8614.8,11978.0,0.72071
22,27,Left-Thalamus-Proper,8464.9,11756.0,0.72071
22,28,Right-Ventral-DC,5222.8,7209.0,0.72071
22,29,Left-Ventral-DC,5336.1,7431.0,0.72071
22,30,Cerebellar-Vermal-Lobules-I-V,5328.5,7381.0,0.72071
22,31,Cerebellar-Vermal-Lobules-VI-VII,2968.3,4104.0,0.72071
22,32,Cerebellar-Vermal-Lobules-VIII-X,3099.9,4323.0,0.72071
22,33,Left-Basal-Forebrain,615.7,853.0,0.72071
22,34,Right-Basal-Forebrain,601.0,836.0,0.72071
22,35,Right-ACgG--anterior-cingulate-gyrus,5637.4,7788.0,0.72071
22,36,Left-ACgG--anterior-cingulate-gyrus,5679.5,7841.0,0.72071
22,37,Right-AIns--anterior-insula,3820.7,5286.0,0.72071
22,38,Left-AIns--anterior-insula,3917.2,5413.0,0.72071
22,39,Right-AOrG--anterior-orbital-gyrus,2745.3,3744.0,0.72071
22,40,Left-AOrG--anterior-orbital-gyrus,2255.0,3171.0,0.72071
22,41,Right-AnG---angular-gyrus,12271.9,17053.0,0.72071
22,42,Left-AnG---angular-gyrus,11440.3,15798.0,0.72071
22,43,Right-Calc--calcarine-cortex,4929.2,6806.0,0.72071
22,44,Left-Calc--calcarine-cortex,5042.0,6983.0,0.72071
22,45,Right-CO----central-operculum,4566.0,6306.0,0.72071
22,46,Left-CO----central-operculum,4369.4,6059.0,0.72071
22,47,Right-Cun---cuneus,6285.6,8739.0,0.72071
22,48,Left-Cun---cuneus,5457.0,7576.0,0.72071
22,49,Right-Ent---entorhinal-area,2347.5,3237.0,0.72071
22,50,Left-Ent---entorhinal-area,2508.0,3453.0,0.72071
22,51,Right-FO----frontal-operculum,1782.6,2471.0,0.72071
22,52,Left-FO----frontal-operculum,2336.8,3243.0,0.72071
22,53,Right-FRP---frontal-pole,2880.9,4008.0,0.72071
22,54,Left-FRP---frontal-pole,3440.2,4770.0,0.72071
22,55,Right-FuG---fusiform-gyrus ,7818.7,10806.0,0.72071
22,56,Left-FuG---fusiform-gyrus,8793.1,12208.0,0.72071
22,57,Right-GRe---gyrus-rectus,2611.2,3552.0,0.72071
22,58,Left-GRe---gyrus-rectus,2049.3,2863.0,0.72071
22,59,Right-IOG---inferior-occipital-gyrus,5640.4,7853.0,0.72071
22,60,Left-IOG---inferior-occipital-gyrus,6644.7,9260.0,0.72071
22,61,Right-ITG---inferior-temporal-gyrus,14512.8,20076.0,0.72071
22,62,Left-ITG---inferior-temporal-gyrus,13666.9,18966.0,0.72071
22,63,Right-LiG---lingual-gyrus,10433.5,14455.0,0.72071
22,64,Left-LiG---lingual-gyrus,10010.3,14006.0,0.72071
22,65,Right-LOrG--lateral-orbital-gyrus,2534.5,3479.0,0.72071
22,66,Left-LOrG--lateral-orbital-gyrus,2652.8,3733.0,0.72071
22,67,Right-MCgG--middle-cingulate-gyrus,5132.9,7097.0,0.72071
22,68,Left-MCgG--middle-cingulate-gyrus,4858.6,6692.0,0.72071
22,69,Right-MFC---medial-frontal-cortex,2251.0,3171.0,0.72071
22,70,Left-MFC---medial-frontal-cortex,2775.2,3836.0,0.72071
22,71,Right-MFG---middle-frontal-gyrus,23005.1,31983.0,0.72071
22,72,Left-MFG---middle-frontal-gyrus,22316.3,30906.0,0.72071
22,73,Right-MOG---middle-occipital-gyrus,4994.7,7016.0,0.72071
22,74,Left-MOG---middle-occipital-gyrus,6208.4,8483.0,0.72071
22,75,Right-MOrG--medial-orbital-gyrus,3905.6,5530.0,0.72071
22,76,Left-MOrG--medial-orbital-gyrus,4705.7,6503.0,0.72071
22,77,Right-MPoG--postcentral-gyrus,1439.7,2058.0,0.72071
22,78,Left-MPoG--postcentral-gyrus,1760.8,2480.0,0.72071
22,79,Right-MPrG--precentral-gyrus,2811.8,3913.0,0.72071
22,80,Left-MPrG--precentral-gyrus,3786.2,5274.0,0.72071
22,81,Right-MSFG--superior-frontal-gyrus,8146.9,11230.0,0.72071
22,82,Left-MSFG--superior-frontal-gyrus,7390.5,10249.0,0.72071
22,83,Right-MTG---middle-temporal-gyrus,16011.9,22227.0,0.72071
22,84,Left-MTG---middle-temporal-gyrus,15985.5,22177.0,0.72071
22,85,Right-OCP---occipital-pole,3865.4,5364.0,0.72071
22,86,Left-OCP---occipital-pole,4863.7,6709.0,0.72071
22,87,Right-OFuG--occipital-fusiform-gyrus,5753.2,7933.0,0.72071
22,88,Left-OFuG--occipital-fusiform-gyrus,4982.5,6901.0,0.72071
22,89,Right-OpIFG-opercular-part-of-the-IFG,4534.0,6282.0,0.72071
22,90,Left-OpIFG-opercular-part-of-the-IFG,3847.1,5358.0,0.72071
22,91,Right-OrIFG-orbital-part-of-the-IFG,1596.7,2221.0,0.72071
22,92,Left-OrIFG-orbital-part-of-the-IFG,1543.8,2127.0,0.72071
22,93,Right-PCgG--posterior-cingulate-gyrus,5397.1,7492.0,0.72071
22,94,Left-PCgG--posterior-cingulate-gyrus,4769.2,6611.0,0.72071
22,95,Right-PCu---precuneus,12666.7,17584.0,0.72071
22,96,Left-PCu---precuneus,11462.7,15919.0,0.72071
22,97,Right-PHG---parahippocampal-gyrus,2957.6,4096.0,0.72071
22,98,Left-PHG---parahippocampal-gyrus,3487.5,4830.0,0.72071
22,99,Right-PIns--posterior-insula,2959.7,4139.0,0.72071
22,100,Left-PIns--posterior-insula,2643.7,3696.0,0.72071
22,101,Right-PO----parietal-operculum,2838.2,3930.0,0.72071
22,102,Left-PO----parietal-operculum,2981.5,4159.0,0.72071
22,103,Right-PoG---postcentral-gyrus,11057.3,15365.0,0.72071
22,104,Left-PoG---postcentral-gyrus,14188.7,19665.0,0.72071
22,105,Right-POrG--posterior-orbital-gyrus,3429.1,4761.0,0.72071
22,106,Left-POrG--posterior-orbital-gyrus,3404.2,4744.0,0.72071
22,107,Right-PP----planum-polare,2398.8,3325.0,0.72071
22,108,Left-PP----planum-polare,2872.3,3971.0,0.72071
22,109,Right-PrG---precentral-gyrus,12439.1,17262.0,0.72071
22,110,Left-PrG---precentral-gyrus,13137.6,18178.0,0.72071
22,111,Right-PT----planum-temporale,2248.4,3117.0,0.72071
22,112,Left-PT----planum-temporale,2149.4,2965.0,0.72071
22,113,Right-SCA---subcallosal-area,809.3,1138.0,0.72071
22,114,Left-SCA---subcallosal-area,956.6,1315.0,0.72071
22,115,Right-SFG---superior-frontal-gyrus,15816.8,21961.0,0.72071
22,116,Left-SFG---superior-frontal-gyrus,17329.2,23938.0,0.72071
22,117,Right-SMC---supplementary-motor-cortex,6333.3,8814.0,0.72071
22,118,Left-SMC---supplementary-motor-cortex,6076.3,8467.0,0.72071
22,119,Right-SMG---supramarginal-gyrus,8933.8,12416.0,0.72071
22,120,Left-SMG---supramarginal-gyrus,10552.8,14649.0,0.72071
22,121,Right-SOG---superior-occipital-gyrus,6120.0,8434.0,0.72071
22,122,Left-SOG---superior-occipital-gyrus,4093.5,5761.0,0.72071
22,123,Right-SPL---superior-parietal-lobule,13947.9,19300.0,0.72071
22,124,Left-SPL---superior-parietal-lobule,12003.7,16688.0,0.72071
22,125,Right-STG---superior-temporal-gyrus,7828.4,10870.0,0.72071
22,126,Left-STG---superior-temporal-gyrus,8593.5,11952.0,0.72071
22,127,Right-TMP---temporal-pole,9587.1,13250.0,0.72071
22,128,Left-TMP---temporal-pole,8936.4,12389.0,0.72071
22,129,Right-TrIFG-triangular-part-of-the-IFG,3745.5,5217.0,0.72071
22,130,Left-TrIFG-triangular-part-of-the-IFG,4572.6,6324.0,0.72071
22,131,Right-TTG---transverse-temporal-gyrus,1545.4,2157.0,0.72071
22,132,Left-TTG---transverse-temporal-gyrus,2068.1,2872.0,0.72071
23,1,3rd-Ventricle,1793.8,2440.0,0.72204
23,2,4th-Ventricle,1831.9,2509.0,0.72204
23,3,Right-Accumbens-Area,672.1,922.0,0.72204
23,4,Left-Accumbens-Area,639.1,910.0,0.72204
23,5,Right-Amygdala,1251.7,1741.0,0.72204
23,6,Left-Amygdala,1176.0,1632.0,0.72204
23,7,Brain-Stem,17667.5,24399.0,0.72204
23,8,Right-Caudate,3515.9,4860.0,0.72204
23,9,Left-Caudate,3401.1,4728.0,0.72204
23,10,Right-Cerebellum-Exterior,56536.7,78518.0,0.72204
23,11,Left-Cerebellum-Exterior,60395.0,84151.0,0.72204
23,12,Right-Cerebellum-White-Matter,14926.3,20695.0,0.72204
23,13,Left-Cerebellum-White-Matter,15275.8,21181.0,0.72204
23,14,Right-Cerebral-White-Matter,217564.0,301374.0,0.72204
23,15,Left-Cerebral-White-Matter,214665.3,297507.0,0.72204
23,16,Right-Hippocampus,4101.1,5688.0,0.72204
23,17,Left-Hippocampus,3716.6,5148.0,0.72204
23,18,Right-Inf-Lat-Vent,800.6,1123.0,0.72204
23,19,Left-Inf-Lat-Vent,675.1,951.0,0.72204
23,20,Right-Lateral-Ventricle,5157.8,7159.0,0.72204
23,21,Left-Lateral-Ventricle,7989.4,11112.0,0.72204
23,22,Right-Pallidum,1737.9,2438.0,0.72204
23,23,Left-Pallidum,1760.8,2440.0,0.72204
23,24,Right-Putamen,4919.0,6780.0,0.72204
23,25,Left-Putamen,4917.5,6791.0,0.72204
23,26,Right-Thalamus-Proper,8762.1,12133.0,0.72204
23,27,Left-Thalamus-Proper,8582.3,11859.0,0.72204
23,28,Right-Ventral-DC,5289.9,7304.0,0.72204
23,29,Left-Ventral-DC,5368.1,7512.0,0.72204
23,30,Cerebellar-Vermal-Lobules-I-V,5371.7,7471.0,0.72204
23,31,Cerebellar-Vermal-Lobules-VI-VII,3000.8,4081.0,0.72204
23,32,Cerebellar-Vermal-Lobules-VIII-X,3116.1,4313.0,0.72204
23,33,Left-Basal-Forebrain,618.2,857.0,0.72204
23,34,Right-Basal-Forebrain,612.1,859.0,0.72204
23,35,Right-ACgG--anterior-cingulate-gyrus,5648.5,7832.0,0.72204
23,36,Left-ACgG--anterior-cingulate-gyrus,5816.2,8063.0,0.72204
23,37,Right-AIns--anterior-insula,3857.3,5256.0,0.72204
23,38,Left-AIns--anterior-insula,3828.9,5316.0,0.72204
23,39,Right-AOrG--anterior-orbital-gyrus,2698.0,3765.0,0.72204
23,40,Left-AOrG--anterior-orbital-gyrus,2252.5,3100.0,0.72204
23,41,Right-AnG---angular-gyrus,12101.8,16809.0,0.72204
23,42,Left-AnG---angular-gyrus,11459.6,15855.0,0.72204
23,43,Right-Calc--calcarine-cortex,4885.0,6757.0,0.72204
23,44,Left-Calc--calcarine-cortex,5099.9,7047.0,0.72204
23,45,Right-CO----central-operculum,4632.5,6410.0,0.72204
23,46,Left-CO----central-operculum,4389.7,6074.0,0.72204
23,47,Right-Cun---cuneus,6139.3,8553.0,0.72204
23,48,Left-Cun---cuneus,5374.7,7444.0,0.72204
23,49,Right-Ent---entorhinal-area,2307.9,3184.0,0.72204
23,50,Left-Ent---entorhinal-area,2474.0,3433.0,0.72204
23,51,Right-FO----frontal-operculum,1808.0,2516.0,0.72204
23,52,Left-FO----frontal-operculum,2328.7,3215.0,0.72204
23,53,Right-FRP---frontal-pole,3054.7,4215.0,0.72204
23,54,Left-FRP---frontal-pole,3520.0,4921.0,0.72204
23,55,Right-FuG---fusiform-gyrus ,7765.9,10764.0,0.72204
23,56,Left-FuG---fusiform-gyrus,8726.1,12124.0,0.72204
23,57,Right-GRe---gyrus-rectus,2478.1,3476.0,0.72204
23,58,Left-GRe---gyrus-rectus,2000.5,2748.0,0.72204
23,59,Right-IOG---inferior-occipital-gyrus,5615.5,7787.0,0.72204
23,60,Left-IOG---inferior-occipital-gyrus,6671.7,9288.0,0.72204
23,61,Right-ITG---inferior-temporal-gyrus,14517.3,20065.0,0.72204
23,62,Left-ITG---inferior-temporal-gyrus,13556.7,18729.0,0.72204
23,63,Right-LiG---lingual-gyrus,10302.9,14282.0,0.72204
23,64,Left-LiG---lingual-gyrus,10035.2,13995.0,0.72204
23,65,Right-LOrG--lateral-orbital-gyrus,2641.1,3610.0,0.72204
23,66,Left-LOrG--lateral-orbital-gyrus,2739.2,3799.0,0.72204
23,67,Right-MCgG--middle-cingulate-gyrus,4990.7,6927.0,0.72204
23,68,Left-MCgG--middle-cingulate-gyrus,4743.3,6609.0,0.72204
23,69,Right-MFC---medial-frontal-cortex,2331.8,3239.0,0.72204
23,70,Left-MFC---medial-frontal-cortex,2898.7,3977.0,0.72204
23,71,Right-MFG---middle-frontal-gyrus,23155.0,32044.0,0.72204
23,72,Left-MFG---middle-frontal-gyrus,22594.7,31288.0,0.72204
23,73,Right-MOG---middle-occipital-gyrus,5034.4,7049.0,0.72204
23,74,Left-MOG---middle-occipital-gyrus,6093.6,8309.0,0.72204
23,75,Right-MOrG--medial-orbital-gyrus,4048.3,5526.0,0.72204
23,76,Left-MOrG--medial-orbital-gyrus,4719.9,6541.0,0.72204
23,77,Right-MPoG--postcentral-gyrus,1707.4,2275.0,0.72204
23,78,Left-MPoG--postcentral-gyrus,1752.6,2392.0,0.72204
23,79,Right-MPrG--precentral-gyrus,2870.8,3955.0,0.72204
23,80,Left-MPrG--precentral-gyrus,3846.6,5292.0,0.72204
23,81,Right-MSFG--superior-frontal-gyrus,8249.5,11443.0,0.72204
23,82,Left-MSFG--superior-frontal-gyrus,7459.1,10370.0,0.72204
23,83,Right-MTG---middle-temporal-gyrus,16216.1,22436.0,0.72204
23,84,Left-MTG---middle-temporal-gyrus,16044.4,22258.0,0.72204
23,85,Right-OCP---occipital-pole,3810.1,5274.0,0.72204
23,86,Left-OCP---occipital-pole,4980.5,6848.0,0.72204
23,87,Right-OFuG--occipital-fusiform-gyrus,5767.9,7993.0,0.72204
23,88,Left-OFuG--occipital-fusiform-gyrus,5258.9,7261.0,0.72204
23,89,Right-OpIFG-opercular-part-of-the-IFG,4486.7,6216.0,0.72204
23,90,Left-OpIFG-opercular-part-of-the-IFG,3772.5,5187.0,0.72204
23,91,Right-OrIFG-orbital-part-of-the-IFG,1677.4,2311.0,0.72204
23,92,Left-OrIFG-orbital-part-of-the-IFG,1554.5,2148.0,0.72204
23,93,Right-PCgG--posterior-cingulate-gyrus,5339.2,7404.0,0.72204
23,94,Left-PCgG--posterior-cingulate-gyrus,4801.2,6656.0,0.72204
23,95,Right-PCu---precuneus,12575.2,17383.0,0.72204
23,96,Left-PCu---precuneus,11535.3,16018.0,0.72204
23,97,Right-PHG---parahippocampal-gyrus,3009.9,4155.0,0.72204
23,98,Left-PHG---parahippocampal-gyrus,3499.7,4803.0,0.72204
23,99,Right-PIns--posterior-insula,2998.8,4151.0,0.72204
23,100,Left-PIns--posterior-insula,2783.4,3826.0,0.72204
23,101,Right-PO----parietal-operculum,2843.8,3919.0,0.72204
23,102,Left-PO----parietal-operculum,3032.8,4206.0,0.72204
23,103,Right-PoG---postcentral-gyrus,11409.3,15795.0,0.72204
23,104,Left-PoG---postcentral-gyrus,14436.1,19960.0,0.72204
23,105,Right-POrG--posterior-orbital-gyrus,3414.3,4706.0,0.72204
23,106,Left-POrG--posterior-orbital-gyrus,3442.3,4734.0,0.72204
23,107,Right-PP----planum-polare,2393.7,3304.0,0.72204
23,108,Left-PP----planum-polare,2824.5,3918.0,0.72204
23,109,Right-PrG---precentral-gyrus,12310.0,17137.0,0.72204
23,110,Left-PrG---precentral-gyrus,12892.2,17832.0,0.72204
23,111,Right-PT----planum-temporale,2267.2,3138.0,0.72204
23,112,Left-PT----planum-temporale,2100.6,2929.0,0.72204
23,113,Right-SCA---subcallosal-area,873.3,1200.0,0.72204
23,114,Left-SCA---subcallosal-area,1004.8,1411.0,0.72204
23,115,Right-SFG---superior-frontal-gyrus,15836.1,21943.0,0.72204
23,116,Left-SFG---superior-frontal-gyrus,17298.2,23943.0,0.72204
23,117,Right-SMC---supplementary-motor-cortex,6288.1,8695.0,0.72204
23,118,Left-SMC---supplementary-motor-cortex,6095.6,8364.0,0.72204
23,119,Right-SMG---supramarginal-gyrus,9089.8,12564.0,0.72204
23,120,Left-SMG---supramarginal-gyrus,10775.9,14873.0,0.72204
23,121,Right-SOG---superior-occipital-gyrus,6086.9,8427.0,0.72204
23,122,Left-SOG---superior-occipital-gyrus,4088.4,5718.0,0.72204
23,123,Right-SPL---superior-parietal-lobule,14062.2,19512.0,0.72204
23,124,Left-SPL---superior-parietal-lobule,12327.3,16972.0,0.72204
23,125,Right-STG---superior-temporal-gyrus,7928.5,10988.0,0.72204
23,126,Left-STG---superior-temporal-gyrus,8697.1,11991.0,0.72204
23,127,Right-TMP---temporal-pole,9462.7,13057.0,0.72204
23,128,Left-TMP---temporal-pole,8843.4,12195.0,0.72204
23,129,Right-TrIFG-triangular-part-of-the-IFG,3735.9,5170.0,0.72204
23,130,Left-TrIFG-triangular-part-of-the-IFG,4616.8,6377.0,0.72204
23,131,Right-TTG---transverse-temporal-gyrus,1578.4,2188.0,0.72204
23,132,Left-TTG---transverse-temporal-gyrus,2117.4,2927.0,0.72204
24,1,3rd-Ventricle,1715.0,2444.0,0.71862
24,2,4th-Ventricle,1807.0,2493.0,0.71862
24,3,Right-Accumbens-Area,708.7,975.0,0.71862
24,4,Left-Accumbens-Area,673.1,924.0,0.71862
24,5,Right-Amygdala,1267.0,1772.0,0.71862
24,6,Left-Amygdala,1149.6,1596.0,0.71862
24,7,Brain-Stem,17426.7,24199.0,0.71862
24,8,Right-Caudate,3492.6,4874.0,0.71862
24,9,Left-Caudate,3448.4,4779.0,0.71862
24,10,Right-Cerebellum-Exterior,56353.8,78594.0,0.71862
24,11,Left-Cerebellum-Exterior,60127.8,84081.0,0.71862
24,12,Right-Cerebellum-White-Matter,14837.9,20690.0,0.71862
24,13,Left-Cerebellum-White-Matter,15234.1,21266.0,0.71862
24,14,Right-Cerebral-White-Matter,216302.6,301382.0,0.71862
24,15,Left-Cerebral-White-Matter,213895.7,297727.0,0.71862
24,16,Right-Hippocampus,4050.9,5612.0,0.71862
24,17,Left-Hippocampus,3682.0,5111.0,0.71862
24,18,Right-Inf-Lat-Vent,849.9,1196.0,0.71862
24,19,Left-Inf-Lat-Vent,725.9,1006.0,0.71862
24,20,Right-Lateral-Ventricle,5250.3,7244.0,0.71862
24,21,Left-Lateral-Ventricle,8016.9,11182.0,0.71862
24,22,Right-Pallidum,1762.8,2421.0,0.71862
24,23,Left-Pallidum,1746.0,2425.0,0.71862
24,24,Right-Putamen,4903.3,6788.0,0.71862
24,25,Left-Putamen,4875.9,6802.0,0.71862
24,26,Right-Thalamus-Proper,8637.7,12012.0,0.71862
24,27,Left-Thalamus-Proper,8464.4,11827.0,0.71862
24,28,Right-Ventral-DC,5228.9,7275.0,0.71862
24,29,Left-Ventral-DC,5434.2,7486.0,0.71862
24,30,Cerebellar-Vermal-Lobules-I-V,5354.9,7439.0,0.71862
24,31,Cerebellar-Vermal-Lobules-VI-VII,2919.0,4013.0,0.71862
24,32,Cerebellar-Vermal-Lobules-VIII-X,3067.4,4261.0,0.71862
24,33,Left-Basal-Forebrain,627.9,876.0,0.71862
24,34,Right-Basal-Forebrain,614.2,847.0,0.71862
24,35,Right-ACgG--anterior-cingulate-gyrus,5539.8,7705.0,0.71862
24,36,Left-ACgG--anterior-cingulate-gyrus,5813.6,8055.0,0.71862
24,37,Right-AIns--anterior-insula,3804.0,5293.0,0.71862
24,38,Left-AIns--anterior-insula,3909.6,5458.0,0.71862
24,39,Right-AOrG--anterior-orbital-gyrus,2657.9,3750.0,0.71862
24,40,Left-AOrG--anterior-orbital-gyrus,2196.1,3022.0,0.71862
24,41,Right-AnG---angular-gyrus,12327.8,17050.0,0.71862
24,42,Left-AnG---angular-gyrus,11478.4,15889.0,0.71862
24,43,Right-Calc--calcarine-cortex,4853.0,6754.0,0.71862
24,44,Left-Calc--calcarine-cortex,5034.4,6996.0,0.71862
24,45,Right-CO----central-operculum,4556.3,6370.0,0.71862
24,46,Left-CO----central-operculum,4401.4,6104.0,0.71862
24,47,Right-Cun---cuneus,6236.3,8666.0,0.71862
24,48,Left-Cun---cuneus,5435.7,7559.0,0.71862
24,49,Right-Ent---entorhinal-area,2330.7,3248.0,0.71862
24,50,Left-Ent---entorhinal-area,2479.1,3429.0,0.71862
24,51,Right-FO----frontal-operculum,1822.2,2539.0,0.71862
24,52,Left-FO----frontal-operculum,2315.0,3231.0,0.71862
24,53,Right-FRP---frontal-pole,3090.2,4286.0,0.71862
24,54,Left-FRP---frontal-pole,3557.6,4991.0,0.71862
24,55,Right-FuG---fusiform-gyrus ,7811.6,10869.0,0.71862
24,56,Left-FuG---fusiform-gyrus,8815.0,12195.0,0.71862
24,57,Right-GRe---gyrus-rectus,2546.6,3531.0,0.71862
24,58,Left-GRe---gyrus-rectus,1974.6,2766.0,0.71862
24,59,Right-IOG---inferior-occipital-gyrus,5684.6,7913.0,0.71862
24,60,Left-IOG---inferior-occipital-gyrus,6723.0,9357.0,0.71862
24,61,Right-ITG---inferior-temporal-gyrus,14463.0,20151.0,0.71862
24,62,Left-ITG---inferior-temporal-gyrus,13635.4,18975.0,0.71862
24,63,Right-LiG---lingual-gyrus,10330.3,14373.0,0.71862
24,64,Left-LiG---lingual-gyrus,9924.9,13903.0,0.71862
24,65,Right-LOrG--lateral-orbital-gyrus,2549.7,3553.0,0.71862
24,66,Left-LOrG--lateral-orbital-gyrus,2764.6,3842.0,0.71862
24,67,Right-MCgG--middle-cingulate-gyrus,5035.9,6959.0,0.71862
24,68,Left-MCgG--middle-cingulate-gyrus,4772.2,6599.0,0.71862
24,69,Right-MFC---medial-frontal-cortex,2410.5,3322.0,0.71862
24,70,Left-MFC---medial-frontal-cortex,2829.6,3911.0,0.71862
24,71,Right-MFG---middle-frontal-gyrus,23082.9,32018.0,0.71862
24,72,Left-MFG---middle-frontal-gyrus,22410.3,31171.0,0.71862
24,73,Right-MOG---middle-occipital-gyrus,5077.0,6978.0,0.71862
24,74,Left-MOG---middle-occipital-gyrus,6039.2,8409.0,0.71862
24,75,Right-MOrG--medial-orbital-gyrus,4084.9,5652.0,0.71862
24,76,Left-MOrG--medial-orbital-gyrus,4700.6,6558.0,0.71862
24,77,Right-MPoG--postcentral-gyrus,1528.6,2103.0,0.71862
24,78,Left-MPoG--postcentral-gyrus,1758.7,2430.0,0.71862
24,79,Right-MPrG--precentral-gyrus,2804.7,3899.0,0.71862
24,80,Left-MPrG--precentral-gyrus,3752.1,5205.0,0.71862
24,81,Right-MSFG--superior-frontal-gyrus,8140.8,11357.0,0.71862
24,82,Left-MSFG--superior-frontal-gyrus,7410.3,10352.0,0.71862
24,83,Right-MTG---middle-temporal-gyrus,16146.5,22497.0,0.71862
24,84,Left-MTG---middle-temporal-gyrus,16029.2,22356.0,0.71862
24,85,Right-OCP---occipital-pole,3688.6,5148.0,0.71862
24,86,Left-OCP---occipital-pole,4820.0,6704.0,0.71862
24,87,Right-OFuG--occipital-fusiform-gyrus,5636.3,7848.0,0.71862
24,88,Left-OFuG--occipital-fusiform-gyrus,4940.4,6862.0,0.71862
24,89,Right-OpIFG-opercular-part-of-the-IFG,4494.3,6224.0,0.71862
24,90,Left-OpIFG-opercular-part-of-the-IFG,3727.8,5166.0,0.71862
24,91,Right-OrIFG-orbital-part-of-the-IFG,1650.5,2297.0,0.71862
24,92,Left-OrIFG-orbital-part-of-the-IFG,1517.9,2131.0,0.71862
24,93,Right-PCgG--posterior-cingulate-gyrus,5346.3,7429.0,0.71862
24,94,Left-PCgG--posterior-cingulate-gyrus,4733.1,6581.0,0.71862
24,95,Right-PCu---precuneus,12610.3,17618.0,0.71862
24,96,Left-PCu---precuneus,11409.3,15836.0,0.71862
24,97,Right-PHG---parahippocampal-gyrus,2965.2,4114.0,0.71862
24,98,Left-PHG---parahippocampal-gyrus,3413.3,4790.0,0.71862
24,99,Right-PIns--posterior-insula,3030.3,4166.0,0.71862
24,100,Left-PIns--posterior-insula,2670.1,3717.0,0.71862
24,101,Right-PO----parietal-operculum,2819.4,3926.0,0.71862
24,102,Left-PO----parietal-operculum,2986.6,4160.0,0.71862
24,103,Right-PoG---postcentral-gyrus,11210.2,15528.0,0.71862
24,104,Left-PoG---postcentral-gyrus,14192.2,19742.0,0.71862
24,105,Right-POrG--posterior-orbital-gyrus,3393.0,4736.0,0.71862
24,106,Left-POrG--posterior-orbital-gyrus,3396.0,4681.0,0.71862
24,107,Right-PP----planum-polare,2363.3,3312.0,0.71862
24,108,Left-PP----planum-polare,2875.8,3979.0,0.71862
24,109,Right-PrG---precentral-gyrus,12392.3,17198.0,0.71862
24,110,Left-PrG---precentral-gyrus,12827.2,17837.0,0.71862
24,111,Right-PT----planum-temporale,2264.7,3157.0,0.71862
24,112,Left-PT----planum-temporale,2111.8,2914.0,0.71862
24,113,Right-SCA---subcallosal-area,872.2,1223.0,0.71862
24,114,Left-SCA---subcallosal-area,999.3,1385.0,0.71862
24,115,Right-SFG---superior-frontal-gyrus,15734.0,21814.0,0.71862
24,116,Left-SFG---superior-frontal-gyrus,17210.8,23979.0,0.71862
24,117,Right-SMC---supplementary-motor-cortex,6249.5,8656.0,0.71862
24,118,Left-SMC---supplementary-motor-cortex,6156.5,8509.0,0.71862
24,119,Right-SMG---supramarginal-gyrus,9113.7,12648.0,0.71862
24,120,Left-SMG---supramarginal-gyrus,10704.7,14944.0,0.71862
24,121,Right-SOG---superior-occipital-gyrus,5952.8,8413.0,0.71862
24,122,Left-SOG---superior-occipital-gyrus,4124.0,5783.0,0.71862
24,123,Right-SPL---superior-parietal-lobule,14056.6,19519.0,0.71862
24,124,Left-SPL---superior-parietal-lobule,12073.3,16897.0,0.71862
24,125,Right-STG---superior-temporal-gyrus,7831.4,10921.0,0.71862
24,126,Left-STG---superior-temporal-gyrus,8676.8,12072.0,0.71862
24,127,Right-TMP---temporal-pole,9426.6,13152.0,0.71862
24,128,Left-TMP---temporal-pole,8704.2,12165.0,0.71862
24,129,Right-TrIFG-triangular-part-of-the-IFG,3777.0,5225.0,0.71862
24,130,Left-TrIFG-triangular-part-of-the-IFG,4635.6,6396.0,0.71862
24,131,Right-TTG---transverse-temporal-gyrus,1563.6,2180.0,0.71862
24,132,Left-TTG---transverse-temporal-gyrus,2064.0,2865.0,0.71862
25,1,3rd-Ventricle,1764.8,2432.0,0.72153
25,2,4th-Ventricle,1812.1,2489.0,0.72153
25,3,Right-Accumbens-Area,775.7,1087.0,0.72153
25,4,Left-Accumbens-Area,688.9,927.0,0.72153
25,5,Right-Amygdala,1257.8,1743.0,0.72153
25,6,Left-Amygdala,1121.7,1569.0,0.72153
25,7,Brain-Stem,17591.8,24351.0,0.72153
25,8,Right-Caudate,3518.0,4872.0,0.72153
25,9,Left-Caudate,3408.2,4744.0,0.72153
25,10,Right-Cerebellum-Exterior,56582.4,78811.0,0.72153
25,11,Left-Cerebellum-Exterior,59326.7,82864.0,0.72153
25,12,Right-Cerebellum-White-Matter,14803.9,20543.0,0.72153
25,13,Left-Cerebellum-White-Matter,15213.8,21080.0,0.72153
25,14,Right-Cerebral-White-Matter,216085.7,300015.0,0.72153
25,15,Left-Cerebral-White-Matter,214484.0,297040.0,0.72153
25,16,Right-Hippocampus,4085.9,5639.0,0.72153
25,17,Left-Hippocampus,3684.1,5113.0,0.72153
25,18,Right-Inf-Lat-Vent,848.9,1175.0,0.72153
25,19,Left-Inf-Lat-Vent,666.0,957.0,0.72153
25,20,Right-Lateral-Ventricle,5158.8,7116.0,0.72153
25,21,Left-Lateral-Ventricle,7977.2,11087.0,0.72153
25,22,Right-Pallidum,1764.3,2414.0,0.72153
25,23,Left-Pallidum,1776.0,2461.0,0.72153
25,24,Right-Putamen,4902.8,6755.0,0.72153
25,25,Left-Putamen,4921.1,6855.0,0.72153
25,26,Right-Thalamus-Proper,8728.6,12037.0,0.72153
25,27,Left-Thalamus-Proper,8533.5,11820.0,0.72153
25,28,Right-Ventral-DC,5219.3,7277.0,0.72153
25,29,Left-Ventral-DC,5381.8,7427.0,0.72153
25,30,Cerebellar-Vermal-Lobules-I-V,5411.3,7498.0,0.72153
25,31,Cerebellar-Vermal-Lobules-VI-VII,2917.0,4022.0,0.72153
25,32,Cerebellar-Vermal-Lobules-VIII-X,3078.5,4265.0,0.72153
25,33,Left-Basal-Forebrain,636.0,884.0,0.72153
25,34,Right-Basal-Forebrain,607.6,838.0,0.72153
25,35,Right-ACgG--anterior-cingulate-gyrus,5655.7,7818.0,0.72153
25,36,Left-ACgG--anterior-cingulate-gyrus,5858.9,8101.0,0.72153
25,37,Right-AIns--anterior-insula,3798.9,5224.0,0.72153
25,38,Left-AIns--anterior-insula,3960.9,5466.0,0.72153
25,39,Right-AOrG--anterior-orbital-gyrus,2671.1,3661.0,0.72153
25,40,Left-AOrG--anterior-orbital-gyrus,2247.4,3133.0,0.72153
25,41,Right-AnG---angular-gyrus,12179.5,16856.0,0.72153
25,42,Left-AnG---angular-gyrus,11502.8,15977.0,0.72153
25,43,Right-Calc--calcarine-cortex,5004.9,6896.0,0.72153
25,44,Left-Calc--calcarine-cortex,5093.3,7082.0,0.72153
25,45,Right-CO----central-operculum,4562.9,6315.0,0.72153
25,46,Left-CO----central-operculum,4403.4,6137.0,0.72153
25,47,Right-Cun---cuneus,6246.0,8618.0,0.72153
25,48,Left-Cun---cuneus,5514.4,7614.0,0.72153
25,49,Right-Ent---entorhinal-area,2284.5,3179.0,0.72153
25,50,Left-Ent---entorhinal-area,2478.1,3462.0,0.72153
25,51,Right-FO----frontal-operculum,1806.0,2512.0,0.72153
25,52,Left-FO----frontal-operculum,2284.0,3166.0,0.72153
25,53,Right-FRP---frontal-pole,3103.9,4312.0,0.72153
25,54,Left-FRP---frontal-pole,3611.4,4988.0,0.72153
25,55,Right-FuG---fusiform-gyrus ,7875.6,10775.0,0.72153
25,56,Left-FuG---fusiform-gyrus,8744.3,12240.0,0.72153
25,57,Right-GRe---gyrus-rectus,2519.7,3504.0,0.72153
25,58,Left-GRe---gyrus-rectus,1997.5,2742.0,0.72153
25,59,Right-IOG---inferior-occipital-gyrus,5744.0,7937.0,0.72153
25,60,Left-IOG---inferior-occipital-gyrus,6840.3,9404.0,0.72153
25,61,Right-ITG---inferior-temporal-gyrus,14614.9,20297.0,0.72153
25,62,Left-ITG---inferior-temporal-gyrus,13481.5,18697.0,0.72153
25,63,Right-LiG---lingual-gyrus,10327.3,14337.0,0.72153
25,64,Left-LiG---lingual-gyrus,10119.5,13966.0,0.72153
25,65,Right-LOrG--lateral-orbital-gyrus,2593.9,3569.0,0.72153
25,66,Left-LOrG--lateral-orbital-gyrus,2803.7,3854.0,0.72153
25,67,Right-MCgG--middle-cingulate-gyrus,5032.8,6961.0,0.72153
25,68,Left-MCgG--middle-cingulate-gyrus,4867.2,6751.0,0.72153
25,69,Right-MFC---medial-frontal-cortex,2397.8,3312.0,0.72153
25,70,Left-MFC---medial-frontal-cortex,2772.2,3884.0,0.72153
25,71,Right-MFG---middle-frontal-gyrus,23320.1,32237.0,0.72153
25,72,Left-MFG---middle-frontal-gyrus,22730.8,31348.0,0.72153
25,73,Right-MOG---middle-occipital-gyrus,5204.0,7093.0,0.72153
25,74,Left-MOG---middle-occipital-gyrus,6003.6,8373.0,0.72153
25,75,Right-MOrG--medial-orbital-gyrus,4060.5,5668.0,0.72153
25,76,Left-MOrG--medial-orbital-gyrus,4635.1,6406.0,0.72153
25,77,Right-MPoG--postcentral-gyrus,1565.7,2232.0,0.72153
25,78,Left-MPoG--postcentral-gyrus,1732.3,2429.0,0.72153
25,79,Right-MPrG--precentral-gyrus,2858.1,3966.0,0.72153
25,80,Left-MPrG--precentral-gyrus,3816.2,5329.0,0.72153
25,81,Right-MSFG--superior-frontal-gyrus,8173.3,11364.0,0.72153
25,82,Left-MSFG--superior-frontal-gyrus,7571.3,10477.0,0.72153
25,83,Right-MTG---middle-temporal-gyrus,16177.5,22465.0,0.72153
25,84,Left-MTG---middle-temporal-gyrus,16201.9,22361.0,0.72153
25,85,Right-OCP---occipital-pole,3731.8,5189.0,0.72153
25,86,Left-OCP---occipital-pole,4935.8,6806.0,0.72153
25,87,Right-OFuG--occipital-fusiform-gyrus,5710.5,7859.0,0.72153
25,88,Left-OFuG--occipital-fusiform-gyrus,4906.8,6869.0,0.72153
25,89,Right-OpIFG-opercular-part-of-the-IFG,4483.2,6224.0,0.72153
25,90,Left-OpIFG-opercular-part-of-the-IFG,3784.2,5232.0,0.72153
25,91,Right-OrIFG-orbital-part-of-the-IFG,1687.6,2347.0,0.72153
25,92,Left-OrIFG-orbital-part-of-the-IFG,1531.6,2127.0,0.72153
25,93,Right-PCgG--posterior-cingulate-gyrus,5340.2,7435.0,0.72153
25,94,Left-PCgG--posterior-cingulate-gyrus,4805.2,6644.0,0.72153
25,95,Right-PCu---precuneus,12772.3,17636.0,0.72153
25,96,Left-PCu---precuneus,11633.4,16167.0,0.72153
25,97,Right-PHG---parahippocampal-gyrus,2939.3,4104.0,0.72153
25,98,Left-PHG---parahippocampal-gyrus,3497.6,4818.0,0.72153
25,99,Right-PIns--posterior-insula,2991.7,4147.0,0.72153
25,100,Left-PIns--posterior-insula,2629.4,3661.0,0.72153
25,101,Right-PO----parietal-operculum,2803.2,3907.0,0.72153
25,102,Left-PO----parietal-operculum,3056.7,4242.0,0.72153
25,103,Right-PoG---postcentral-gyrus,11409.3,15898.0,0.72153
25,104,Left-PoG---postcentral-gyrus,14319.7,19840.0,0.72153
25,105,Right-POrG--posterior-orbital-gyrus,3468.2,4825.0,0.72153
25,106,Left-POrG--posterior-orbital-gyrus,3400.6,4773.0,0.72153
25,107,Right-PP----planum-polare,2340.9,3255.0,0.72153
25,108,Left-PP----planum-polare,2978.4,4158.0,0.72153
25,109,Right-PrG---precentral-gyrus,12523.4,17313.0,0.72153
25,110,Left-PrG---precentral-gyrus,13048.7,18082.0,0.72153
25,111,Right-PT----planum-temporale,2258.6,3121.0,0.72153
25,112,Left-PT----planum-temporale,2138.2,2972.0,0.72153
25,113,Right-SCA---subcallosal-area,844.3,1192.0,0.72153
25,114,Left-SCA---subcallosal-area,980.5,1339.0,0.72153
25,115,Right-SFG---superior-frontal-gyrus,15934.7,22061.0,0.72153
25,116,Left-SFG---superior-frontal-gyrus,17421.6,24154.0,0.72153
25,117,Right-SMC---supplementary-motor-cortex,6347.6,8758.0,0.72153
25,118,Left-SMC---supplementary-motor-cortex,6169.2,8462.0,0.72153
25,119,Right-SMG---supramarginal-gyrus,9103.5,12572.0,0.72153
25,120,Left-SMG---supramarginal-gyrus,10807.4,15021.0,0.72153
25,121,Right-SOG---superior-occipital-gyrus,6072.2,8504.0,0.72153
25,122,Left-SOG---superior-occipital-gyrus,4192.1,5753.0,0.72153
25,123,Right-SPL---superior-parietal-lobule,13953.5,19404.0,0.72153
25,124,Left-SPL---superior-parietal-lobule,12379.6,17056.0,0.72153
25,125,Right-STG---superior-temporal-gyrus,7913.2,11017.0,0.72153
25,126,Left-STG---superior-temporal-gyrus,8690.0,12059.0,0.72153
25,127,Right-TMP---temporal-pole,9571.9,13204.0,0.72153
25,128,Left-TMP---temporal-pole,8775.8,12131.0,0.72153
25,129,Right-TrIFG-triangular-part-of-the-IFG,3736.9,5181.0,0.72153
25,130,Left-TrIFG-triangular-part-of-the-IFG,4628.5,6392.0,0.72153
25,131,Right-TTG---transverse-temporal-gyrus,1578.4,2183.0,0.72153
25,132,Left-TTG---transverse-temporal-gyrus,2095.0,2863.0,0.72153
26,1,3rd-Ventricle,1769.4,2467.0,0.72311
26,2,4th-Ventricle,1802.9,2491.0,0.72311
26,3,Right-Accumbens-Area,753.9,1063.0,0.72311
26,4,Left-Accumbens-Area,638.1,885.0,0.72311
26,5,Right-Amygdala,1275.1,1754.0,0.72311
26,6,Left-Amygdala,1163.3,1617.0,0.72311
26,7,Brain-Stem,17609.6,24290.0,0.72311
26,8,Right-Caudate,3524.1,4838.0,0.72311
26,9,Left-Caudate,3412.8,4718.0,0.72311
26,10,Right-Cerebellum-Exterior,56413.3,78197.0,0.72311
26,11,Left-Cerebellum-Exterior,60642.9,84132.0,0.72311
26,12,Right-Cerebellum-White-Matter,14965.4,20655.0,0.72311
26,13,Left-Cerebellum-White-Matter,15243.8,21155.0,0.72311
26,14,Right-Cerebral-White-Matter,216678.0,299940.0,0.72311
26,15,Left-Cerebral-White-Matter,214219.8,296572.0,0.72311
26,16,Right-Hippocampus,4042.7,5574.0,0.72311
26,17,Left-Hippocampus,3685.1,5122.0,0.72311
26,18,Right-Inf-Lat-Vent,857.0,1191.0,0.72311
26,19,Left-Inf-Lat-Vent,754.4,993.0,0.72311
26,20,Right-Lateral-Ventricle,5157.8,7151.0,0.72311
26,21,Left-Lateral-Ventricle,7967.1,11018.0,0.72311
26,22,Right-Pallidum,1735.4,2422.0,0.72311
26,23,Left-Pallidum,1759.7,2420.0,0.72311
26,24,Right-Putamen,4833.2,6743.0,0.72311
26,25,Left-Putamen,4911.4,6758.0,0.72311
26,26,Right-Thalamus-Proper,8750.9,12086.0,0.72311
26,27,Left-Thalamus-Proper,8598.5,11820.0,0.72311
26,28,Right-Ventral-DC,5231.0,7250.0,0.72311
26,29,Left-Ventral-DC,5410.8,7497.0,0.72311
26,30,Cerebellar-Vermal-Lobules-I-V,5318.8,7384.0,0.72311
26,31,Cerebellar-Vermal-Lobules-VI-VII,2856.5,3985.0,0.72311
26,32,Cerebellar-Vermal-Lobules-VIII-X,3036.4,4231.0,0.72311
26,33,Left-Basal-Forebrain,630.9,864.0,0.72311
26,34,Right-Basal-Forebrain,612.7,853.0,0.72311
26,35,Right-ACgG--anterior-cingulate-gyrus,5591.6,7699.0,0.72311
26,36,Left-ACgG--anterior-cingulate-gyrus,5742.5,7933.0,0.72311
26,37,Right-AIns--anterior-insula,3783.6,5240.0,0.72311
26,38,Left-AIns--anterior-insula,3924.9,5423.0,0.72311
26,39,Right-AOrG--anterior-orbital-gyrus,2623.9,3647.0,0.72311
26,40,Left-AOrG--anterior-orbital-gyrus,2222.0,3082.0,0.72311
26,41,Right-AnG---angular-gyrus,12079.9,16686.0,0.72311
26,42,Left-AnG---angular-gyrus,11573.4,15898.0,0.72311
26,43,Right-Calc--calcarine-cortex,4955.1,6828.0,0.72311
26,44,Left-Calc--calcarine-cortex,5131.9,7113.0,0.72311
26,45,Right-CO----central-operculum,4591.9,6339.0,0.72311
26,46,Left-CO----central-operculum,4366.8,6048.0,0.72311
26,47,Right-Cun---cuneus,6178.9,8615.0,0.72311
26,48,Left-Cun---cuneus,5605.9,7689.0,0.72311
26,49,Right-Ent---entorhinal-area,2306.9,3210.0,0.72311
26,50,Left-Ent---entorhinal-area,2509.6,3482.0,0.72311
26,51,Right-FO----frontal-operculum,1832.4,2515.0,0.72311
26,52,Left-FO----frontal-operculum,2318.5,3193.0,0.72311
26,53,Right-FRP---frontal-pole,3128.3,4301.0,0.72311
26,54,Left-FRP---frontal-pole,3647.0,5012.0,0.72311
26,55,Right-FuG---fusiform-gyrus ,7819.3,10801.0,0.72311
26,56,Left-FuG---fusiform-gyrus,8859.7,12176.0,0.72311
26,57,Right-GRe---gyrus-rectus,2608.6,3578.0,0.72311
26,58,Left-GRe---gyrus-rectus,2003.6,2813.0,0.72311
26,59,Right-IOG---inferior-occipital-gyrus,5717.1,7874.0,0.72311
26,60,Left-IOG---inferior-occipital-gyrus,6757.5,9310.0,0.72311
26,61,Right-ITG---inferior-temporal-gyrus,14460.4,19992.0,0.72311
26,62,Left-ITG---inferior-temporal-gyrus,13576.0,18721.0,0.72311
26,63,Right-LiG---lingual-gyrus,10477.2,14404.0,0.72311
26,64,Left-LiG---lingual-gyrus,10076.8,13928.0,0.72311
26,65,Right-LOrG--lateral-orbital-gyrus,2573.1,3582.0,0.72311
26,66,Left-LOrG--lateral-orbital-gyrus,2758.0,3842.0,0.72311
26,67,Right-MCgG--middle-cingulate-gyrus,5057.2,7060.0,0.72311
26,68,Left-MCgG--middle-cingulate-gyrus,4928.2,6702.0,0.72311
26,69,Right-MFC---medial-frontal-cortex,2410.5,3335.0,0.72311
26,70,Left-MFC---medial-frontal-cortex,2856.5,3932.0,0.72311
26,71,Right-MFG---middle-frontal-gyrus,23290.1,32081.0,0.72311
26,72,Left-MFG---middle-frontal-gyrus,22446.8,31072.0,0.72311
26,73,Right-MOG---middle-occipital-gyrus,5014.5,7001.0,0.72311
26,74,Left-MOG---middle-occipital-gyrus,6128.6,8361.0,0.72311
26,75,Right-MOrG--medial-orbital-gyrus,4058.5,5617.0,0.72311
26,76,Left-MOrG--medial-orbital-gyrus,4812.9,6613.0,0.72311
26,77,Right-MPoG--postcentral-gyrus,1530.1,2138.0,0.72311
26,78,Left-MPoG--postcentral-gyrus,1711.5,2403.0,0.72311
26,79,Right-MPrG--precentral-gyrus,2847.9,3907.0,0.72311
26,80,Left-MPrG--precentral-gyrus,3735.4,5214.0,0.72311
26,81,Right-MSFG--superior-frontal-gyrus,8153.0,11248.0,0.72311
26,82,Left-MSFG--superior-frontal-gyrus,7429.1,10270.0,0.72311
26,83,Right-MTG---middle-temporal-gyrus,16251.7,22494.0,0.72311
26,84,Left-MTG---middle-temporal-gyrus,15986.0,22072.0,0.72311
26,85,Right-OCP---occipital-pole,3668.3,5016.0,0.72311
26,86,Left-OCP---occipital-pole,4795.1,6665.0,0.72311
26,87,Right-OFuG--occipital-fusiform-gyrus,5737.9,7960.0,0.72311
26,88,Left-OFuG--occipital-fusiform-gyrus,5024.7,6960.0,0.72311
26,89,Right-OpIFG-opercular-part-of-the-IFG,4485.7,6170.0,0.72311
26,90,Left-OpIFG-opercular-part-of-the-IFG,3767.4,5226.0,0.72311
26,91,Right-OrIFG-orbital-part-of-the-IFG,1634.3,2281.0,0.72311
26,92,Left-OrIFG-orbital-part-of-the-IFG,1572.3,2166.0,0.72311
26,93,Right-PCgG--posterior-cingulate-gyrus,5336.1,7344.0,0.72311
26,94,Left-PCgG--posterior-cingulate-gyrus,4751.9,6655.0,0.72311
26,95,Right-PCu---precuneus,12711.9,17574.0,0.72311
26,96,Left-PCu---precuneus,11448.0,15823.0,0.72311
26,97,Right-PHG---parahippocampal-gyrus,2975.4,4101.0,0.72311
26,98,Left-PHG---parahippocampal-gyrus,3475.8,4794.0,0.72311
26,99,Right-PIns--posterior-insula,2956.1,4096.0,0.72311
26,100,Left-PIns--posterior-insula,2696.0,3680.0,0.72311
26,101,Right-PO----parietal-operculum,2820.5,3901.0,0.72311
26,102,Left-PO----parietal-operculum,3020.1,4159.0,0.72311
26,103,Right-PoG---postcentral-gyrus,11388.0,15708.0,0.72311
26,104,Left-PoG---postcentral-gyrus,14270.4,19659.0,0.72311
26,105,Right-POrG--posterior-orbital-gyrus,3444.3,4755.0,0.72311
26,106,Left-POrG--posterior-orbital-gyrus,3338.6,4652.0,0.72311
26,107,Right-PP----planum-polare,2357.2,3259.0,0.72311
26,108,Left-PP----planum-polare,2912.9,4052.0,0.72311
26,109,Right-PrG---precentral-gyrus,12456.4,17150.0,0.72311
26,110,Left-PrG---precentral-gyrus,12950.1,17869.0,0.72311
26,111,Right-PT----planum-temporale,2258.1,3109.0,0.72311
26,112,Left-PT----planum-temporale,2105.7,2911.0,0.72311
26,113,Right-SCA---subcallosal-area,852.4,1178.0,0.72311
26,114,Left-SCA---subcallosal-area,1000.3,1383.0,0.72311
26,115,Right-SFG---superior-frontal-gyrus,15757.4,21861.0,0.72311
26,116,Left-SFG---superior-frontal-gyrus,17225.5,23846.0,0.72311
26,117,Right-SMC---supplementary-motor-cortex,6274.4,8627.0,0.72311
26,118,Left-SMC---supplementary-motor-cortex,6131.1,8447.0,0.72311
26,119,Right-SMG---supramarginal-gyrus,9086.7,12581.0,0.72311
26,120,Left-SMG---supramarginal-gyrus,10720.0,14911.0,0.72311
26,121,Right-SOG---superior-occipital-gyrus,6110.8,8423.0,0.72311
26,122,Left-SOG---superior-occipital-gyrus,4161.1,5819.0,0.72311
26,123,Right-SPL---superior-parietal-lobule,14023.0,19386.0,0.72311
26,124,Left-SPL---superior-parietal-lobule,12186.1,16892.0,0.72311
26,125,Right-STG---superior-temporal-gyrus,7900.0,10963.0,0.72311
26,126,Left-STG---superior-temporal-gyrus,8763.1,12071.0,0.72311
26,127,Right-TMP---temporal-pole,9526.2,13146.0,0.72311
26,128,Left-TMP---temporal-pole,8708.3,12038.0,0.72311
26,129,Right-TrIFG-triangular-part-of-the-IFG,3819.7,5196.0,0.72311
26,130,Left-TrIFG-triangular-part-of-the-IFG,4573.1,6307.0,0.72311
26,131,Right-TTG---transverse-temporal-gyrus,1553.5,2144.0,0.72311
26,132,Left-TTG---transverse-temporal-gyrus,2063.0,2870.0,0.72311
27,1,3rd-Ventricle,1809.0,2528.0,0.71928
27,2,4th-Ventricle,1816.6,2562.0,0.71928
27,3,Right-Accumbens-Area,678.2,942.0,0.71928
27,4,Left-Accumbens-Area,644.7,917.0,0.71928
27,5,Right-Amygdala,1230.9,1705.0,0.71928
27,6,Left-Amygdala,1090.2,1524.0,0.71928
27,7,Brain-Stem,17383.0,24223.0,0.71928
27,8,Right-Caudate,3481.9,4840.0,0.71928
27,9,Left-Caudate,3392.0,4754.0,0.71928
27,10,Right-Cerebellum-Exterior,56092.2,78052.0,0.71928
27,11,Left-Cerebellum-Exterior,59956.1,83844.0,0.71928
27,12,Right-Cerebellum-White-Matter,14765.8,20529.0,0.71928
27,13,Left-Cerebellum-White-Matter,15304.8,21224.0,0.71928
27,14,Right-Cerebral-White-Matter,215400.4,299635.0,0.71928
27,15,Left-Cerebral-White-Matter,213742.8,297281.0,0.71928
27,16,Right-Hippocampus,4045.8,5641.0,0.71928
27,17,Left-Hippocampus,3676.5,5116.0,0.71928
27,18,Right-Inf-Lat-Vent,879.4,1200.0,0.71928
27,19,Left-Inf-Lat-Vent,760.0,1028.0,0.71928
27,20,Right-Lateral-Ventricle,5318.8,7408.0,0.71928
27,21,Left-Lateral-Ventricle,8285.1,11475.0,0.71928
27,22,Right-Pallidum,1750.1,2428.0,0.71928
27,23,Left-Pallidum,1768.9,2455.0,0.71928
27,24,Right-Putamen,4856.6,6728.0,0.71928
27,25,Left-Putamen,4889.6,6787.0,0.71928
27,26,Right-Thalamus-Proper,8717.4,12092.0,0.71928
27,27,Left-Thalamus-Proper,8519.8,11804.0,0.71928
27,28,Right-Ventral-DC,5259.4,7297.0,0.71928
27,29,Left-Ventral-DC,5350.8,7481.0,0.71928
27,30,Cerebellar-Vermal-Lobules-I-V,5387.4,7451.0,0.71928
27,31,Cerebellar-Vermal-Lobules-VI-VII,2910.9,4017.0,0.71928
27,32,Cerebellar-Vermal-Lobules-VIII-X,3094.8,4261.0,0.71928
27,33,Left-Basal-Forebrain,638.6,884.0,0.71928
27,34,Right-Basal-Forebrain,620.3,859.0,0.71928
27,35,Right-ACgG--anterior-cingulate-gyrus,5625.7,7833.0,0.71928
27,36,Left-ACgG--anterior-cingulate-gyrus,5687.1,7924.0,0.71928
27,37,Right-AIns--anterior-insula,3789.7,5197.0,0.71928
27,38,Left-AIns--anterior-insula,3902.0,5431.0,0.71928
27,39,Right-AOrG--anterior-orbital-gyrus,2731.1,3759.0,0.71928
27,40,Left-AOrG--anterior-orbital-gyrus,2223.0,3111.0,0.71928
27,41,Right-AnG---angular-gyrus,12179.0,16846.0,0.71928
27,42,Left-AnG---angular-gyrus,11428.1,15791.0,0.71928
27,43,Right-Calc--calcarine-cortex,4866.2,6783.0,0.71928
27,44,Left-Calc--calcarine-cortex,5006.9,6930.0,0.71928
27,45,Right-CO----central-operculum,4546.2,6341.0,0.71928
27,46,Left-CO----central-operculum,4305.4,5986.0,0.71928
27,47,Right-Cun---cuneus,6174.3,8557.0,0.71928
27,48,Left-Cun---cuneus,5410.8,7561.0,0.71928
27,49,Right-Ent---entorhinal-area,2365.8,3287.0,0.71928
27,50,Left-Ent---entorhinal-area,2481.1,3455.0,0.71928
27,51,Right-FO----frontal-operculum,1745.5,2421.0,0.71928
27,52,Left-FO----frontal-operculum,2299.8,3202.0,0.71928
27,53,Right-FRP---frontal-pole,3048.6,4264.0,0.71928
27,54,Left-FRP---frontal-pole,3637.3,5015.0,0.71928
27,55,Right-FuG---fusiform-gyrus ,7660.8,10696.0,0.71928
27,56,Left-FuG---fusiform-gyrus,8820.0,12275.0,0.71928
27,57,Right-GRe---gyrus-rectus,2516.7,3484.0,0.71928
27,58,Left-GRe---gyrus-rectus,2044.2,2835.0,0.71928
27,59,Right-IOG---inferior-occipital-gyrus,5714.1,7931.0,0.71928
27,60,Left-IOG---inferior-occipital-gyrus,6772.8,9451.0,0.71928
27,61,Right-ITG---inferior-temporal-gyrus,14467.6,20077.0,0.71928
27,62,Left-ITG---inferior-temporal-gyrus,13656.8,18954.0,0.71928
27,63,Right-LiG---lingual-gyrus,10313.6,14337.0,0.71928
27,64,Left-LiG---lingual-gyrus,9988.4,13837.0,0.71928
27,65,Right-LOrG--lateral-orbital-gyrus,2611.2,3604.0,0.71928
27,66,Left-LOrG--lateral-orbital-gyrus,2747.8,3833.0,0.71928
27,67,Right-MCgG--middle-cingulate-gyrus,4988.1,6889.0,0.71928
27,68,Left-MCgG--middle-cingulate-gyrus,4663.5,6570.0,0.71928
27,69,Right-MFC---medial-frontal-cortex,2335.3,3264.0,0.71928
27,70,Left-MFC---medial-frontal-cortex,2735.6,3827.0,0.71928
27,71,Right-MFG---middle-frontal-gyrus,22922.3,31894.0,0.71928
27,72,Left-MFG---middle-frontal-gyrus,22396.5,31179.0,0.71928
27,73,Right-MOG---middle-occipital-gyrus,5137.5,7100.0,0.71928
27,74,Left-MOG---middle-occipital-gyrus,6070.7,8356.0,0.71928
27,75,Right-MOrG--medial-orbital-gyrus,4005.1,5641.0,0.71928
27,76,Left-MOrG--medial-orbital-gyrus,4779.3,6626.0,0.71928
27,77,Right-MPoG--postcentral-gyrus,1542.3,2125.0,0.71928
27,78,Left-MPoG--postcentral-gyrus,1764.8,2420.0,0.71928
27,79,Right-MPrG--precentral-gyrus,2812.8,3903.0,0.71928
27,80,Left-MPrG--precentral-gyrus,3730.8,5223.0,0.71928
27,81,Right-MSFG--superior-frontal-gyrus,8177.9,11323.0,0.71928
27,82,Left-MSFG--superior-frontal-gyrus,7495.1,10346.0,0.71928
27,83,Right-MTG---middle-temporal-gyrus,16165.3,22475.0,0.71928
27,84,Left-MTG---middle-temporal-gyrus,15917.4,22080.0,0.71928
27,85,Right-OCP---occipital-pole,3816.2,5329.0,0.71928
27,86,Left-OCP---occipital-pole,4805.2,6645.0,0.71928
27,87,Right-OFuG--occipital-fusiform-gyrus,5718.1,7943.0,0.71928
27,88,Left-OFuG--occipital-fusiform-gyrus,4947.0,6873.0,0.71928
27,89,Right-OpIFG-opercular-part-of-the-IFG,4445.6,6169.0,0.71928
27,90,Left-OpIFG-opercular-part-of-the-IFG,3695.2,5124.0,0.71928
27,91,Right-OrIFG-orbital-part-of-the-IFG,1679.0,2336.0,0.71928
27,92,Left-OrIFG-orbital-part-of-the-IFG,1525.5,2111.0,0.71928
27,93,Right-PCgG--posterior-cingulate-gyrus,5312.7,7421.0,0.71928
27,94,Left-PCgG--posterior-cingulate-gyrus,4779.8,6627.0,0.71928
27,95,Right-PCu---precuneus,12576.2,17579.0,0.71928
27,96,Left-PCu---precuneus,11459.6,15893.0,0.71928
27,97,Right-PHG---parahippocampal-gyrus,2955.6,4091.0,0.71928
27,98,Left-PHG---parahippocampal-gyrus,3470.2,4826.0,0.71928
27,99,Right-PIns--posterior-insula,2984.5,4109.0,0.71928
27,100,Left-PIns--posterior-insula,2695.0,3671.0,0.71928
27,101,Right-PO----parietal-operculum,2789.5,3878.0,0.71928
27,102,Left-PO----parietal-operculum,2996.2,4149.0,0.71928
27,103,Right-PoG---postcentral-gyrus,11294.5,15677.0,0.71928
27,104,Left-PoG---postcentral-gyrus,14284.2,19895.0,0.71928
27,105,Right-POrG--posterior-orbital-gyrus,3370.1,4696.0,0.71928
27,106,Left-POrG--posterior-orbital-gyrus,3285.3,4598.0,0.71928
27,107,Right-PP----planum-polare,2359.2,3262.0,0.71928
27,108,Left-PP----planum-polare,2762.0,3843.0,0.71928
27,109,Right-PrG---precentral-gyrus,12355.3,17225.0,0.71928
27,110,Left-PrG---precentral-gyrus,12740.3,17758.0,0.71928
27,111,Right-PT----planum-temporale,2269.3,3148.0,0.71928
27,112,Left-PT----planum-temporale,2131.6,2949.0,0.71928
27,113,Right-SCA---subcallosal-area,857.0,1169.0,0.71928
27,114,Left-SCA---subcallosal-area,985.0,1378.0,0.71928
27,115,Right-SFG---superior-frontal-gyrus,15675.6,21866.0,0.71928
27,116,Left-SFG---superior-frontal-gyrus,17122.9,23962.0,0.71928
27,117,Right-SMC---supplementary-motor-cortex,6279.0,8724.0,0.71928
27,118,Left-SMC---supplementary-motor-cortex,6140.8,8497.0,0.71928
27,119,Right-SMG---supramarginal-gyrus,9115.2,12644.0,0.71928
27,120,Left-SMG---supramarginal-gyrus,10553.9,14752.0,0.71928
27,121,Right-SOG---superior-occipital-gyrus,6033.6,8480.0,0.71928
27,122,Left-SOG---superior-occipital-gyrus,4065.6,5730.0,0.71928
27,123,Right-SPL---superior-parietal-lobule,13982.9,19413.0,0.71928
27,124,Left-SPL---superior-parietal-lobule,12094.7,16889.0,0.71928
27,125,Right-STG---superior-temporal-gyrus,7818.2,10897.0,0.71928
27,126,Left-STG---superior-temporal-gyrus,8710.3,12085.0,0.71928
27,127,Right-TMP---temporal-pole,9443.4,13049.0,0.71928
27,128,Left-TMP---temporal-pole,8794.1,12147.0,0.71928
27,129,Right-TrIFG-triangular-part-of-the-IFG,3714.0,5142.0,0.71928
27,130,Left-TrIFG-triangular-part-of-the-IFG,4616.8,6404.0,0.71928
27,131,Right-TTG---transverse-temporal-gyrus,1537.2,2142.0,0.71928
27,132,Left-TTG---transverse-temporal-gyrus,2061.0,2869.0,0.71928
28,1,3rd-Ventricle,1756.2,2426.0,0.71959
28,2,4th-Ventricle,1809.0,2518.0,0.71959
28,3,Right-Accumbens-Area,776.7,1089.0,0.71959
28,4,Left-Accumbens-Area,626.9,893.0,0.71959
28,5,Right-Amygdala,1264.4,1753.0,0.71959
28,6,Left-Amygdala,1140.5,1609.0,0.71959
28,7,Brain-Stem,17563.4,24291.0,0.71959
28,8,Right-Caudate,3539.3,4904.0,0.71959
28,9,Left-Caudate,3389.4,4707.0,0.71959
28,10,Right-Cerebellum-Exterior,56580.4,79124.0,0.71959
28,11,Left-Cerebellum-Exterior,60261.4,84532.0,0.71959
28,12,Right-Cerebellum-White-Matter,15033.0,20915.0,0.71959
28,13,Left-Cerebellum-White-Matter,15287.0,21315.0,0.71959
28,14,Right-Cerebral-White-Matter,216845.7,301597.0,0.71959
28,15,Left-Cerebral-White-Matter,214013.0,297394.0,0.71959
28,16,Right-Hippocampus,4113.3,5672.0,0.71959
28,17,Left-Hippocampus,3690.7,5138.0,0.71959
28,18,Right-Inf-Lat-Vent,858.0,1198.0,0.71959
28,19,Left-Inf-Lat-Vent,750.8,1033.0,0.71959
28,20,Right-Lateral-Ventricle,5127.3,7155.0,0.71959
28,21,Left-Lateral-Ventricle,7991.0,11124.0,0.71959
28,22,Right-Pallidum,1761.8,2444.0,0.71959
28,23,Left-Pallidum,1772.9,2469.0,0.71959
28,24,Right-Putamen,4882.0,6859.0,0.71959
28,25,Left-Putamen,4929.7,6854.0,0.71959
28,26,Right-Thalamus-Proper,8707.3,12067.0,0.71959
28,27,Left-Thalamus-Proper,8571.1,11896.0,0.71959
28,28,Right-Ventral-DC,5228.9,7294.0,0.71959
28,29,Left-Ventral-DC,5397.1,7507.0,0.71959
28,30,Cerebellar-Vermal-Lobules-I-V,5356.4,7455.0,0.71959
28,31,Cerebellar-Vermal-Lobules-VI-VII,2869.7,4011.0,0.71959
28,32,Cerebellar-Vermal-Lobules-VIII-X,3063.8,4255.0,0.71959
28,33,Left-Basal-Forebrain,624.3,868.0,0.71959
28,34,Right-Basal-Forebrain,598.9,837.0,0.71959
28,35,Right-ACgG--anterior-cingulate-gyrus,5599.3,7776.0,0.71959
28,36,Left-ACgG--anterior-cingulate-gyrus,5754.2,7924.0,0.71959
28,37,Right-AIns--anterior-insula,3764.8,5213.0,0.71959
28,38,Left-AIns--anterior-insula,3870.5,5406.0,0.71959
28,39,Right-AOrG--anterior-orbital-gyrus,2687.9,3724.0,0.71959
28,40,Left-AOrG--anterior-orbital-gyrus,2266.7,3135.0,0.71959
28,41,Right-AnG---angular-gyrus,12205.4,16931.0,0.71959
28,42,Left-AnG---angular-gyrus,11458.6,15874.0,0.71959
28,43,Right-Calc--calcarine-cortex,4952.6,6898.0,0.71959
28,44,Left-Calc--calcarine-cortex,5130.4,7176.0,0.71959
28,45,Right-CO----central-operculum,4519.2,6308.0,0.71959
28,46,Left-CO----central-operculum,4419.7,6112.0,0.71959
28,47,Right-Cun---cuneus,6262.7,8698.0,0.71959
28,48,Left-Cun---cuneus,5582.5,7658.0,0.71959
28,49,Right-Ent---entorhinal-area,2295.2,3216.0,0.71959
28,50,Left-Ent---entorhinal-area,2460.3,3399.0,0.71959
28,51,Right-FO----frontal-operculum,1762.8,2472.0,0.71959
28,52,Left-FO----frontal-operculum,2294.2,3179.0,0.71959
28,53,Right-FRP---frontal-pole,2948.5,4112.0,0.71959
28,54,Left-FRP---frontal-pole,3582.5,4969.0,0.71959
28,55,Right-FuG---fusiform-gyrus ,7747.1,10763.0,0.71959
28,56,Left-FuG---fusiform-gyrus,8736.2,12206.0,0.71959
28,57,Right-GRe---gyrus-rectus,2525.8,3535.0,0.71959
28,58,Left-GRe---gyrus-rectus,2050.8,2846.0,0.71959
28,59,Right-IOG---inferior-occipital-gyrus,5651.1,7853.0,0.71959
28,60,Left-IOG---inferior-occipital-gyrus,6696.1,9327.0,0.71959
28,61,Right-ITG---inferior-temporal-gyrus,14495.5,20125.0,0.71959
28,62,Left-ITG---inferior-temporal-gyrus,13610.0,18916.0,0.71959
28,63,Right-LiG---lingual-gyrus,10354.7,14350.0,0.71959
28,64,Left-LiG---lingual-gyrus,10031.6,13890.0,0.71959
28,65,Right-LOrG--lateral-orbital-gyrus,2532.4,3472.0,0.71959
28,66,Left-LOrG--lateral-orbital-gyrus,2744.8,3840.0,0.71959
28,67,Right-MCgG--middle-cingulate-gyrus,5157.8,7154.0,0.71959
28,68,Left-MCgG--middle-cingulate-gyrus,4770.7,6664.0,0.71959
28,69,Right-MFC---medial-frontal-cortex,2362.7,3278.0,0.71959
28,70,Left-MFC---medial-frontal-cortex,2811.8,3892.0,0.71959
28,71,Right-MFG---middle-frontal-gyrus,23263.2,32329.0,0.71959
28,72,Left-MFG---middle-frontal-gyrus,22625.1,31334.0,0.71959
28,73,Right-MOG---middle-occipital-gyrus,5161.4,7144.0,0.71959
28,74,Left-MOG---middle-occipital-gyrus,6101.2,8536.0,0.71959
28,75,Right-MOrG--medial-orbital-gyrus,4013.3,5595.0,0.71959
28,76,Left-MOrG--medial-orbital-gyrus,4809.3,6655.0,0.71959
28,77,Right-MPoG--postcentral-gyrus,1531.1,2194.0,0.71959
28,78,Left-MPoG--postcentral-gyrus,1788.7,2511.0,0.71959
28,79,Right-MPrG--precentral-gyrus,2776.8,3915.0,0.71959
28,80,Left-MPrG--precentral-gyrus,3796.3,5258.0,0.71959
28,81,Right-MSFG--superior-frontal-gyrus,8220.6,11349.0,0.71959
28,82,Left-MSFG--superior-frontal-gyrus,7466.7,10400.0,0.71959
28,83,Right-MTG---middle-temporal-gyrus,16201.4,22471.0,0.71959
28,84,Left-MTG---middle-temporal-gyrus,16157.2,22377.0,0.71959
28,85,Right-OCP---occipital-pole,3714.0,5157.0,0.71959
28,86,Left-OCP---occipital-pole,4932.8,6886.0,0.71959
28,87,Right-OFuG--occipital-fusiform-gyrus,5728.8,7922.0,0.71959
28,88,Left-OFuG--occipital-fusiform-gyrus,5092.3,7078.0,0.71959
28,89,Right-OpIFG-opercular-part-of-the-IFG,4497.4,6252.0,0.71959
28,90,Left-OpIFG-opercular-part-of-the-IFG,3839.0,5334.0,0.71959
28,91,Right-OrIFG-orbital-part-of-the-IFG,1588.5,2198.0,0.71959
28,92,Left-OrIFG-orbital-part-of-the-IFG,1545.4,2128.0,0.71959
28,93,Right-PCgG--posterior-cingulate-gyrus,5349.8,7433.0,0.71959
28,94,Left-PCgG--posterior-cingulate-gyrus,4882.0,6729.0,0.71959
28,95,Right-PCu---precuneus,12769.3,17633.0,0.71959
28,96,Left-PCu---precuneus,11471.8,15975.0,0.71959
28,97,Right-PHG---parahippocampal-gyrus,2964.2,4113.0,0.71959
28,98,Left-PHG---parahippocampal-gyrus,3477.8,4786.0,0.71959
28,99,Right-PIns--posterior-insula,3058.7,4253.0,0.71959
28,100,Left-PIns--posterior-insula,2649.3,3712.0,0.71959
28,101,Right-PO----parietal-operculum,2831.1,3918.0,0.71959
28,102,Left-PO----parietal-operculum,3090.7,4262.0,0.71959
28,103,Right-PoG---postcentral-gyrus,11276.2,15649.0,0.71959
28,104,Left-PoG---postcentral-gyrus,14338.5,19883.0,0.71959
28,105,Right-POrG--posterior-orbital-gyrus,3418.9,4761.0,0.71959
28,106,Left-POrG--posterior-orbital-gyrus,3362.5,4704.0,0.71959
28,107,Right-PP----planum-polare,2360.7,3272.0,0.71959
28,108,Left-PP----planum-polare,2907.8,4017.0,0.71959
28,109,Right-PrG---precentral-gyrus,12403.5,17217.0,0.71959
28,110,Left-PrG---precentral-gyrus,13059.4,18186.0,0.71959
28,111,Right-PT----planum-temporale,2265.2,3142.0,0.71959
28,112,Left-PT----planum-temporale,2132.1,2941.0,0.71959
28,113,Right-SCA---subcallosal-area,873.8,1202.0,0.71959
28,114,Left-SCA---subcallosal-area,968.3,1346.0,0.71959
28,115,Right-SFG---superior-frontal-gyrus,15820.9,22034.0,0.71959
28,116,Left-SFG---superior-frontal-gyrus,17278.9,24063.0,0.71959
28,117,Right-SMC---supplementary-motor-cortex,6382.1,8793.0,0.71959
28,118,Left-SMC---supplementary-motor-cortex,6083.9,8478.0,0.71959
28,119,Right-SMG---supramarginal-gyrus,9029.3,12515.0,0.71959
28,120,Left-SMG---supramarginal-gyrus,10743.9,14945.0,0.71959
28,121,Right-SOG---superior-occipital-gyrus,6120.5,8511.0,0.71959
28,122,Left-SOG---superior-occipital-gyrus,4198.2,5849.0,0.71959
28,123,Right-SPL---superior-parietal-lobule,13951.9,19435.0,0.71959
28,124,Left-SPL---superior-parietal-lobule,11942.2,16695.0,0.71959
28,125,Right-STG---superior-temporal-gyrus,7824.8,10983.0,0.71959
28,126,Left-STG---superior-temporal-gyrus,8610.7,11936.0,0.71959
28,127,Right-TMP---temporal-pole,9471.3,13168.0,0.71959
28,128,Left-TMP---temporal-pole,8700.7,12059.0,0.71959
28,129,Right-TrIFG-triangular-part-of-the-IFG,3750.1,5231.0,0.71959
28,130,Left-TrIFG-triangular-part-of-the-IFG,4552.8,6306.0,0.71959
28,131,Right-TTG---transverse-temporal-gyrus,1552.0,2160.0,0.71959
28,132,Left-TTG---transverse-temporal-gyrus,2063.0,2877.0,0.71959
29,1,3rd-Ventricle,1786.2,2460.0,0.72005
29,2,4th-Ventricle,1793.3,2496.0,0.72005
29,3,Right-Accumbens-Area,746.3,1038.0,0.72005
29,4,Left-Accumbens-Area,695.5,940.0,0.72005
29,5,Right-Amygdala,1262.4,1753.0,0.72005
29,6,Left-Amygdala,1176.5,1636.0,0.72005
29,7,Brain-Stem,17492.7,24290.0,0.72005
29,8,Right-Caudate,3549.5,4907.0,0.72005
29,9,Left-Caudate,3422.4,4763.0,0.72005
29,10,Right-Cerebellum-Exterior,56528.1,78888.0,0.72005
29,11,Left-Cerebellum-Exterior,60468.2,84702.0,0.72005
29,12,Right-Cerebellum-White-Matter,14842.5,20644.0,0.72005
29,13,Left-Cerebellum-White-Matter,15244.3,21206.0,0.72005
29,14,Right-Cerebral-White-Matter,215846.4,299982.0,0.72005
29,15,Left-Cerebral-White-Matter,213567.5,296750.0,0.72005
29,16,Right-Hippocampus,4053.9,5625.0,0.72005
29,17,Left-Hippocampus,3709.0,5142.0,0.72005
29,18,Right-Inf-Lat-Vent,889.5,1224.0,0.72005
29,19,Left-Inf-Lat-Vent,709.7,1005.0,0.72005
29,20,Right-Lateral-Ventricle,5131.4,7122.0,0.72005
29,21,Left-Lateral-Ventricle,7928.5,11045.0,0.72005
29,22,Right-Pallidum,1754.2,2407.0,0.72005
29,23,Left-Pallidum,1797.8,2496.0,0.72005
29,24,Right-Putamen,4933.3,6836.0,0.72005
29,25,Left-Putamen,4915.5,6837.0,0.72005
29,26,Right-Thalamus-Proper,8797.2,12189.0,0.72005
29,27,Left-Thalamus-Proper,8549.3,11894.0,0.72005
29,28,Right-Ventral-DC,5233.0,7291.0,0.72005
29,29,Left-Ventral-DC,5418.9,7491.0,0.72005
29,30,Cerebellar-Vermal-Lobules-I-V,5373.7,7443.0,0.72005
29,31,Cerebellar-Vermal-Lobules-VI-VII,2901.7,4038.0,0.72005
29,32,Cerebellar-Vermal-Lobules-VIII-X,3058.7,4247.0,0.72005
29,33,Left-Basal-Forebrain,637.0,873.0,0.72005
29,34,Right-Basal-Forebrain,617.2,860.0,0.72005
29,35,Right-ACgG--anterior-cingulate-gyrus,5645.0,7799.0,0.72005
29,36,Left-ACgG--anterior-cingulate-gyrus,5744.0,7969.0,0.72005
29,37,Right-AIns--anterior-insula,3785.7,5272.0,0.72005
29,38,Left-AIns--anterior-insula,3974.1,5485.0,0.72005
29,39,Right-AOrG--anterior-orbital-gyrus,2761.0,3812.0,0.72005
29,40,Left-AOrG--anterior-orbital-gyrus,2287.6,3167.0,0.72005
29,41,Right-AnG---angular-gyrus,12338.5,17178.0,0.72005
29,42,Left-AnG---angular-gyrus,11341.3,15789.0,0.72005
29,43,Right-Calc--calcarine-cortex,5001.3,6908.0,0.72005
29,44,Left-Calc--calcarine-cortex,5141.0,7131.0,0.72005
29,45,Right-CO----central-operculum,4565.5,6343.0,0.72005
29,46,Left-CO----central-operculum,4444.6,6141.0,0.72005
29,47,Right-Cun---cuneus,6325.2,8730.0,0.72005
29,48,Left-Cun---cuneus,5537.3,7645.0,0.72005
29,49,Right-Ent---entorhinal-area,2326.2,3236.0,0.72005
29,50,Left-Ent---entorhinal-area,2467.4,3433.0,0.72005
29,51,Right-FO----frontal-operculum,1774.0,2478.0,0.72005
29,52,Left-FO----frontal-operculum,2303.3,3208.0,0.72005
29,53,Right-FRP---frontal-pole,3011.5,4192.0,0.72005
29,54,Left-FRP---frontal-pole,3743.0,5204.0,0.72005
29,55,Right-FuG---fusiform-gyrus ,7816.2,10721.0,0.72005
29,56,Left-FuG---fusiform-gyrus,8771.3,12221.0,0.72005
29,57,Right-GRe---gyrus-rectus,2522.8,3522.0,0.72005
29,58,Left-GRe---gyrus-rectus,2039.7,2839.0,0.72005
29,59,Right-IOG---inferior-occipital-gyrus,5744.6,7982.0,0.72005
29,60,Left-IOG---inferior-occipital-gyrus,6737.7,9333.0,0.72005
29,61,Right-ITG---inferior-temporal-gyrus,14517.3,20257.0,0.72005
29,62,Left-ITG---inferior-temporal-gyrus,13734.0,19014.0,0.72005
29,63,Right-LiG---lingual-gyrus,10247.0,14306.0,0.72005
29,64,Left-LiG---lingual-gyrus,10057.5,13951.0,0.72005
29,65,Right-LOrG--lateral-orbital-gyrus,2647.7,3626.0,0.72005
29,66,Left-LOrG--lateral-orbital-gyrus,2774.7,3855.0,0.72005
29,67,Right-MCgG--middle-cingulate-gyrus,5161.4,7156.0,0.72005
29,68,Left-MCgG--middle-cingulate-gyrus,4858.6,6782.0,0.72005
29,69,Right-MFC---medial-frontal-cortex,2364.8,3275.0,0.72005
29,70,Left-MFC---medial-frontal-cortex,2797.1,3888.0,0.72005
29,71,Right-MFG---middle-frontal-gyrus,23272.9,32395.0,0.72005
29,72,Left-MFG---middle-frontal-gyrus,22615.0,31226.0,0.72005
29,73,Right-MOG---middle-occipital-gyrus,5214.2,7130.0,0.72005
29,74,Left-MOG---middle-occipital-gyrus,6035.6,8489.0,0.72005
29,75,Right-MOrG--medial-orbital-gyrus,3991.9,5552.0,0.72005
29,76,Left-MOrG--medial-orbital-gyrus,4774.8,6634.0,0.72005
29,77,Right-MPoG--postcentral-gyrus,1574.3,2162.0,0.72005
29,78,Left-MPoG--postcentral-gyrus,1743.0,2426.0,0.72005
29,79,Right-MPrG--precentral-gyrus,2794.0,3945.0,0.72005
29,80,Left-MPrG--precentral-gyrus,3824.8,5284.0,0.72005
29,81,Right-MSFG--superior-frontal-gyrus,8263.8,11460.0,0.72005
29,82,Left-MSFG--superior-frontal-gyrus,7557.1,10379.0,0.72005
29,83,Right-MTG---middle-temporal-gyrus,16230.3,22560.0,0.72005
29,84,Left-MTG---middle-temporal-gyrus,16160.7,22365.0,0.72005
29,85,Right-OCP---occipital-pole,3884.2,5403.0,0.72005
29,86,Left-OCP---occipital-pole,4931.7,6855.0,0.72005
29,87,Right-OFuG--occipital-fusiform-gyrus,5821.8,8011.0,0.72005
29,88,Left-OFuG--occipital-fusiform-gyrus,5050.1,7024.0,0.72005
29,89,Right-OpIFG-opercular-part-of-the-IFG,4526.3,6270.0,0.72005
29,90,Left-OpIFG-opercular-part-of-the-IFG,3788.7,5253.0,0.72005
29,91,Right-OrIFG-orbital-part-of-the-IFG,1701.8,2365.0,0.72005
29,92,Left-OrIFG-orbital-part-of-the-IFG,1546.9,2128.0,0.72005
29,93,Right-PCgG--posterior-cingulate-gyrus,5406.2,7513.0,0.72005
29,94,Left-PCgG--posterior-cingulate-gyrus,4837.8,6688.0,0.72005
29,95,Right-PCu---precuneus,12855.6,17710.0,0.72005
29,96,Left-PCu---precuneus,11595.8,16143.0,0.72005
29,97,Right-PHG---parahippocampal-gyrus,2932.2,4113.0,0.72005
29,98,Left-PHG---parahippocampal-gyrus,3497.6,4855.0,0.72005
29,99,Right-PIns--posterior-insula,3016.6,4185.0,0.72005
29,100,Left-PIns--posterior-insula,2649.3,3683.0,0.72005
29,101,Right-PO----parietal-operculum,2834.7,3948.0,0.72005
29,102,Left-PO----parietal-operculum,2996.2,4170.0,0.72005
29,103,Right-PoG---postcentral-gyrus,11390.6,15717.0,0.72005
29,104,Left-PoG---postcentral-gyrus,14525.5,20119.0,0.72005
29,105,Right-POrG--posterior-orbital-gyrus,3434.6,4766.0,0.72005
29,106,Left-POrG--posterior-orbital-gyrus,3373.7,4705.0,0.72005
29,107,Right-PP----planum-polare,2360.2,3300.0,0.72005
29,108,Left-PP----planum-polare,2921.0,4072.0,0.72005
29,109,Right-PrG---precentral-gyrus,12426.9,17298.0,0.72005
29,110,Left-PrG---precentral-gyrus,12986.7,18075.0,0.72005
29,111,Right-PT----planum-temporale,2269.3,3151.0,0.72005
29,112,Left-PT----planum-temporale,2147.9,2990.0,0.72005
29,113,Right-SCA---subcallosal-area,859.5,1213.0,0.72005
29,114,Left-SCA---subcallosal-area,1021.1,1414.0,0.72005
29,115,Right-SFG---superior-frontal-gyrus,15857.0,21943.0,0.72005
29,116,Left-SFG---superior-frontal-gyrus,17416.0,24151.0,0.72005
29,117,Right-SMC---supplementary-motor-cortex,6390.2,8864.0,0.72005
29,118,Left-SMC---supplementary-motor-cortex,6171.8,8521.0,0.72005
29,119,Right-SMG---supramarginal-gyrus,9120.8,12665.0,0.72005
29,120,Left-SMG---supramarginal-gyrus,10708.8,14912.0,0.72005
29,121,Right-SOG---superior-occipital-gyrus,6048.3,8518.0,0.72005
29,122,Left-SOG---superior-occipital-gyrus,4195.6,5744.0,0.72005
29,123,Right-SPL---superior-parietal-lobule,14073.8,19636.0,0.72005
29,124,Left-SPL---superior-parietal-lobule,12328.3,17084.0,0.72005
29,125,Right-STG---superior-temporal-gyrus,7897.0,10981.0,0.72005
29,126,Left-STG---superior-temporal-gyrus,8641.2,12009.0,0.72005
29,127,Right-TMP---temporal-pole,9413.4,13029.0,0.72005
29,128,Left-TMP---temporal-pole,8829.2,12197.0,0.72005
29,129,Right-TrIFG-triangular-part-of-the-IFG,3797.9,5291.0,0.72005
29,130,Left-TrIFG-triangular-part-of-the-IFG,4699.6,6481.0,0.72005
29,131,Right-TTG---transverse-temporal-gyrus,1548.9,2152.0,0.72005
29,132,Left-TTG---transverse-temporal-gyrus,2077.2,2893.0,0.72005
30,1,3rd-Ventricle,1699.8,2349.0,0.72018
30,2,4th-Ventricle,1807.0,2472.0,0.72018
30,3,Right-Accumbens-Area,705.1,952.0,0.72018
30,4,Left-Accumbens-Area,637.5,905.0,0.72018
30,5,Right-Amygdala,1267.0,1756.0,0.72018
30,6,Left-Amygdala,1139.0,1591.0,0.72018
30,7,Brain-Stem,17587.2,24333.0,0.72018
30,8,Right-Caudate,3512.9,4875.0,0.72018
30,9,Left-Caudate,3424.0,4736.0,0.72018
30,10,Right-Cerebellum-Exterior,56484.9,78367.0,0.72018
30,11,Left-Cerebellum-Exterior,59545.1,83225.0,0.72018
30,12,Right-Cerebellum-White-Matter,14884.1,20710.0,0.72018
30,13,Left-Cerebellum-White-Matter,15351.0,21397.0,0.72018
30,14,Right-Cerebral-White-Matter,215262.2,299105.0,0.72018
30,15,Left-Cerebral-White-Matter,213021.9,296066.0,0.72018
30,16,Right-Hippocampus,4069.1,5683.0,0.72018
30,17,Left-Hippocampus,3745.5,5218.0,0.72018
30,18,Right-Inf-Lat-Vent,843.8,1183.0,0.72018
30,19,Left-Inf-Lat-Vent,722.4,1005.0,0.72018
30,20,Right-Lateral-Ventricle,5006.9,6918.0,0.72018
30,21,Left-Lateral-Ventricle,7737.5,10771.0,0.72018
30,22,Right-Pallidum,1778.5,2463.0,0.72018
30,23,Left-Pallidum,1774.5,2450.0,0.72018
30,24,Right-Putamen,4950.5,6844.0,0.72018
30,25,Left-Putamen,4910.9,6807.0,0.72018
30,26,Right-Thalamus-Proper,8804.8,12182.0,0.72018
30,27,Left-Thalamus-Proper,8583.3,11912.0,0.72018
30,28,Right-Ventral-DC,5285.8,7302.0,0.72018
30,29,Left-Ventral-DC,5386.9,7493.0,0.72018
30,30,Cerebellar-Vermal-Lobules-I-V,5436.2,7527.0,0.72018
30,31,Cerebellar-Vermal-Lobules-VI-VII,2911.4,4030.0,0.72018
30,32,Cerebellar-Vermal-Lobules-VIII-X,3047.0,4204.0,0.72018
30,33,Left-Basal-Forebrain,619.8,861.0,0.72018
30,34,Right-Basal-Forebrain,616.2,855.0,0.72018
30,35,Right-ACgG--anterior-cingulate-gyrus,5655.7,7836.0,0.72018
30,36,Left-ACgG--anterior-cingulate-gyrus,5860.9,8043.0,0.72018
30,37,Right-AIns--anterior-insula,3805.5,5257.0,0.72018
30,38,Left-AIns--anterior-insula,3919.8,5444.0,0.72018
30,39,Right-AOrG--anterior-orbital-gyrus,2691.4,3746.0,0.72018
30,40,Left-AOrG--anterior-orbital-gyrus,2252.5,3168.0,0.72018
30,41,Right-AnG---angular-gyrus,12082.5,16863.0,0.72018
30,42,Left-AnG---angular-gyrus,11429.7,15935.0,0.72018
30,43,Right-Calc--calcarine-cortex,5049.1,7024.0,0.72018
30,44,Left-Calc--calcarine-cortex,5165.9,7175.0,0.72018
30,45,Right-CO----central-operculum,4587.8,6395.0,0.72018
30,46,Left-CO----central-operculum,4394.3,6090.0,0.72018
30,47,Right-Cun---cuneus,6187.5,8661.0,0.72018
30,48,Left-Cun---cuneus,5489.0,7634.0,0.72018
30,49,Right-Ent---entorhinal-area,2351.1,3252.0,0.72018
30,50,Left-Ent---entorhinal-area,2486.2,3441.0,0.72018
30,51,Right-FO----frontal-operculum,1836.4,2525.0,0.72018
30,52,Left-FO----frontal-operculum,2342.9,3254.0,0.72018
30,53,Right-FRP---frontal-pole,3057.7,4243.0,0.72018
30,54,Left-FRP---frontal-pole,3494.1,4833.0,0.72018
30,55,Right-FuG---fusiform-gyrus ,7763.4,10815.0,0.72018
30,56,Left-FuG---fusiform-gyrus,8818.5,12305.0,0.72018
30,57,Right-GRe---gyrus-rectus,2537.5,3547.0,0.72018
30,58,Left-GRe---gyrus-rectus,1993.9,2729.0,0.72018
30,59,Right-IOG---inferior-occipital-gyrus,5785.2,7989.0,0.72018
30,60,Left-IOG---inferior-occipital-gyrus,6862.7,9500.0,0.72018
30,61,Right-ITG---inferior-temporal-gyrus,14672.8,20277.0,0.72018
30,62,Left-ITG---inferior-temporal-gyrus,13719.3,18994.0,0.72018
30,63,Right-LiG---lingual-gyrus,10453.8,14488.0,0.72018
30,64,Left-LiG---lingual-gyrus,10043.8,13990.0,0.72018
30,65,Right-LOrG--lateral-orbital-gyrus,2580.2,3635.0,0.72018
30,66,Left-LOrG--lateral-orbital-gyrus,2802.7,3868.0,0.72018
30,67,Right-MCgG--middle-cingulate-gyrus,5016.1,6944.0,0.72018
30,68,Left-MCgG--middle-cingulate-gyrus,4893.6,6730.0,0.72018
30,69,Right-MFC---medial-frontal-cortex,2376.0,3311.0,0.72018
30,70,Left-MFC---medial-frontal-cortex,2878.4,3980.0,0.72018
30,71,Right-MFG---middle-frontal-gyrus,23248.0,32310.0,0.72018
30,72,Left-MFG---middle-frontal-gyrus,22722.2,31511.0,0.72018
30,73,Right-MOG---middle-occipital-gyrus,5017.6,7043.0,0.72018
30,74,Left-MOG---middle-occipital-gyrus,6192.6,8493.0,0.72018
30,75,Right-MOrG--medial-orbital-gyrus,4104.7,5669.0,0.72018
30,76,Left-MOrG--medial-orbital-gyrus,4743.8,6562.0,0.72018
30,77,Right-MPoG--postcentral-gyrus,1584.5,2197.0,0.72018
30,78,Left-MPoG--postcentral-gyrus,1732.8,2404.0,0.72018
30,79,Right-MPrG--precentral-gyrus,2844.3,3932.0,0.72018
30,80,Left-MPrG--precentral-gyrus,3786.2,5278.0,0.72018
30,81,Right-MSFG--superior-frontal-gyrus,8273.4,11513.0,0.72018
30,82,Left-MSFG--superior-frontal-gyrus,7564.7,10423.0,0.72018
30,83,Right-MTG---middle-temporal-gyrus,16286.2,22646.0,0.72018
30,84,Left-MTG---middle-temporal-gyrus,16022.1,22274.0,0.72018
30,85,Right-OCP---occipital-pole,4037.6,5627.0,0.72018
30,86,Left-OCP---occipital-pole,5068.4,7075.0,0.72018
30,87,Right-OFuG--occipital-fusiform-gyrus,5691.2,7938.0,0.72018
30,88,Left-OFuG--occipital-fusiform-gyrus,5056.2,6983.0,0.72018
30,89,Right-OpIFG-opercular-part-of-the-IFG,4507.6,6259.0,0.72018
30,90,Left-OpIFG-opercular-part-of-the-IFG,3782.6,5242.0,0.72018
30,91,Right-OrIFG-orbital-part-of-the-IFG,1673.4,2333.0,0.72018
30,92,Left-OrIFG-orbital-part-of-the-IFG,1519.5,2129.0,0.72018
30,93,Right-PCgG--posterior-cingulate-gyrus,5306.1,7395.0,0.72018
30,94,Left-PCgG--posterior-cingulate-gyrus,4811.9,6659.0,0.72018
30,95,Right-PCu---precuneus,12764.7,17621.0,0.72018
30,96,Left-PCu---precuneus,11531.8,16011.0,0.72018
30,97,Right-PHG---parahippocampal-gyrus,2948.0,4104.0,0.72018
30,98,Left-PHG---parahippocampal-gyrus,3521.5,4859.0,0.72018
30,99,Right-PIns--posterior-insula,3040.9,4176.0,0.72018
30,100,Left-PIns--posterior-insula,2734.6,3759.0,0.72018
30,101,Right-PO----parietal-operculum,2846.9,3952.0,0.72018
30,102,Left-PO----parietal-operculum,3007.4,4178.0,0.72018
30,103,Right-PoG---postcentral-gyrus,11408.3,15757.0,0.72018
30,104,Left-PoG---postcentral-gyrus,14361.4,19906.0,0.72018
30,105,Right-POrG--posterior-orbital-gyrus,3413.8,4734.0,0.72018
30,106,Left-POrG--posterior-orbital-gyrus,3387.9,4722.0,0.72018
30,107,Right-PP----planum-polare,2356.6,3268.0,0.72018
30,108,Left-PP----planum-polare,2840.8,3941.0,0.72018
30,109,Right-PrG---precentral-gyrus,12541.7,17382.0,0.72018
30,110,Left-PrG---precentral-gyrus,13094.9,18095.0,0.72018
30,111,Right-PT----planum-temporale,2285.0,3162.0,0.72018
30,112,Left-PT----planum-temporale,2110.3,2952.0,0.72018
30,113,Right-SCA---subcallosal-area,877.8,1217.0,0.72018
30,114,Left-SCA---subcallosal-area,1023.6,1420.0,0.72018
30,115,Right-SFG---superior-frontal-gyrus,15877.3,22055.0,0.72018
30,116,Left-SFG---superior-frontal-gyrus,17380.5,24132.0,0.72018
30,117,Right-SMC---supplementary-motor-cortex,6335.9,8794.0,0.72018
30,118,Left-SMC---supplementary-motor-cortex,6026.0,8444.0,0.72018
30,119,Right-SMG---supramarginal-gyrus,9129.9,12636.0,0.72018
30,120,Left-SMG---supramarginal-gyrus,10727.6,14925.0,0.72018
30,121,Right-SOG---superior-occipital-gyrus,6128.6,8539.0,0.72018
30,122,Left-SOG---superior-occipital-gyrus,4169.2,5831.0,0.72018
30,123,Right-SPL---superior-parietal-lobule,14220.2,19780.0,0.72018
30,124,Left-SPL---superior-parietal-lobule,12508.7,17254.0,0.72018
30,125,Right-STG---superior-temporal-gyrus,7977.2,11093.0,0.72018
30,126,Left-STG---superior-temporal-gyrus,8784.0,12106.0,0.72018
30,127,Right-TMP---temporal-pole,9500.8,13170.0,0.72018
30,128,Left-TMP---temporal-pole,8857.6,12236.0,0.72018
30,129,Right-TrIFG-triangular-part-of-the-IFG,3809.6,5291.0,0.72018
30,130,Left-TrIFG-triangular-part-of-the-IFG,4654.9,6446.0,0.72018
30,131,Right-TTG---transverse-temporal-gyrus,1575.3,2187.0,0.72018
30,132,Left-TTG---transverse-temporal-gyrus,2094.0,2932.0,0.72018
