slug,brand,generic,year,category,indication,trial_n,trial_female_pct,enrollment_source,faers_n,faers_female_pct,gap,meps_users_n,meps_female_pct,rate_ratio,rate_ratio_lo,rate_ratio_hi,snapshot_url
drug-trial-snapshot-amondys-45,Amondys 45,casimersen,2021,Neurology,AMONDYS 45 is a drug for the treatment of a particular type of Duchenne muscular dystrophy (DMD). It is to be used only in patients who have a specific mutation of the dystrophin gene. DMD is a rare disease that primarily affects boys. It is caused by low levels of a muscle protein called dystrophin. The lack of dystrophin causes progressive muscle weakness and premature death.,131,0.0,fda-snapshot,841,0.4,0.4,,,,,,https://web.archive.org/web/20230127052325/https://www.fda.gov/drugs/drug-approvals-and-databases/drug-trial-snapshot-amondys-45
drug-trial-snapshot-erleada,Erleada,,2018,Oncology,ERLEADA is a drug for the treatment of prostate cancer that has not spread to other parts of the body (non-metastatic) and no longer responds to a medical or surgical treatment that lowers testosterone (castration-resistant).,1207,0.0,fda-snapshot,9918,0.4,0.4,,,,,,https://web.archive.org/web/20230127052325/https://www.fda.gov/drugs/drug-approvals-and-databases/drug-trial-snapshot-erleada
drug-trial-snapshot-orgovyx,Orgovyx,relugolix,2020,Oncology,ORGOVYX is a drug for the treatment of adults with advanced prostate cancer.,930,0.0,fda-snapshot,12943,1.3,1.3,,,,,,https://web.archive.org/web/20230127052325/https://www.fda.gov/drugs/drug-approvals-and-databases/drug-trial-snapshot-orgovyx
drug-trials-snapshot-alhemo,Alhemo,concizumab,2024,Hematology,ALHEMO is a tissue factor pathway inhibitor (TFPI) antagonist that is used to prevent or reduce the frequency of bleeding episodes in adult and pediatric patients 12 years of age and older with: Hemophilia A (congenital factor VIII deficiency) with FVIII inhibitors Hemophilia B (congenital factor IX deficiency) with FIX inhibitors,60,0.0,fda-snapshot,33,6.1,6.1,,,,,,https://www.fda.gov/drugs/drug-trials-snapshots/drug-trials-snapshot-alhemo
drug-trials-snapshot-ga-68-psma-11,Ga,,2020,Imaging & diagnostics,"Ga 68 PSMA-11 is a drug used for detection of specific cancer lesions in men with prostate cancer whose newly diagnosed cancer could be cured with the initial treatment, or who have been treated for prostate cancer but have high prostate-specific antigen (PSA) in their blood. High PSA in the blood of these patients is a suspicious sign that cancer is coming back or spreading.",960,0.0,fda-snapshot,184,5.4,5.4,,,,,,https://web.archive.org/web/20230127052325/https://www.fda.gov/drugs/drug-approvals-and-databases/drug-trials-snapshot-ga-68-psma-11
drug-trials-snapshot-posluma,Posluma,flotufolastat F 18,2023,Imaging & diagnostics,"POSLUMA is a drug used for detecting specific cancer lesions in males with prostate cancer, specifically: whose newly diagnosed cancer could be cured with the initial treatment, or who have been treated for prostate cancer but have high prostate-specific antigen (PSA) in their blood. High PSA in the blood of these patients is a suspicious sign that cancer is coming back or spreading.",747,0.0,fda-snapshot,37,2.7,2.7,,,,,,https://www.fda.gov/drugs/drug-trials-snapshots/drug-trials-snapshot-posluma
drug-trials-snapshots-agamree,Agamree,vamorolone,2023,Cardiovascular,"AGAMREE is a corticosteroid indicated for the treatment of Duchenne muscular dystrophy (DMD) in patients 2 years of age and older. DMD is an X-linked genetic disorder that leads to progressive muscle weakness and loss of muscle function, including loss of the ability to walk, problems with the muscles that control breathing and heart function, and death, usually by 30 years of age.",118,0.0,fda-snapshot,1570,1.1,1.1,,,,,,https://www.fda.gov/drugs/drug-trials-snapshots/drug-trials-snapshots-agamree
drug-trials-snapshots-duvyzat,Duvyzat,givinostat,2024,Neurology,DUVYZAT is a histone deacetylase inhibitor that is approved for the treatment of Duchenne muscular dystrophy (DMD) in patients 6 years of age and older.,120,0.0,fda-snapshot,543,0.6,0.6,,,,,,https://www.fda.gov/drugs/drug-trials-snapshots/drug-trials-snapshots-duvyzat
drug-trials-snapshots-emflaza,Emflaza,deflazacort,2017,Neurology,EMFLAZA is a corticosteroid drug for the treatment of Duchenne muscular dystrophy (DMD) in patients 5 years of age and older. Duchenne muscular dystrophy is a rare disease that affects primarily boys. It is caused by a low level or lack of one muscle protein called dystrophin. Lack of dystrophin causes progressive muscle weakness and premature death.,225,0.0,fda-snapshot,4429,33.6,33.6,,,,,,https://web.archive.org/web/20230127052325/https://www.fda.gov/drugs/drug-approvals-and-databases/drug-trials-snapshots-emflaza
drug-trials-snapshots-exondys-51,Exondys 51,eteplirsen,2016,Neurology,EXONDYS 51 is a drug for the treatment of a particular type of Duchenne muscular dystrophy (DMD). It is to be used only in patients who have a specific mutation of the dystrophin gene. Duchenne muscular dystrophy is a rare disease that affects primarily boys. It is caused by a low level of one muscle protein (dystrophin). The lack of dystrophin causes progressive muscle weakness and premature death.,25,0.0,fda-snapshot,2317,1.7,1.7,,,,,,https://web.archive.org/web/20230127052325/https://www.fda.gov/drugs/drug-approvals-and-databases/drug-trials-snapshots-exondys-51
drug-trials-snapshots-forzinity,Forzinity,,2025,Cardiovascular,"FORZINITY is a mitochondrial cardiolipin binder, indicated to improve muscle strength in adults and children with Barth syndrome weighing at least 30 kg.",12,0.0,fda-snapshot,,,,,,,,,https://www.fda.gov/drugs/drug-trials-snapshots/drug-trials-snapshots-forzinity
drug-trials-snapshots-hemlibra,Hemlibra,emicizumab,2017,Hematology,HEMLIBRA is a drug used to prevent or reduce frequency of bleeding episodes in children and adult patients with hemophilia A. It is to be used in patients who have developed an immune response known as a FVIII inhibitor or antibody. Hemophilia A is an inherited blood-clotting disorder that affects primarily males.,376,0.0,fda-snapshot,10881,4.0,4.0,,,,,,https://web.archive.org/web/20230127052325/https://www.fda.gov/drugs/drug-approvals-and-databases/drug-trials-snapshots-hemlibra
drug-trials-snapshots-hympavzi,Hympavzi,,2024,Hematology,HYMPAVZI is a drug used to prevent or reduce the frequency of bleeding episodes in adult and pediatric patients 12 years of age and older with hemophilia A or hemophilia B. It is to be used in patients who have not developed an immune response known as factor VIII or factor IX inhibitors or antibody. Hemophilia A and hemophilia B are inherited blood-clotting disorders that affect primarily males.,116,0.0,fda-snapshot,74,6.8,6.8,,,,,,https://www.fda.gov/drugs/drug-trials-snapshots/drug-trials-snapshots-hympavzi
drug-trials-snapshots-nubeqa,Nubeqa,darolutamide,2019,Oncology,NUBEQA is a drug for the treatment of prostate cancer that has not spread to other parts of the body (non-metastatic) and no longer responds to a medical or surgical treatment that lowers testosterone (castration-resistant).,1509,0.0,fda-snapshot,4643,0.4,0.4,,,,,,https://web.archive.org/web/20230127052325/https://www.fda.gov/drugs/drug-approvals-and-databases/drug-trials-snapshots-nubeqa
drug-trials-snapshots-pluvicto,Pluvicto,lutetium Lu 177 vipivotide tetraxetan,2022,Oncology,PLUVICTO is used to treat adults with a certain type of advanced prostate cancer called prostate-specific membrane antigen-positive metastatic castration-resistant prostate cancer (PSMA-positive mCRPC) that is metastatic (this means that it has spread to other parts of the body) and that has already been treated with other anti-cancer treatments.,831,0.0,fda-snapshot,2421,1.0,1.0,,,,,,https://www.fda.gov/drugs/drug-trials-snapshots/drug-trials-snapshots-pluvicto
drug-trials-snapshots-qfitlia,Qfitlia,fitusiran,2025,Hematology,QFITLIA is an antithrombin-directed small interfering ribonucleic acid indicated for routine prophylaxis to prevent or reduce the frequency of bleeding episodes in adult and pediatric patients aged 12 years and older with hemophilia A or B with or without factor VIII or IX inhibitors. Hemophilia A and hemophilia B are inherited blood-clotting disorders that affect primarily males.,177,0.0,fda-snapshot,38,15.8,15.8,,,,,,https://www.fda.gov/drugs/drug-trials-snapshots/drug-trials-snapshots-qfitlia
drug-trials-snapshots-viltepso,Viltepso,viltolarsen,2020,Neurology,VILTEPSO is a drug for the treatment of a particular type of Duchenne muscular dystrophy (DMD). It is to be used only in patients who have a specific mutation of the dystrophin gene. DMD is a rare disease that primarily affects boys. It is caused by low levels of a muscle protein called dystrophin. The lack of dystrophin causes progressive muscle weakness and premature death.,24,0.0,fda-snapshot,134,0.7,0.7,,,,,,https://web.archive.org/web/20230127052325/https://www.fda.gov/drugs/drug-approvals-and-databases/drug-trials-snapshots-viltepso
drug-trials-snapshots-vyondys-53,Vyondys 53,golodirsen,2019,Neurology,VYONDYS 53 is a drug for the treatment of a particular type of Duchenne muscular dystrophy (DMD). It is to be used only in patients who have a specific mutation of the dystrophin gene. DMD is a rare disease that primarily affects boys. It is caused by low levels of a muscle protein called dystrophin. The lack of dystrophin causes progressive muscle weakness and premature death.,87,0.0,fda-snapshot,426,0.0,0.0,,,,,,https://web.archive.org/web/20230127052325/https://www.fda.gov/drugs/drug-approvals-and-databases/drug-trials-snapshots-vyondys-53
drug-trials-snapshots-zycubo,Zycubo,copper histidinate,2026,Other,ZYCUBO is a copper replacement therapy that is used for the treatment of Menkes disease in pediatric patients. ZYCUBO is not to be used for the treatment of Occipital Horn Syndrome.,226,0.9,fda-snapshot,1,100.0,99.1,,,,,,https://www.fda.gov/drugs/drug-trials-snapshots/drug-trials-snapshots-zycubo
drug-trial-snapshot-zurampic,Zurampic,,2015,Other,ZURAMPIC is a drug for lowering uric acid levels in the blood of adult patients with gout who were not able to achieve desired levels using other drugs for lowering uric acid called xanthine oxidase inhibitors (which includes allopurinol and febuxostat). ZURAMPIC is to be used together with xanthine oxidase inhibitor drug.,1027,4.5,fda-snapshot,,,,,,,,,https://web.archive.org/web/20230127052325/https://www.fda.gov/drugs/drug-approvals-and-databases/drug-trial-snapshot-zurampic
drug-trials-snapshot-nuzolvence,Nuzolvence,zoliflodacin,2025,Infectious disease,"NUZOLVENCE is a spiropyrimidinetrione bacterial type II topoisomerase inhibitor that is indicated for the treatment of adults and pediatric patients 12 years of age and older, weighing at least 35 kilograms (kg), with uncomplicated urogenital gonorrhea caused by the bacterium Neisseria gonorrhoeae .",744,9.1,fda-snapshot,,,,,,,,,https://www.fda.gov/drugs/drug-trials-snapshots/drug-trials-snapshot-nuzolvence
drug-trials-snapshot-attruby,Attruby,acoramidis,2024,Cardiovascular,ATTRUBY is a transthyretin stabilizer that is indicated for the treatment of the cardiomyopathy of wild-type or variant transthyretin-mediated amyloidosis (ATTR-CM) in adults to reduce cardiovascular (CV) death and CV-related hospitalization.,611,9.2,fda-snapshot,29,24.1,15.0,,,,,,https://www.fda.gov/drugs/drug-trials-snapshots/drug-trials-snapshot-attruby
drug-trial-snapshots-vyndaqelvyndamax,Vyndaqel/Vyndamax,,2019,Cardiovascular,"VYNDAQEL and VYNDAMAX are drugs for the treatment of the cardiomyopathy caused by transthyretin‑mediated amyloidosis (ATTR-CM). In patients with the cardiomyopathy of transthyretin amyloidosis, a fibrous substance called amyloid is deposited in the heart where it interferes with the heart’s function. The condition is progressive and may cause death.",441,9.8,fda-snapshot,4135,17.4,7.7,,,,,,https://web.archive.org/web/20230127052325/https://www.fda.gov/drugs/resources-information-approved-drugs/drug-trial-snapshots-vyndaqelvyndamax
drug-trials-snapshots-anktiva,Anktiva,nogapendekin alfa inbakicept-pmnl,2024,Oncology,"ANKTIVA is a drug to activate the immune system (the body system that helps fight disease) used together with another drug called Bacillus Calmette-Guerin (BCG) to treat a subtype of non-muscle invasive bladder cancer (NMIBC), called carcinoma in situ (CIS). It is used in patients for whom BCG treatment was not effective in treating their bladder cancer.",88,12.5,fda-snapshot,32,28.1,15.6,,,,,,https://www.fda.gov/drugs/drug-trials-snapshots/drug-trials-snapshots-anktiva
drug-trials-snapshot-biktarvy,Biktarvy,bictegravir/emtricitabine/tenofovir alafenamide,2018,Infectious disease,"BIKTARVY is a drug for the treatment of human immunodeficiency virus 1 (HIV-1) infection in adults. BIKTARVY is a combination of three antiviral drugs in a single tablet: bictegravir (new drug for HIV-1 treatment), emtricitabine, and tenofovir alafenamide (previously approved for HIV-1 treatment). HIV-1 is the virus that causes AIDS (Acquired Immune Deficiency Syndrome).",2414,12.6,fda-snapshot,,,,,,,,,https://web.archive.org/web/20230127052325/https://www.fda.gov/drugs/drug-approvals-and-databases/drug-trials-snapshot-biktarvy
drug-trials-snapshot-klisyri,Klisyri,tirbanibulin,2020,Immunology & dermatology,"KLISYRI is used on the skin to treat patients with actinic keratosis on the face or scalp. Actinic keratosis is a common skin disease caused by long-term exposure to the sun and/or indoor tanning. If left untreated, AK may progress to skin cancer.",702,13.2,fda-snapshot,191,58.1,44.9,,,,,,https://web.archive.org/web/20230127052325/https://www.fda.gov/drugs/drug-approvals-and-databases/drug-trials-snapshot-klisyri
drug-trials-snapshots-genvoya,Genvoya,"elvitegravir, cobicistat, emtricitabine, and tenofovir alafenamide",2015,Infectious disease,"GENVOYA is a drug for the treatment of HIV-1 infection in adults and children 12 years of age and older. It is a fixed-dose combination tablet, which means GENVOYA includes more than one drug combined in a single tablet.",3194,13.7,fda-snapshot,9622,25.0,11.4,,,,,,https://web.archive.org/web/20230127052325/https://www.fda.gov/drugs/drug-approvals-and-databases/drug-trials-snapshots-genvoya
drug-trials-snapshots-trogarzo,Trogarzo,ibalizumab-uiyk,2018,Infectious disease,"TROGARZO is a drug for the treatment of human immunodeficiency virus 1 (HIV-1) infection in adults who: have received several anti-HIV-1 regimens in the past, and have HIV-1 virus that is not responding to many antiretroviral medicines, and who are failing their current antiretroviral therapy HIV-1 is the virus that causes AIDS (Acquired Immune Deficiency Syndrome).",40,15.0,fda-snapshot,255,23.9,8.9,,,,,,https://web.archive.org/web/20230127052325/https://www.fda.gov/drugs/drug-approvals-and-databases/drug-trials-snapshots-trogarzo
drug-trials-snapshots-imjudo,Imjudo,tremelimimab-actl,2022,Oncology,"IMJUDO is a cytotoxic T-lymphocyte-associated antigen 4 (CTLA-4) blocking antibody indicated in combination with durvalumab, for the treatment of adult patients with unresectable hepatocellular carcinoma.",782,15.1,fda-snapshot,3590,26.9,11.8,,,,,,https://www.fda.gov/drugs/drug-trials-snapshots/drug-trials-snapshots-imjudo
drug-trials-snapshot-libtayo,Libtayo,cemiplimab-rwlc,2018,Oncology,LIBTAYO is a drug for the treatment of one type of skin cancer called cutaneous squamous cell carcinoma(CSCC). It is approved to treat patients whose cancer has spread through the body (metastatic) or is locally advanced and who cannot have radiation or surgery to remove all the cancer.,163,15.3,fda-snapshot,1296,40.7,25.3,,,,,,https://web.archive.org/web/20230127052325/https://www.fda.gov/drugs/drug-approvals-and-databases/drug-trials-snapshot-libtayo
drug-trials-snapshots-pifeltro,Pifeltro,doravirine,2018,Infectious disease,PIFELTRO is a drug for the treatment of human immunodeficiency virus-1 (HIV-1) infection in adults who have not taken HIV-1 medicines before. HIV-1 is the virus that causes acquired immune deficiency syndrome (AIDS).,1494,15.6,fda-snapshot,626,24.1,8.5,,,,,,https://web.archive.org/web/20230127052325/https://www.fda.gov/drugs/drug-approvals-and-databases/drug-trials-snapshots-pifeltro
drug-trials-snapshots-tevimbra,Tevimbra,tislelizumab-jsgr,2024,Oncology,TEVIMBRA is a programmed death receptor-1 (PD-1) blocking antibody for the treatment of adults with a type of esophageal cancer called esophageal squamous cell carcinoma (ESCC) that has spread to other parts of the body (metastatic) or cannot be completely removed by surgery (unresectable).,512,15.6,fda-snapshot,115,21.7,6.1,,,,,,https://www.fda.gov/drugs/drug-trials-snapshots/drug-trials-snapshots-tevimbra
drug-trials-snapshots-portrazza,Portrazza,necitumumab,2015,Oncology,"PORTRAZZA is a drug used to treat a type of lung cancer called squamous non-small cell lung cancer (NSCLC) that has become advanced (metastatic). It is to be used in combination with two other cancer drugs, gemcitabine and cisplatin, in patients who have not previously received medication to treat advanced lung cancer. PORTRAZZA is not indicated for treatment of non-squamous non-small cell lung cancer.",1093,16.9,fda-snapshot,,,,,,,,,https://web.archive.org/web/20230127052325/https://www.fda.gov/drugs/drug-approvals-and-databases/drug-trials-snapshots-portrazza
drug-trials-snapshots-decnupaz,Decnupaz,pivekimab sunirine,2026,Oncology,"DECNUPAZ is a prescription medicine used to treat adults with blastic plasmacytoid dendritic cell neoplasm (BPDCN), an ultra-rare and fast-growing cancer of the bone marrow and blood that can affect multiple organs, including the skin, lymph nodes, spleen, and liver.",84,17.9,fda-snapshot,,,,,,,,,https://www.fda.gov/drugs/drug-trials-snapshots/drug-trials-snapshots-decnupaz
drug-trials-snapshots-penpulimab-kcqx,Penpulimab-Kcqx,200 mg every three weeks,2025,Oncology,"PENPULIMAB-KCQX is a programmed death receptor-1 (PD-1)–blocking antibody and is available by prescription. PENPULIMAB-KCQX is used with cisplatin or carboplatin and gemcitabine to treat adult patients with metastatic or recurrent, locally advanced non-keratinizing nasopharyngeal cancer (NPC).",291,17.9,fda-snapshot,27,33.3,15.5,,,,,,https://www.fda.gov/drugs/drug-trials-snapshots/drug-trials-snapshots-penpulimab-kcqx
drug-trials-snapshots-calquence,Calquence,,2017,Oncology,"CALQUENCE is used to treat adults with mantle cell lymphoma (MCL) who have received at least one prior treatment for their cancer. MCL is a rare, rapidly progressing cancer that forms in the lymph system. MCL is one type of B-cell non-Hodgkin lymphoma.",124,20.2,fda-snapshot,10074,37.4,17.2,,,,,,https://web.archive.org/web/20230127052325/https://www.fda.gov/drugs/drug-approvals-and-databases/drug-trials-snapshots-calquence
drug-trials-snapshots-jaypirca,Jaypirca,pirtobrutinib,2023,Oncology,JAYPIRCA is a Bruton tyrosine kinase (BTK) inhibitor that is used to treat a form of cancer called mantle cell lymphoma (MCL). It is to be used in adult patients whose cancer came back after or did not respond to at least two prior treatment regimens which included a BTK inhibitor.,248,20.6,fda-snapshot,648,34.3,13.7,,,,,,https://www.fda.gov/drugs/drug-trials-snapshots/drug-trials-snapshots-jaypirca
drug-trials-snapshots-balversa,Balversa,erdafitinib,2019,Oncology,BALVERSA is a drug for the treatment of a type of bladder and urinary tract cancer called urothelial carcinoma. BALVERSA may be used in patients with urothelial carcinoma: whose tumors have a certain type of abnormal (FGFR) gene and whose cancer has spread (locally advanced or metastatic urothelial carcinoma) and when chemotherapy that contains platinum did not work or is no longer working.,87,20.7,fda-snapshot,989,36.6,15.9,,,,,,https://web.archive.org/web/20230127052325/https://www.fda.gov/drugs/drug-approvals-and-databases/drug-trials-snapshots-balversa
drug-trials-snapshots-lumoxiti,Lumoxiti,moxetumomab pasudotox-tdfk,2018,Oncology,"LUMOXITI is used to treat adults with hairy cell leukemia (HCL) whose disease has come back or has not improved after at least two prior treatments. Hairy cell leukemia is a rare, slow-growing cancer of the blood. The disease is called hairy cell leukemia because the leukemia cells look ""hairy"" when viewed under a microscope.",80,21.2,fda-snapshot,,,,,,,,,https://web.archive.org/web/20230127052325/https://www.fda.gov/drugs/drug-approvals-and-databases/drug-trials-snapshots-lumoxiti
drug-trials-snapshot-entresto,Entresto,sacubitril/valsartan,2015,Cardiovascular,ENTRESTO is a drug to be taken in conjunction with other heart failure therapies for the long-term treatment of chronic heart failure. This is a condition in which the heart is weak and cannot pump enough blood to meet the body’s needs. ENTRESTO should not be taken with any drug that belongs to certain classes of medication called ACE inhibitors and angiotensin receptor blockers.,8442,21.9,fda-snapshot,106762,35.9,14.0,359,33.1,1.13,0.92,1.43,https://web.archive.org/web/20230127052325/https://www.fda.gov/drugs/drug-approvals-and-databases/drug-trials-snapshot-entresto
drug-trials-snapshots-tecentriq,Tecentriq,,2016,Oncology,"TECENTRIQ is a drug for the treatment of a type of bladder cancer called urothelial carcinoma. TECENTRIQ may be used when: bladder cancer has spread or cannot be removed by surgery (advanced urothelial carcinoma) and, chemotherapy that contains platinum did not work or is no longer working.",310,22.3,fda-snapshot,32225,37.0,14.7,,,,,,https://web.archive.org/web/20230127052325/https://www.fda.gov/drugs/drug-approvals-and-databases/drug-trials-snapshots-tecentriq
drug-trials-snapshots-vosevi,Vosevi,"sofosbuvir, velpatasvir and voxilaprevir",2017,Oncology,"VOSEVI is a drug for the treatment of adults who have a specific type of hepatitis C virus (HCV) infection, called chronic hepatitis C virus genotypes 1, 2, 3, 4, 5 or 6 infection. Hepatitis C is a viral disease that causes inflammation of the liver that can lead to decreased liver function, cirrhosis, liver failure, liver cancer or death.",748,22.7,fda-snapshot,1043,29.4,6.7,,,,,,https://web.archive.org/web/20230127052325/https://www.fda.gov/drugs/drug-approvals-and-databases/drug-trials-snapshots-vosevi
drug-trial-snapshot-elzonris,Elzonris,tagraxofusp-erzx,2018,Oncology,"ELZONRIS is a drug for treatment of patients 2 years and older who have a blastic plasmacytoid dendritic cell neoplasm (BPDCN). BPDCN is a rare, rapidly progressing cancer of the bone marrow and blood that can affect multiple organs, including the skin, lymph nodes, spleen, and liver.",94,23.4,fda-snapshot,376,22.3,-1.1,,,,,,https://web.archive.org/web/20230127052325/https://www.fda.gov/drugs/drug-approvals-and-databases/drug-trial-snapshot-elzonris
drug-trials-snapshot-corlanor,Corlanor,ivabradine,2015,Cardiovascular,CORLANOR is a drug used to reduce the risk of a patient going to the hospital because his/her heart is not pumping as well as it should be (also known as worsening heart failure).,6505,23.6,fda-snapshot,5810,58.1,34.5,,,,,,https://web.archive.org/web/20230127052325/https://www.fda.gov/drugs/drug-approvals-and-databases/drug-trials-snapshot-corlanor
drug-trials-snapshot-verquvo,Verquvo,vericiguat,2021,Cardiovascular,VERQUVO is a drug used to reduce the risk of dying and hospitalization in patients with chronic (long-lasting) heart failure. Heart failure is a condition when the heart is not pumping as well as it should be.,5050,23.9,fda-snapshot,910,34.0,10.0,,,,,,https://web.archive.org/web/20230127052325/https://www.fda.gov/drugs/drug-approvals-and-databases/drug-trials-snapshot-verquvo
drug-trials-snapshots-caplyta,Caplyta,lumateperone,2019,Psychiatry,"CAPLYTA is a drug used for the treatment of schizophrenia in adults. Schizophrenia is a brain disorder with symptoms that include hearing voices, believing that other people are reading one’s mind or controlling their thoughts, and being suspicious or withdrawn.",818,24.3,fda-snapshot,6162,69.1,44.7,,,,,,https://web.archive.org/web/20230127052325/https://www.fda.gov/drugs/drug-approvals-and-databases/drug-trials-snapshots-caplyta
drug-trials-snapshot-cobenfy,Cobenfy,xanomeline tartrate and trospium chloride,2024,Psychiatry,"COBENFY is a combination of xanomeline, a muscarinic agonist, and trospium chloride, a muscarinic antagonist, and is used for the treatment of schizophrenia in adults.",236,24.6,fda-snapshot,1600,41.3,16.7,,,,,,https://www.fda.gov/drugs/drug-trials-snapshots/drug-trials-snapshot-cobenfy
drug-trials-snapshots-brukinsa,Brukinsa,,2019,Oncology,"BRUKINSA is used to treat adults with mantle cell lymphoma (MCL) who have received at least one prior treatment for their cancer. MCL is a rare, rapidly progressing cancer that forms in the lymph system. MCL is one type of B-cell non-Hodgkin lymphoma.",118,24.6,fda-snapshot,,,,,,,,,https://web.archive.org/web/20230127052325/https://www.fda.gov/drugs/drug-approvals-and-databases/drug-trials-snapshots-brukinsa
drug-trials-snapshots-krintafel,Krintafel,tafenoquine,2018,Infectious disease,"KRINTAFEL is a drug used to prevent relapse of malaria caused by the parasite, Plasmodium vivax . It is used in patients 16 years of age and older, who are already receiving medicine to treat acute Plasmodium vivax malaria infection. Plasmodium vivax malaria is a serious disease of the blood that is spread by mosquitos infected by a parasite called Plasmodium vivax.",522,24.9,fda-snapshot,6,66.7,41.8,,,,,,https://web.archive.org/web/20230127052325/https://www.fda.gov/drugs/drug-approvals-and-databases/drug-trials-snapshots-krintafel
drug-trials-snapshots-sunlenca,Sunlenca,lenacapavir,2022,Infectious disease,"SUNLENCA is a drug that is used with other drugs for the treatment of human immunodeficiency virus-1 (HIV-1) infection in adults who: have received several antiretroviral (anti-HIV-1) drugs in the past, and have HIV-1 virus that is not responding to many antiretroviral medicines, and who are failing their current antiretroviral therapy.",72,25.0,fda-snapshot,2,0.0,-25.0,,,,,,https://www.fda.gov/drugs/drug-trials-snapshots/drug-trials-snapshots-sunlenca
drug-trials-snapshots-xuriden,Xuriden,uridine triacetate,2015,Metabolic & endocrine,"XURIDEN is a treatment for a very rare inherited disease called hereditary orotic aciduria. In this disease, the body cannot make uridine, which is necessary for life. XURIDEN is intended to replace uridine. Patients with hereditary orotic aciduria have low counts of blood cells, developmental delays, and do not properly gain weight (called failure to thrive).",4,25.0,carmeli-2023,38,44.7,19.7,,,,,,https://web.archive.org/web/20230127052325/https://www.fda.gov/drugs/drug-approvals-and-databases/drug-trials-snapshots-xuriden
drug-trials-snapshot-unloxcyt,Unloxcyt,cosibelimab-ipdl,2024,Oncology,UNLOXCYT is a monoclonal antibody for the treatment of one type of skin cancer called cutaneous squamous cell carcinoma (CSCC). It is approved to treat patients whose cancer has spread through the body (metastatic) or is locally advanced and who cannot have radiation or surgery to remove all the cancer.,141,25.5,fda-snapshot,,,,,,,,,https://www.fda.gov/drugs/drug-trials-snapshots/drug-trials-snapshot-unloxcyt
drug-trials-snapshot-avycaz-ciai,Avycaz,,2015,Infectious disease,AVYCAZ is a drug used to treat adults who have a serious infection in their belly called a complicated intra-abdominal infection (abbreviated as cIAI). It should be used only when there are few or no other treatment options. AVYCAZ is also approved for patients with a serious infection in their urinary tract system called a complicated urinary tract infection. This is discussed in a separate Snapshot.,203,25.6,fda-snapshot,96,58.3,32.7,,,,,,https://web.archive.org/web/20230127052325/https://www.fda.gov/drugs/drug-approvals-and-databases/drug-trials-snapshot-avycaz-ciai
drug-trial-snapshot-onpattro,Onpattro,patisiran,2018,Cardiovascular,ONPATTRO is a drug for the treatment of nerve damage in adult patients with hereditary transthyretin-mediated amyloidosis. Transthyretin-mediated amyloidosis is the buildup of abnormal deposits of a substance called amyloid in the body's organs and tissues. Amyloid disrupts the function of organs and tissues.,225,25.8,fda-snapshot,686,34.4,8.6,,,,,,https://web.archive.org/web/20230127052325/https://www.fda.gov/drugs/drug-approvals-and-databases/drug-trial-snapshot-onpattro
drug-trials-snapshots-xacduro,Xacduro,sulbactam for injection; durlobactam for injection,2023,Infectious disease,"XACDURO is an antibacterial drug to treat adults who have hospital-acquired bacterial pneumonia (HABP) and ventilator-associated bacterial pneumonia (VABP) caused by specific bacteria called Acinetobacter baumannii-calcoaceticus complex. It should not be used to treat pneumonia, which is caused by other bacteria.",128,25.8,fda-snapshot,,,,,,,,,https://www.fda.gov/drugs/drug-trials-snapshots/drug-trials-snapshots-xacduro
drug-trials-snapshots-bavencio,Bavencio,avelumab,2017,Oncology,BAVENCIO is used to treat a rare type of skin cancer called Merkel cell carcinoma (MCC) in adults and in pediatric patients 12 years and older. It is used in patients for whom the cancer has spread (metastatic).,88,26.1,fda-snapshot,,,,,,,,,https://web.archive.org/web/20230127052325/https://www.fda.gov/drugs/drug-approvals-and-databases/drug-trials-snapshots-bavencio
drug-trials-snapshots-artesunate,Artesunate,N=730,2020,Infectious disease,ARTESUNATE is a drug used for initial treatment of severe malaria in children and adults. Treatment of severe malaria with artesunate should always be followed by a complete treatment course of an appropriate antimalarial drug. Malaria is a serious infectious disease that is spread by mosquitos infected by a parasite.,1461,26.4,fda-snapshot,,,,,,,,,https://web.archive.org/web/20230127052325/https://www.fda.gov/drugs/drug-approvals-and-databases/drug-trials-snapshots-artesunate
drug-trials-snapshots-rukobia,Rukobia,fostemsavir,2020,Infectious disease,"RUKOBIA is a drug for the treatment of human immunodeficiency virus-1 (HIV-1) infection in adults who have received several anti-HIV-1 regimens in the past, and have HIV-1 virus that is resistant to many antiretroviral medicines, and who are failing their current antiretroviral therapy because it is not effective, have intolerable side effects or other safety problems.",272,26.5,fda-snapshot,143,19.6,-6.9,,,,,,https://web.archive.org/web/20230127052325/https://www.fda.gov/drugs/drug-approvals-and-databases/drug-trials-snapshots-rukobia
drug-trials-snapshots-stiolto-respimat,Stiolto Respimat,tiotropium bromide and olodaterol,2015,Respiratory,STIOLTO RESPIMAT is a long-term treatment for adults with a lung disease called COPD (chronic obstructive pulmonary disease). It is a combination of two drugs already used for COPD. STIOLTO RESPIMAT should only be used to treat COPD and not for other breathing problems.,3100,27.4,fda-snapshot,4658,59.5,32.2,45,35.1,2.71,1.53,5.47,https://web.archive.org/web/20230127052325/https://www.fda.gov/drugs/drug-approvals-and-databases/drug-trials-snapshots-stiolto-respimat
drug-trials-snapshots-lucemyra,Lucemyra,lofexidine hydrochloride,2018,Other,LUCEMYRA is used to lessen symptoms associated with opioid withdrawal during abrupt opioid discontinuation.,866,27.6,fda-snapshot,129,48.8,21.2,,,,,,https://web.archive.org/web/20230127052325/https://www.fda.gov/drugs/drug-approvals-and-databases/drug-trials-snapshots-lucemyra
drug-trials-snapshot-cabenuva,Cabenuva,cabotegravir and rilpivirine,2021,Infectious disease,CABENUVA is a 2-drug co-packaged product for the treatment of human immunodeficiency virus-1 (HIV-1) infection in adults who are virologically supressed and need to replace their current HIV-1 medicines. HIV-1 is the virus that causes acquired immune deficiency syndrome (AIDS).,1182,27.9,fda-snapshot,4454,29.5,1.6,,,,,,https://web.archive.org/web/20230127052325/https://www.fda.gov/drugs/drug-approvals-and-databases/drug-trials-snapshot-cabenuva
drug-trial-snapshot-daurismo,Daurismo,glasdegib,2018,Imaging & diagnostics,"DAURISMO is used to treat adults with newly-diagnosed acute myeloid leukemia (AML). It is to be used in patients who are 75 years of age or older, or have other medical conditions that prevent the use of standard chemotherapy. AML is a rapidly progressing cancer that forms in the bone marrow and results in an increased number of white blood cells in the bloodstream.",125,28.0,fda-snapshot,433,37.2,9.2,,,,,,https://web.archive.org/web/20230127052325/https://www.fda.gov/drugs/drug-approvals-and-databases/drug-trial-snapshot-daurismo
drug-trials-snapshots-imfinzi,Imfinzi,durvalumab,2017,Oncology,"IMFINZI is a drug for the treatment of a type of bladder and urinary tract cancer called urothelial carcinoma. IMFINZI may be used when: cancer has spread (locally advanced or metastatic urothelial carcinoma) and, chemotherapy that contains platinum did not work or is no longer working.",182,28.0,fda-snapshot,17035,36.2,8.1,,,,,,https://web.archive.org/web/20230127052325/https://www.fda.gov/drugs/drug-approvals-and-databases/drug-trials-snapshots-imfinzi
drug-trials-snapshots-kengreal,Kengreal,cangrelor,2015,Cardiovascular,"KENGREAL is a drug known as a “blood thinner” that prevents the formation of blood clots in the blood vessels of the heart (coronary arteries) in patients undergoing a procedure called percutaneous coronary intervention (PCI). This procedure, also known as coronary angioplasty, is used to open a blocked or narrowed heart artery to improve blood flow to the heart muscle.",11145,28.0,fda-snapshot,231,35.1,7.1,,,,,,https://web.archive.org/web/20230127052325/https://www.fda.gov/drugs/drug-approvals-and-databases/drug-trials-snapshots-kengreal
drug-trials-snapshot-nexobrid,Nexobrid,anacaulase-bcdb,2022,Other,"NEXOBRID is a mixture of enzymes extracted from the stems of pineapple plants that is indicated for removal of charred tissue in adults with deep second degree and/or third degree burns from heat sources, such as flames or scalds from hot liquids.",331,28.1,fda-snapshot,,,,,,,,,https://www.fda.gov/drugs/drug-trials-snapshots/drug-trials-snapshot-nexobrid
drug-trials-snapshots-ngenla,Ngenla,somatrogon-ghla,2023,Metabolic & endocrine,NGENLA is a human growth hormone for the treatment of children 3 years of age and older who are not growing because they have growth hormone deficiency (GHD). GHD is a condition in which the body does not produce enough growth hormone (GH). Symptoms of GHD in children include poor growth and short stature.,224,28.1,fda-snapshot,897,36.5,8.3,,,,,,https://www.fda.gov/drugs/drug-trials-snapshots/drug-trials-snapshots-ngenla
drug-trials-snapshots-bimzelx,Bimzelx,bimekizumab-bkzx,2023,Immunology & dermatology,BIMZELX is an anti-interleukin (IL)-17A and IL-17F monoclonal antibody that is indicated for the treatment of adults with moderate to severe plaque psoriasis who are candidates for systemic therapy or phototherapy.,1002,28.2,fda-snapshot,5141,61.8,33.6,,,,,,https://www.fda.gov/drugs/drug-trials-snapshots/drug-trials-snapshots-bimzelx
drug-trials-snapshots-vraylar-treatment-schizophrenia,Vraylar,,2015,Psychiatry,"VRAYLAR is used for the treatment of schizophrenia. Schizophrenia is a brain disorder characterized by hearing voices, believing other people are reading one’s mind or controlling one’s thoughts, and being suspicious or withdrawn.",1901,28.5,fda-snapshot,7336,67.4,38.9,,,,,,https://web.archive.org/web/20230127052325/https://www.fda.gov/drugs/drug-approvals-and-databases/drug-trials-snapshots-vraylar-treatment-schizophrenia
drug-trials-snapshots-emrelis,Emrelis,telisotuzumab vedotin-tllv,2025,Oncology,"EMRELIS is a prescription drug used for the treatment of adult patients with locally advanced or metastatic non-squamous non-small cell lung cancer (NSCLC) with high c Met protein overexpression, who have received a prior systemic anti-cancer therapy.",252,28.6,fda-snapshot,42,59.5,31.0,,,,,,https://www.fda.gov/drugs/drug-trials-snapshots/drug-trials-snapshots-emrelis
drug-trials-snapshots-tremfya,Tremfya,N=329,2017,Immunology & dermatology,TREMFYA is a drug for treatment of moderate to severe plaque psoriasis in adults who may benefit from taking injections or pills (systemic therapy) or phototherapy (treatment using ultraviolet or UV light).,1829,28.9,fda-snapshot,27984,58.8,29.9,,,,,,https://web.archive.org/web/20230127052325/https://www.fda.gov/drugs/drug-approvals-and-databases/drug-trials-snapshots-tremfya
drug-trials-snapshots-ilumya,Ilumya,tildrakizumab-asmn,2018,Immunology & dermatology,"ILUMYA is a drug for treatment of moderate to severe plaque psoriasis, in adults, who may benefit from taking injections or pills (systemic therapy) or treatment using ultraviolet or UV light (phototherapy).",1060,29.1,fda-snapshot,2018,54.9,25.8,,,,,,https://web.archive.org/web/20230127052325/https://www.fda.gov/drugs/drug-approvals-and-databases/drug-trials-snapshots-ilumya
drug-trials-snapshots-nexletol,Nexletol,bempedoic acid,2020,Cardiovascular,"NEXLETOL is a drug for the treatment of high LDL cholesterol, which is sometimes referred to as “bad cholesterol”.",3009,29.4,fda-snapshot,2078,61.4,32.0,,,,,,https://web.archive.org/web/20230127052325/https://www.fda.gov/drugs/resources-information-approved-drugs/drug-trials-snapshots-nexletol
drug-trials-snapshots-padcev,Padcev,enfortumab vedotin-ejfv,2019,Oncology,PADCEV is a drug for the treatment of a type of bladder and urinary tract cancer called urothelial carcinoma. PADCEV may be used in adult patients with urothelial carcinoma: whose cancer has spread (locally advanced or metastatic urothelial carcinoma) who have received an immunotherapy drugs (called PD-1 and PDL1 inhibitor) who have received chemotherapy that contains platinum,125,29.6,fda-snapshot,6886,23.8,-5.8,,,,,,https://web.archive.org/web/20230127052325/https://www.fda.gov/drugs/drug-approvals-and-databases/drug-trials-snapshots-padcev
drug-trials-snapshots-skyrizi,Skyrizi,risankizumab-rzaa,2019,Immunology & dermatology,SKYRIZI is a drug for treatment of moderate to severe plaque psoriasis in adults who may benefit from taking injections or pills (systemic therapy) or phototherapy (treatment using ultraviolet or UV light).,1606,29.8,fda-snapshot,77294,56.8,26.9,,,,,,https://web.archive.org/web/20230127052325/https://www.fda.gov/drugs/drug-approvals-and-databases/drug-trials-snapshots-skyrizi
drug-trials-snapshot-cosentyx-secukinumab,Cosentyx,,2015,Immunology & dermatology,COSENTYX is used to treat moderate to severe plaque psoriasis in adults who do not respond well to medication applied directly to the skin. How do I use this drug? COSENTYX is an injection given once a week for five consecutive weeks followed by an injection once every four weeks.,4443,29.9,fda-snapshot,148700,62.3,32.3,,,,,,https://web.archive.org/web/20230127052325/https://www.fda.gov/drugs/drug-approvals-and-databases/drug-trials-snapshot-cosentyx-secukinumab
drug-trials-snapshots-inqovi,Inqovi,decitabine and cedazuridine,2020,Oncology,INQOVI is used to treat adults with myelodysplastic syndromes (MDS) including chronic myelomonocytic leukemia. MDS is a type of blood cancer in which blood cells in the bone marrow are defective leading to a low number of one or more types of blood cells.,213,30.5,fda-snapshot,781,42.3,11.7,,,,,,https://web.archive.org/web/20230127052325/https://www.fda.gov/drugs/drug-approvals-and-databases/drug-trials-snapshots-inqovi
drug-trials-snapshots-wainua,Wainua,way-noo’-ah,2023,Cardiovascular,WAINUA is a drug for the treatment of nerve damage in adult patients with hereditary transthyretin-mediated amyloidosis. Transthyretin-mediated amyloidosis is the buildup of abnormal deposits of a substance called amyloid in the body’s organs and tissues. Amyloid disrupts the function of organs and tissues.,199,30.7,fda-snapshot,135,48.9,18.2,,,,,,https://www.fda.gov/drugs/drug-trials-snapshots/drug-trials-snapshots-wainua
drug-trials-snapshot-siliq,Siliq,brodalumab,2017,Immunology & dermatology,SILIQ is used for treatment of moderate to severe plaque psoriasis in adults. who may benefit from systemic treatment (such as injections or pills) or phototherapy (ultraviolet light treatment) and who did not respond or lost response to other systemic treatments.,2915,30.8,fda-snapshot,1899,46.7,15.9,,,,,,https://web.archive.org/web/20230127052325/https://www.fda.gov/drugs/drug-approvals-and-databases/drug-trials-snapshot-siliq
drug-trials-snapshots-filspari,Filspari,sparsentan,2023,Urology & nephrology,"FILSPARI is an endothelin type A receptor and angiotensin II type 1 receptor antagonist that is indicated to reduce proteinuria in adults with primary immunoglobulin A (IgA) nephropathy at risk of rapid disease progression, generally a urine protein-to-creatinine ratio (UPCR) ≥1.5 g/g.",281,31.0,fda-snapshot,5681,43.8,12.8,,,,,,https://www.fda.gov/drugs/drug-trials-snapshots/drug-trials-snapshots-filspari
drug-trials-snapshots-flyrcado,Flyrcado,Flurpiridaz F 18 Injection,2024,Cardiovascular,"FLYRCADO is a drug used to image the supply of blood to portions of the heart muscle tissue in adult patients who have known or suspected disease of the coronary arteries, which deliver blood to the heart muscle.",755,31.1,fda-snapshot,1,0.0,-31.1,,,,,,https://www.fda.gov/drugs/drug-trials-snapshots/drug-trials-snapshots-flyrcado
drug-trial-snapshots-amvuttra,Amvuttra,vutrisiran,2022,Cardiovascular,AMVUTTRA is a drug for the treatment of nerve damage in adult patients with hereditary transthyretin-mediated amyloidosis. Transthyretin-mediated amyloidosis is the buildup of abnormal deposits of a substance called amyloid in the body's organs and tissues. Amyloid disrupts the function of organs and tissues.,199,31.2,fda-snapshot,63,38.1,6.9,,,,,,https://www.fda.gov/drugs/drug-trials-snapshots/drug-trial-snapshots-amvuttra
drug-trial-snapshot-tegsedi,Tegsedi,inotersen,2018,Cardiovascular,TEGSEDI is a drug for the treatment of nerve damage in adult patients with hereditary transthyretin-mediated amyloidosis. Transthyretin-mediated amyloidosis is the buildup of abnormal deposits of a substance called amyloid in the body's organs and tissues. Amyloid disrupts the function of organs and tissues.,172,31.4,fda-snapshot,,,,,,,,,https://web.archive.org/web/20230127052325/https://www.fda.gov/drugs/drug-approvals-and-databases/drug-trial-snapshot-tegsedi
drug-trials-snapshots-icotyde,Icotyde,icotrokinra,2026,Immunology & dermatology,ICOTYDE is an interleukin-23 (IL-23) receptor antagonist used for the treatment of moderate-to-severe plaque psoriasis in adults and pediatric patients 12 years of age and older who weigh at least 40 kg and who are candidates for systemic therapy or phototherapy.,774,31.8,fda-snapshot,62,59.7,27.9,,,,,,https://www.fda.gov/drugs/drug-trials-snapshots/drug-trials-snapshots-icotyde
drug-trials-snapshot-venclexta,Venclexta,,2016,Oncology,VENCLEXTA is a drug for the treatment of patients with chronic lymphocytic leukemia (CLL) who have a chromosomal abnormality called 17p deletion and who have been treated with at least one prior therapy.,346,32.1,fda-snapshot,55173,38.4,6.3,,,,,,https://web.archive.org/web/20230127052325/https://www.fda.gov/drugs/drug-approvals-and-databases/drug-trials-snapshot-venclexta
drug-trials-snapshots-aristada,Aristada,aripiprazole laurixil,2015,Psychiatry,"ARISTADA is a drug used for the treatment of schizophrenia. Schizophrenia is a brain disorder characterized by hearing voices, believing other people are reading one’s mind or controlling one’s thoughts, and being suspicious or withdrawn.",623,32.1,fda-snapshot,3917,48.5,16.4,4,,,,,https://web.archive.org/web/20230127052325/https://www.fda.gov/drugs/drug-approvals-and-databases/drug-trials-snapshots-aristada
drug-trials-snapshots-fluorodopa-f-18,Fluorodopa F 18,,2019,Imaging & diagnostics,"FLUORODOPA F 18 is a drug for the visual detection of certain nerve cells in adult patients with suspected Parkinsonian Syndromes (PS). PS is a group of movement disorders characterized by slow movements, body stiffness, shakiness at rest and inability to maintain posture. It is associated with the damage/loss of dopaminergic nerves in one part of the brain (called striatum).",56,32.1,fda-snapshot,,,,,,,,,https://web.archive.org/web/20230127052325/https://www.fda.gov/drugs/drug-approvals-and-databases/drug-trials-snapshots-fluorodopa-f-18
drug-trials-snapshots-relyvrio,Relyvrio,sodium phenylbutyrate and taurursodiol,2022,Neurology,"RELYVRIO is a drug that treats adult patients with amyotrophic lateral sclerosis (ALS). ALS is a rare disease that attacks and kills the nerve cells that control voluntary muscles. Voluntary muscles produce movements such as chewing, walking, breathing, and talking. ALS causes the nerves to lose the ability to activate specific muscles, leading to muscle weakness and paralysis.",137,32.1,fda-snapshot,1418,57.3,25.1,,,,,,https://www.fda.gov/drugs/drug-trials-snapshots/drug-trials-snapshots-relyvrio
drug-trials-snapshots-taltz,Taltz,ixekizumab,2016,Immunology & dermatology,TALTZ is a drug for treatment of moderate to severe plaque psoriasis in adults.,1958,32.3,fda-snapshot,33443,61.1,28.7,,,,,,https://web.archive.org/web/20230127052325/https://www.fda.gov/drugs/drug-approvals-and-databases/drug-trials-snapshots-taltz
drug-trials-snapshots-sotyktu,Sotyktu,deucravacitinib,2022,Immunology & dermatology,SOTYKTU is a tyrosine kinase 2 (TYK2) inhibitor that is indicated for the treatment of adults with moderate to severe plaque psoriasis who are candidates for systemic therapy or phototherapy.,1686,33.2,fda-snapshot,2380,63.5,30.3,,,,,,https://www.fda.gov/drugs/drug-trials-snapshots/drug-trials-snapshots-sotyktu
drug-trials-snapshots-xadago,Xadago,safinamide,2017,Neurology,"XADAGO is a drug for the treatment of “off episodes” in patients with Parkinson’s disease (PD). XADAGO is to be added to drugs for the treatment of Parkinson’s disease that contain levodopa/carbidopa combination. An “off” episode” is a time when a patient’s medications are not working well, leading to an increase in Parkinson’s symptoms, such as tremor and difficulty walking.",1218,33.2,fda-snapshot,,,,,,,,,https://web.archive.org/web/20230127052325/https://www.fda.gov/drugs/drug-approvals-and-databases/drug-trials-snapshots-xadago
drug-trials-snapshot-cholbam-peroxisomal-disorders,Cholbam,,2015,Gastroenterology,"CHOLBAM is a treatment for children and adults who have a rare condition called bile acid synthesis disorders. This happens when infants are born with defects that result in low bile acid levels. This can lead to problems with growth and serious damage of the liver and of the nervous system. The liver normally makes bile acids which are needed to digest fat and absorb Vitamins A, D, E, and K. CHOL",24,33.3,fda-snapshot,377,51.2,17.9,,,,,,https://web.archive.org/web/20230127052325/https://www.fda.gov/drugs/drug-approvals-and-databases/drug-trials-snapshot-cholbam-peroxisomal-disorders
drug-trials-snapshot-cosela,Cosela,trilaciclib,2021,Oncology,COSELA is a prescription medicine used to decrease the rate of bone marrow suppression (myelosuppression) resulting from chemotherapy in adult patients when given prior to certain chemotherapy drugs (containing platinum/etoposide or topotecan) for a type of lung cancer (extensive stage-small cell lung cancer) that is widespread.,245,33.5,fda-snapshot,99,42.4,9.0,,,,,,https://web.archive.org/web/20230127052325/https://www.fda.gov/drugs/drug-approvals-and-databases/drug-trials-snapshot-cosela
drug-trials-snapshots-polivy,Polivy,polatuzumab vedotin-piiq,2019,Oncology,"POLIVY is used with other drugs to treat adults with diffuse large B-cell lymphoma (DLBCL) whose disease has come back or has not improved after at least two previous treatments. DLBCL is a fast-growing cancer of the lymph system, which is part of the body’s immune system.",80,33.8,fda-snapshot,7670,41.5,7.7,,,,,,https://web.archive.org/web/20230127052325/https://www.fda.gov/drugs/drug-approvals-and-databases/drug-trials-snapshots-polivy
drug-trials-snapshots-brenzavvy,Brenzavvy,bexagliflozin,2023,Metabolic & endocrine,BRENZAVVY is a medicine that improves blood sugar control in adults with type 2 diabetes when used in addition to diet and exercise.,4479,34.0,fda-snapshot,20,40.0,6.0,,,,,,https://www.fda.gov/drugs/drug-trials-snapshots/drug-trials-snapshots-brenzavvy
drug-trials-snapshots-iomervu,Iomervu,iomeprol,2024,Imaging & diagnostics,"IOMERVU is a radiographic contrast agent that is used during an arteriogram to visualize blood vessels in adult and pediatric patients. IOMERVU is also used during computed tomography (CT) imaging to visualize organs and lesions in the head, body, and urinary system and to detect blocked or damaged arteries in adult and pediatric patients.",4801,34.1,fda-snapshot,1243,49.6,15.6,,,,,,https://www.fda.gov/drugs/drug-trials-snapshots/drug-trials-snapshots-iomervu
drug-trial-snapshot-doptelet,Doptelet,,2018,Hematology,DOPTELET is a drug used to treat adults with low platelet count who are scheduled to have a medical or dental procedure that could lead to increased bleeding. DOPTELET is to be used in patients whose low platelet count is the result of long-lasting (chronic) liver disease.,435,34.5,fda-snapshot,2349,59.0,24.5,,,,,,https://web.archive.org/web/20230127052325/https://www.fda.gov/drugs/drug-approvals-and-databases/drug-trial-snapshot-doptelet
drug-trials-snapshots-columvi,Columvi,glofitamab-gxbm,2023,Oncology,COLUMVI is a drug used to treat adult patients with certain types of diffuse large B-cell lymphoma (DLBCL) or large B-cell lymphoma (LBCL) who have received at least two prior treatments that did not work or are no longer working. LBCL is a type of blood cancer.,145,34.5,fda-snapshot,1893,39.6,5.1,,,,,,https://www.fda.gov/drugs/drug-trials-snapshots/drug-trials-snapshots-columvi
drug-trials-snapshots-aphexda,Aphexda,motixafortide,2023,Oncology,APHEXDA is a prescription drug that in combination with filgrastim (a granulocyte-colony stimulating factor [G-CSF]) mobilizes hematopoietic stem cells to the peripheral blood for collection and subsequent autologous transplantation in patients with multiple myeloma.,244,35.2,fda-snapshot,27,51.9,16.6,,,,,,https://www.fda.gov/drugs/drug-approvals-and-databases/drug-trials-snapshots-aphexda
drug-trials-snapshot-rydapt,Rydapt,midostaurin,2017,Oncology,"RYDAPT is used to treat adults with advanced systemic mastocytosis (SM). It is to be used in patients who have: aggressive SM, SM with associated blood cancer, or mast cell leukemia. Advanced mastocytosis (SM) are group of rare and fatal disorders in which the body produces too many mast cells, a type of white blood cell.",142,35.9,fda-snapshot,1675,46.7,10.8,,,,,,https://web.archive.org/web/20230127052325/https://www.fda.gov/drugs/drug-approvals-and-databases/drug-trials-snapshot-rydapt
drug-trials-snapshots-moxidectin,Moxidectin,,2018,Immunology & dermatology,MOXIDECTIN is a drug used for the treatment of onchocerciasis in patients 12 years of age and older. Onchocerciasis (river blindness) is an eye and skin disease which is spread by the bite of a fly that is infected with a worm called Onchocerca volvulus.,1472,36.1,fda-snapshot,3,66.7,30.6,,,,,,https://web.archive.org/web/20230127052325/https://www.fda.gov/drugs/drug-approvals-and-databases/drug-trials-snapshots-moxidectin
drug-trials-snapshot-copiktra,Copiktra,duvelisib,2018,Oncology,"COPIKTRA is a drug used to treat adult patients with chronic lymphocytic leukemia (CLL), small lymphocytic lymphoma (SLL), and follicular lymphoma (FL) who have received at least two prior treatments that did not work or are no longer working. CLL, SLL, and FL are forms of blood cancer.",721,36.2,fda-snapshot,285,38.2,2.0,,,,,,https://web.archive.org/web/20230127052325/https://www.fda.gov/drugs/drug-approvals-and-databases/drug-trials-snapshot-copiktra
drug-trials-snapshot-lynozyfic,Lynozyfic,linvoseltamab-gcpt,2025,Oncology,"LYNOZYFIC is a bispecific antibody used to treat a type of cancer called multiple myeloma. LYNOZYFIC is indicated for adults whose cancer has come back after, or not responded to, at least four prior treatment regimens including a proteasome inhibitor (PI), an immunomodulatory agent (IMiD), and an anti-CD38 monoclonal antibody (mAb). This is called relapsed or refractory disease.",80,36.2,fda-snapshot,,,,,,,,,https://www.fda.gov/drugs/drug-trials-snapshots/drug-trials-snapshot-lynozyfic
drug-trials-snapshots-nuplazid,Nuplazid,pimavanserin,2016,Neurology,NUPLAZID is a drug for the treatment of hallucinations and delusions in patients with Parkinson’s disease. People who experience hallucinations and delusions see or hear things that are not there and/or have false beliefs.,618,36.2,fda-snapshot,54048,38.8,2.5,,,,,,https://web.archive.org/web/20230127052325/https://www.fda.gov/drugs/drug-approvals-and-databases/drug-trials-snapshots-nuplazid
drug-trials-snapshots-baxdela,Baxdela,delafloxacin,2017,Infectious disease,BAXDELA is an antibacterial medicine used to treat adult patients with bacterial skin infections known as acute bacterial skin and skin structure infections (ABSSSI) caused by certain bacteria.,850,36.7,fda-snapshot,213,50.2,13.5,,,,,,https://web.archive.org/web/20230127052325/https://www.fda.gov/drugs/drug-approvals-and-databases/drug-trials-snapshots-baxdela
drug-trials-snapshots-veklury,Veklury,remdesivir,2020,Infectious disease,"VEKLURY is for use in adult and pediatric patients 12 years and older weighing at least 40 kg (88 lbs) for the treatment of coronavirus disease 2019 (COVID-19) requiring hospitalization. COVID-19 is an infectious, potentially serious or life-threating respiratory disease caused by a coronavirus called SARS-CoV-2 virus.",2043,36.7,fda-snapshot,12211,40.3,3.6,,,,,,https://web.archive.org/web/20230127052325/https://www.fda.gov/drugs/drug-approvals-and-databases/drug-trials-snapshots-veklury
drug-trials-snapshots-ojjaara,Ojjaara,momelotinib,2023,Oncology,"OJJARA is a drug used to treat a rare type of bone marrow disorder called myelofibrosis (MF) in adults with anemia. MF is a chronic disorder where scar tissue forms in the bone marrow, resulting in decreased production of blood cells in the bone marrow. In patients with MF, production of blood cells can then begin to occur in the spleen and liver, causing enlargement of these organs.",195,36.9,fda-snapshot,751,47.5,10.6,,,,,,https://www.fda.gov/drugs/drug-trials-snapshots/drug-trials-snapshots-ojjaara
drug-trials-snapshots-tazverik,Tazverik,tazemetostat,2020,Oncology,"TAZVERIK is a drug used to treat a type of cancer called advanced epithelioid sarcoma. It is to be used in patients 16 years and older when cancer has spread and cannot be completely removed by surgery. Epithelioid sarcoma is a rare, slow growing type of cancer that begins in the soft tissues of the body (most commonly under the skin of an extremity).",62,37.1,fda-snapshot,715,46.0,8.9,,,,,,https://web.archive.org/web/20230127052325/https://www.fda.gov/drugs/drug-approvals-and-databases/drug-trials-snapshots-tazverik
drug-trials-snapshot-odomzo,Odomzo,sonidegib,2015,Oncology,"ODOMZO is a drug for the treatment of basal cell carcinoma. It is approved to treat patients whose basal cell carcinoma is locally advanced (abbreviated laBCC) and whose cancer has returned after surgery, or who cannot have radiation or surgery to remove all the cancer.",230,37.4,fda-snapshot,1346,38.0,0.6,,,,,,https://web.archive.org/web/20230127052325/https://www.fda.gov/drugs/drug-approvals-and-databases/drug-trials-snapshot-odomzo
drug-trials-snapshots-voyxact,Voyxact,sibeprenlimab-szsi,2025,Urology & nephrology,VOYXACT is an A Proliferation Inducing Ligand (APRIL) blocker that is approved to reduce proteinuria (protein in the urine) in adults with primary immunoglobulin A nephropathy (IgAN) at risk for disease progression.,320,37.5,fda-snapshot,296,53.7,16.2,,,,,,https://www.fda.gov/drugs/drug-trials-snapshots/drug-trials-snapshots-voyxact
drug-trials-snapshots-rytelo,Rytelo,imetelstat,2024,Hematology,"RYTELO is a prescription medicine used to treat a condition called low- to intermediate-1 risk myelodysplastic syndromes (MDS) in adults with anemia (low red blood cell counts) who need four or more red blood cell (RBC) units over eight weeks and who have not responded to, have stopped responding to, or cannot be treated with other medications called erythropoiesis stimulating agents (ESAs).",178,37.6,fda-snapshot,125,35.2,-2.4,,,,,,https://www.fda.gov/drugs/drug-trials-snapshots/drug-trials-snapshots-rytelo
drug-trials-snapshots-vyloy,Vyloy,zolbetuximab-clzb,2024,Oncology,VYLOY is a claudin (CLDN) 18.2-directed cytolytic antibody indicated in combination with fluoropyrimidine- and platinum-containing chemotherapy for the treatment of adults with gastric or gastroesophageal junction adenocarcinoma whose tumors are CLDN18.2-positive and human epidermal growth factor receptor 2 (HER2)-negative that cannot be removed by surgery or has spread to other parts of the body (metastatic).,1072,37.9,fda-snapshot,1207,33.2,-4.7,,,,,,https://www.fda.gov/drugs/drug-trials-snapshots/drug-trials-snapshots-vyloy
drug-trials-snapshot-savaysa-edoxaban-prevention-stroke-atrial-fibrillation,Savaysa,,2015,Cardiovascular,"People with atrial fibrillation (a type of irregular heart rhythm) are at an increased risk of forming a blood clot in the heart that can travel to either their brain, leading to a stroke, or can travel to other parts of their body, causing a serious blockage in a blood vessel.",21026,38.1,fda-snapshot,5811,47.7,9.6,,,,,,https://web.archive.org/web/20230127052325/https://www.fda.gov/drugs/drug-approvals-and-databases/drug-trials-snapshot-savaysa-edoxaban-prevention-stroke-atrial-fibrillation
drug-trials-snapshots-epclusa,Epclusa,sofosbuvir and velpatasvir,2016,Infectious disease,"EPCLUSA is a drug for the treatment of adults who have a specific type of Hepatitis C virus (HCV) infection, called chronic Hepatitis C virus genotypes 1, 2, 3, 4, 5 or 6 infection. EPCLUSA is a combination of two anti-viral drugs: sofosbuvir (previously approved for HCV treatment) and velpatasvir (new drug for HCV).",1825,38.1,fda-snapshot,11914,42.9,4.8,,,,,,https://web.archive.org/web/20230127052325/https://www.fda.gov/drugs/drug-approvals-and-databases/drug-trials-snapshots-epclusa
drug-trials-snapshots-asparlas,Asparlas,calaspargase pegol-mknl,2018,Oncology,ASPARLAS is used in combination with other drugs for the treatment of acute lymphoblastic leukemia (ALL) in patients 1 month to 21 years old. ALL is a rapidly progressing cancer that forms in the bone marrow and results in an increased number of lymphocytes (a type of white blood cells) in the bloodstream.,237,38.4,fda-snapshot,267,46.4,8.0,,,,,,https://web.archive.org/web/20230127052325/https://www.fda.gov/drugs/drug-approvals-and-databases/drug-trials-snapshots-asparlas
drug-trials-snapshot-lonsurf,Lonsurf,trifluridine and tipiracil,2015,Oncology,LONSURF is a drug for the treatment of metastatic colorectal cancer (cancer of the colon or rectum) that has spread to other parts of the body for patients who are no longer responding to other therapies.,800,38.6,fda-snapshot,10437,42.0,3.4,,,,,,https://web.archive.org/web/20230127052325/https://www.fda.gov/drugs/drug-approvals-and-databases/drug-trials-snapshot-lonsurf
drug-trials-snapshots-zepatier,Zepatier,elbasvir and grazoprevir,2016,Infectious disease,"ZEPATIER is a drug used to treat adults who have a specific type of Hepatitis C virus (HCV) infection, called chronic Hepatitis C genotypes 1 or 4 infection. ZEPATIER is a combination of two anti-viral drugs: elbasvir and grazoprevir. It is intended to be used on its own or in combination with another previously approved HCV drug called ribavirin.",2704,38.7,fda-snapshot,3741,46.8,8.1,,,,,,https://web.archive.org/web/20230127052325/https://www.fda.gov/drugs/drug-approvals-and-databases/drug-trials-snapshots-zepatier
drug-trials-snapshot-lunsumio,Lunsumio,mosunetuzumab-axgb,2022,Oncology,LUNSUMIO is a drug used to treat adult patients with follicular lymphoma (FL) who have received at least two prior treatments that did not work or are no longer working. Follicular lymphoma is a type of blood cancer.,90,38.9,fda-snapshot,745,48.7,9.8,,,,,,https://www.fda.gov/drugs/drug-trials-snapshots/drug-trials-snapshot-lunsumio
drug-trials-snapshots-grafapex,Grafapex,treosulfan,2025,Oncology,GRAFAPEX is a medicine that is indicated for use in combination with fludarabine as a preparative regimen for allogeneic hematopoietic stem cell transplantation in adult and pediatric patients 1 year of age and older with acute myeloid leukemia (AML) as well as myelodysplastic syndrome (MDS).,570,39.1,fda-snapshot,1869,44.4,5.3,,,,,,https://www.fda.gov/drugs/drug-trials-snapshots/drug-trials-snapshots-grafapex
drug-trials-snapshots-rezzayo,Rezzayo,rezafungin,2023,Infectious disease,REZZAYO is an echinocandin antifungal that is indicated in patients 18 years of age or older who have limited or no alternative options for the treatment of candidemia and invasive candidiasis (IC).,516,39.1,fda-snapshot,58,51.7,12.6,,,,,,https://www.fda.gov/drugs/drug-trials-snapshots/drug-trials-snapshots-rezzayo
drug-trial-snapshot-ayvakit,Ayvakit,avapritinib,2020,Oncology,"AYVAKIT is used to treat adult patients with gastrointestinal stromal tumor (GIST) whose disease: is caused by certain abnormal platelet-derived growth factor receptor alpha (PDGFRA) genes and, cannot be surgically removed or, has spread throughout the body (metastatic GIST). GIST is type of stomach, bowel, or esophagus tumor.",204,39.2,fda-snapshot,,,,,,,,,https://web.archive.org/web/20230127052325/https://www.fda.gov/drugs/drug-approvals-and-databases/drug-trial-snapshot-ayvakit
drug-trials-snapshot-veltassa,Veltassa,patiromer,2015,Urology & nephrology,VELTASSA is a drug that is used to treat hyperkalemia. Hyperkalemia is a serious condition in which the amount of potassium in the blood is too high.,715,39.3,fda-snapshot,13390,42.9,3.6,,,,,,https://web.archive.org/web/20230127052325/https://www.fda.gov/drugs/drug-approvals-and-databases/drug-trials-snapshot-veltassa
drug-trials-snapshots-giapreza,Giapreza,angiotensin II,2018,Urology & nephrology,"GIAPREZA is a drug used to increase dangerously low blood pressure in adults with certain types of shock. Shock is a life-threatening condition in which blood pressure drops so low that the brain, kidneys, and other vital organs can't receive enough blood flow to function properly.",321,39.3,fda-snapshot,213,39.4,0.2,,,,,,https://web.archive.org/web/20230127052325/https://www.fda.gov/drugs/drug-approvals-and-databases/drug-trials-snapshots-giapreza
drug-trials-snapshot-parsabiv,Parsabiv,etelcalcetide,2017,Metabolic & endocrine,PARSABIV is used to treat high levels of parathyroid hormone (PTH) in adult patients with chronic kidney disease (CKD) on hemodialysis.,1023,39.6,fda-snapshot,2124,46.7,7.1,,,,,,https://web.archive.org/web/20230127052325/https://www.fda.gov/drugs/drug-approvals-and-databases/drug-trials-snapshot-parsabiv
drug-trials-snapshots-adlyxin,Adlyxin,lixisenatide,2016,Metabolic & endocrine,ADLYXIN is a drug that improves blood sugar control in adults with diabetes mellitus (DM) type 2 when used in addition to diet and exercise.,10576,39.7,fda-snapshot,3018,56.4,16.8,,,,,,https://web.archive.org/web/20230127052325/https://www.fda.gov/drugs/drug-approvals-and-databases/drug-trials-snapshots-adlyxin
drug-trials-snapshots-akynzeo,Akynzeo,fosnetupitant and palonosetron,2018,Gastroenterology,"AKYNZEO is an injectable drug for the prevention of the nausea and vomiting that happens right away or later in adults receiving certain anticancer medicines (chemotherapy). AKYNZEO is a combination of two drugs, fosnetupitant and palonosetron. Fosnetupitant is a new drug never before approved by FDA.",844,39.7,fda-snapshot,1089,62.9,23.2,,,,,,https://web.archive.org/web/20230127052325/https://www.fda.gov/drugs/drug-approvals-and-databases/drug-trials-snapshots-akynzeo
drug-trials-snapshots-elfabrio,Elfabrio,pegunigalsidase alfa-iwx,2023,Cardiovascular,"ELFABRIO is an enzyme replacement therapy that is used for the treatment of Fabry disease in adult patients. Fabry disease is an inherited disorder that occurs when the enzyme alpha-galactosidase-A is deficient, affecting the breakdown of a type of fat called globotriaosylceramide (Gb3) in various tissues of the body such as the kidney, heart, brain, nerves, and digestive system.",93,39.8,fda-snapshot,346,42.8,3.0,,,,,,https://www.fda.gov/drugs/drug-trials-snapshots/drug-trials-snapshots-elfabrio
drug-trials-snapshots-radicava,Radicava,edaravone,2017,Neurology,RADICAVA is a drug for the treatment of Amyotrophic Lateral Sclerosis (ALS). ALS (also known as Lou Gehrig’s disease) is a rare disease that affects nerve cells in the brain and the spinal cord leading to progressive muscle weakness and premature death.,505,39.8,fda-snapshot,1230,39.4,-0.4,,,,,,https://web.archive.org/web/20230127052325/https://www.fda.gov/drugs/drug-approvals-and-databases/drug-trials-snapshots-radicava
drug-trials-snapshots-filsuvez,Filsuvez,birch triterpenes,2023,Other,FILSUVEZ is for the treatment of wounds associated with dystrophic and junctional epidermolysis bullosa (EB) in adult and pediatric patients 6 months of age and older.,223,39.9,fda-snapshot,194,51.5,11.6,,,,,,https://www.fda.gov/drugs/drug-trials-snapshots/drug-trials-snapshots-filsuvez
drug-trials-snapshots-zevtera,Zevtera,ceftobiprole medocaril sodium for injection,2024,Infectious disease,"ZEVTERA is a cephalosporin antibacterial drug used for the treatment of serious infections including Staphylococcus aureus bacteremia (SAB) in adults, acute bacterial skin and skin structure infections (ABSSSI) in adults, and community-acquired bacterial pneumonia (CABP) in adults and children aged 3 months to less than 18 years.",1842,39.9,fda-snapshot,30,46.7,6.8,,,,,,https://www.fda.gov/drugs/drug-trials-snapshots/drug-trials-snapshots-zevtera
drug-trial-snapshot-revcovi,Revcovi,elapegademase-lvlr,2018,Infectious disease,"REVCOVI is a drug used to treat adenosine deaminase severe combined immune deficiency (ADA-SCID) in pediatric and adult patients. REVCOVI replaces the missing ADA enzyme in patients with ADA-SCID. ADA-SCID is a rare, inherited, genetic disorder caused by a deficiency in the adenosine deaminase (ADA) enzyme. Patients affected by ADA-SCID have compromised immune systems that leave them unprotected from infection.",10,40.0,fda-snapshot,256,51.2,11.2,,,,,,https://web.archive.org/web/20230127052325/https://www.fda.gov/drugs/drug-approvals-and-databases/drug-trial-snapshot-revcovi
drug-trials-snapshots-koselugo,Koselugo,selumetinib,2020,Oncology,KOSELUGO is used to to treat children 2 years of age and older with a type of tumor called plexiform neurofibroma or PN that occurs in a rare disease called neurofibromatosis type 1 (NF1). KOSELUGO is used in patients whose tumors cause symptoms and could not be surgically removed.,50,40.0,fda-snapshot,1282,49.1,9.1,,,,,,https://web.archive.org/web/20230127052325/https://www.fda.gov/drugs/resources-information-approved-drugs/drug-trials-snapshots-koselugo
drug-trials-snapshots-zepzelca,Zepzelca,lurbinectedin,2020,Oncology,ZEPZELCA is a drug used to treat adult patients with small cell lung cancer (SCLC) which has spread to other parts of the body (metastatic) on or after treatment with platinum-containing therapy.,105,40.0,fda-snapshot,783,41.9,1.9,,,,,,https://web.archive.org/web/20230127052325/https://www.fda.gov/drugs/drug-approvals-and-databases/drug-trials-snapshots-zepzelca
drug-trials-snapshot-praluent,Praluent,alirocumab,2015,Cardiovascular,"PRALUENT is a drug for the treatment of high LDL cholesterol, which is sometimes referred to as “bad cholesterol”. PRALUENT is to be used in the following two groups of patients: 1) patients with an inherited condition called heterozygous familial hypercholesterolemia (HeFH) or 2) patients who have had complications of having too much cholesterol, such as heart attacks and strokes.",3752,40.2,fda-snapshot,21580,59.3,19.1,,,,,,https://web.archive.org/web/20230127052325/https://www.fda.gov/drugs/drug-approvals-and-databases/drug-trials-snapshot-praluent
drug-trials-snapshots-cresemba-aspergillosis,Cresemba,,2015,Infectious disease,CRESEMBA is a drug that is used to treat adults with a rare but serious fungal infection called invasive aspergillosis. This infection occurs most often in people with weak immune systems. CRESEMBA is also used for the treatment of adults with a rare but serious fungal infection called invasive mucormycosis. This is discussed in a separate Snapshot.,516,40.3,fda-snapshot,3264,40.3,0.0,,,,,,https://web.archive.org/web/20230127052325/https://www.fda.gov/drugs/drug-approvals-and-databases/drug-trials-snapshots-cresemba-aspergillosis
drug-trials-snapshots-cresemba-mucormycosis,Cresemba,,2015,Infectious disease,CRESEMBA is a drug used to treat adults with a rare but serious fungal infection called invasive mucormycosis. This infection occurs most often in people with weak immune systems. CRESEMBA is also used to treat adults with a rare but serious fungal infection called invasive aspergillosis. This is discussed in a separate Snapshot.,516,40.3,fda-snapshot,3264,40.3,0.0,,,,,,https://web.archive.org/web/20230127052325/https://www.fda.gov/drugs/drug-approvals-and-databases/drug-trials-snapshots-cresemba-mucormycosis
drug-trials-snapshots-terlivaz,Terlivaz,terlipressin,2022,Urology & nephrology,TERLIVAZ is a vasopressin receptor agonist that is indicated to improve kidney function in adults with hepatorenal syndrome (HRS) with rapid reduction in kidney function.,300,40.3,fda-snapshot,275,36.0,-4.3,,,,,,https://www.fda.gov/drugs/drug-trials-snapshots/drug-trials-snapshots-terlivaz
drug-trials-snapshots-empliciti,Empliciti,elotuzumab,2015,Oncology,EMPLICITI is a drug used for the treatment of a form of blood cancer called multiple myeloma. It is for use in patients who have received one to three prior medications and is intended to be used in combination with another FDA-approved treatment for multiple myeloma called Revlimid (lenalidomide) and dexamethasone (a type of corticosteroid).,646,40.4,fda-snapshot,4431,44.8,4.4,,,,,,https://web.archive.org/web/20230127052325/https://www.fda.gov/drugs/drug-approvals-and-databases/drug-trials-snapshots-empliciti
drug-trials-snapshots-besponsa,Besponsa,inotuzumab ozogamicin,2017,Oncology,"BESPONSA is used to treat adults with B-cell acute lymphoblastic leukemia (ALL) whose disease has come back or has not improved after previous treatment(s). ALL is a rapidly progressing cancer that forms in the bone marrow and results in an increased number of lymphocytes, a type of white blood cells, in the bloodstream.",447,40.5,fda-snapshot,2391,42.4,1.9,,,,,,https://web.archive.org/web/20230127052325/https://www.fda.gov/drugs/drug-approvals-and-databases/drug-trials-snapshots-besponsa
drug-trials-snapshots-camzyos,Camzyos,mavacamten,2022,Cardiovascular,CAMZYOS is a cardiac myosin inhibitor used for the treatment of symptomatic New York Heart Association (NYHA) Class II to III obstructive hypertrophic cardiomyopathy (HCM) in adults to improve functional capacity and symptoms.,251,40.6,fda-snapshot,4327,69.3,28.7,,,,,,https://www.fda.gov/drugs/drug-trials-snapshots/drug-trials-snapshots-camzyos
drug-trials-snapshots-vraylar-treatment-bipolar-disorder-manicmixed-episode,Vraylar,,2015,Psychiatry,"VRAYLAR is used for bipolar disorder, also known as manic-depressive illness. It is a brain disorder that causes unusual shifts in mood, energy, activity levels and the ability to carry out day-to-day tasks.",1065,40.6,fda-snapshot,7336,67.4,26.8,,,,,,https://web.archive.org/web/20230127052325/https://www.fda.gov/drugs/drug-approvals-and-databases/drug-trials-snapshots-vraylar-treatment-bipolar-disorder-manicmixed-episode
drug-trials-snapshots-marcrilen,Marcrilen,,2017,Imaging & diagnostics,MACRILEN is a drug for the diagnosis of growth hormone deficiency in adults.,140,40.7,fda-snapshot,,,,,,,,,https://web.archive.org/web/20230127052325/https://www.fda.gov/drugs/drug-approvals-and-databases/drug-trials-snapshots-marcrilen
drug-trials-snapshots-daklinza,Daklinza,daclatasvir,2015,Infectious disease,"DAKLINZA is a drug for the treatment of a specific type of Hepatitis C, called chronic Hepatitis C genotype 3 infection. It is to be used in combination with another drug called sofosbuvir. Hepatitis C is a virus that causes inflammation of the liver that can lead to decreased liver function or liver failure. Approximately 10% of Hepatitis C infections in the United States result from genotype 3 infection.",152,40.8,fda-snapshot,,,,,,,,,https://web.archive.org/web/20230127052325/https://www.fda.gov/drugs/drug-approvals-and-databases/drug-trials-snapshots-daklinza
drug-trials-snapshots-myqorzo,Myqorzo,aficamten,2025,Cardiovascular,MYQORZO is a cardiac myosin inhibitor used for treatment of adults with symptomatic obstructive hypertrophic cardiomyopathy (oHCM) to improve functional capacity and symptoms.,282,40.8,fda-snapshot,6,66.7,25.9,,,,,,https://www.fda.gov/drugs/drug-trials-snapshots/drug-trials-snapshots-myqorzo
drug-trials-snapshots-lokelma,Lokelma,sodium zirconium cyclosilicate,2018,Urology & nephrology,LOKELMA is a drug for the treatment of hyperkalemia in adults. Hyperkalemia is a condition in which the amount of potassium in the blood is too high.,1011,40.9,fda-snapshot,3097,37.1,-3.9,,,,,,https://web.archive.org/web/20230127052325/https://www.fda.gov/drugs/drug-approvals-and-databases/drug-trials-snapshots-lokelma
drug-trial-snapshot-braftovi,Braftovi,encorafenib,2018,Oncology,"BRAFTOVI is a drug which is to be used with another drug, binimetinib, to treat a type of skin cancer called melanoma. BRAFTOVI is only to be used in patients who have melanoma with a specific abnormal gene (called a BRAF V600E or V600K mutation) that has spread to other parts of the body (advanced melanoma) or cannot be removed by surgery.",383,41.0,fda-snapshot,7329,49.2,8.2,,,,,,https://web.archive.org/web/20230127052325/https://www.fda.gov/drugs/drug-approvals-and-databases/drug-trial-snapshot-braftovi
drug-trial-snapshot-mektovi,Mektovi,binimetinib,2018,Oncology,"MEKTOVI is a drug which is used with another drug, encorafenib, to treat a type of skin cancer called melanoma. MEKTOVI is only to be used in patients who have melanoma with a specific abnormal gene (called a BRAF V600E or V600K mutation) that has spread to other parts of the body (advanced melanoma) or cannot be removed by surgery.",383,41.0,fda-snapshot,5439,47.0,6.0,,,,,,https://web.archive.org/web/20230127052325/https://www.fda.gov/drugs/drug-approvals-and-databases/drug-trial-snapshot-mektovi
drug-trials-snapshots-tabrecta,Tabrecta,capmatinib,2020,Oncology,"TABRECTA is a drug used to treat adult patients with a type of non-small cell lung cancer (NSCLC) which: has a specific gene mutation (mesenchymal epithelial transition or MET mutation) and, has spread to other parts of the body (metastatic).",334,41.0,fda-snapshot,2066,54.8,13.8,,,,,,https://web.archive.org/web/20230127052325/https://www.fda.gov/drugs/drug-approvals-and-databases/drug-trials-snapshots-tabrecta
drug-trial-snapshot-mulpleta,Mulpleta,lusutrombopag,2018,Hematology,MULPLETA is a drug used to treat adults with low platelet count who are scheduled to have a medical or dental procedure that could lead to increased bleeding. MULPLETA is to be used in patients whose low platelet count is the result of long-lasting (chronic) liver disease.,341,41.1,fda-snapshot,36,52.8,11.7,,,,,,https://web.archive.org/web/20230127052325/https://www.fda.gov/drugs/drug-approvals-and-databases/drug-trial-snapshot-mulpleta
drug-trial-snapshot-ozempic,Ozempic,,2017,Metabolic & endocrine,OZEMPIC is a drug that improves blood sugar control in adults with type 2 diabetes mellitus (DM) when used in addition to diet and exercise.,8093,41.5,fda-snapshot,59624,64.7,23.2,1209,52.5,1.66,1.48,1.86,https://web.archive.org/web/20230127052325/https://www.fda.gov/drugs/drug-approvals-and-databases/drug-trial-snapshot-ozempic
drug-trials-snapshot-opdualag,Opdualag,nivolumab and relatlimab-rmbw,2022,Oncology,OPDUALAG is a fixed-drug combination of nivolumab and relatlimab. OPDUALAG is used to treat adult and pediatric patients 12 years of age or older with a type of skin cancer called melanoma that cannot be removed by surgery (unresectable) or has spread to other parts of the body (metastatic).,714,41.7,fda-snapshot,327,40.7,-1.1,,,,,,https://www.fda.gov/drugs/drug-trials-snapshots/drug-trials-snapshot-opdualag
drug-trials-snapshot-niktimvo,Niktimvo,axatilimab-csfr,2024,Immunology & dermatology,NIKTIMVO is a drug used to treat adults and children who weigh at least 88.2 pounds (40 kg) with chronic graft-versus-host disease (GVHD) who have received at least two prior treatments (systemic therapy) and required additional treatment. Chronic GVHD is a complication that can occur after someone has received a bone marrow or stem cell transplantation from another person.,79,41.8,fda-snapshot,,,,,,,,,https://www.fda.gov/drugs/drug-trials-snapshots/drug-trials-snapshot-niktimvo
drug-trials-snapshots-ingrezza,Ingrezza,valbenazine,2017,Neurology,"INGREZZA is a drug for the treatment of tardive dyskinesia. Tardive dyskinesia is a condition characterized by uncontrolled, repetitive, involuntary movements of the face, tongue, arms, legs, and other body parts often caused by long-term use of some psychiatric drugs, such as antipsychotics.",445,41.8,fda-snapshot,16145,67.1,25.3,,,,,,https://web.archive.org/web/20230127052325/https://www.fda.gov/drugs/drug-approvals-and-databases/drug-trials-snapshots-ingrezza
drug-trials-snapshots-defencath,Defencath,"taurolidine 1.35% and heparin 5,000 Units/5 mL [1,000 Units/mL]",2023,Infectious disease,DEFENCATH is a catheter lock solution (CLS) to reduce the incidence of catheter-related bloodstream infections (CRBSI) in adult patients with kidney failure receiving chronic hemodialysis (HD) through a central venous catheter (CVC).,806,41.9,fda-snapshot,3,0.0,-41.9,,,,,,https://www.fda.gov/drugs/drug-trials-snapshots/drug-trials-snapshots-defencath
drug-trials-snapshots-poteligeo,Poteligeo,mogamulizumab-kpkc,2018,Oncology,POTELIGEO is used to treat adults with mycosis fungoides (MF) or Sézary syndrome (SS) who have received at least one prior systemic (such as injections or pills) treatment for their disease but the treatment did not work or the disease has come back. MF and SS are rare types of cancer called cutaneous T-cell lymphoma which form in the lymph system and affect the skin.,372,41.9,fda-snapshot,63,22.2,-19.7,,,,,,https://web.archive.org/web/20230127052325/https://www.fda.gov/drugs/drug-approvals-and-databases/drug-trials-snapshots-poteligeo
drug-trials-snapshots-ongentys,Ongentys,opicapone,2020,Neurology,"ONGENTYS is a drug used to treat patients with Parkinson’s disease (PD) who are having “off” episodes while taking drugs (levodopa and carbidopa) for the treatment of Parkinson’s disease. An “off” episode is a time when a patient’s medications are not working well, leading to an increase in Parkinson’s symptoms, such as tremor and difficulty walking.",522,42.1,fda-snapshot,1359,39.1,-3.1,,,,,,https://web.archive.org/web/20230127052325/https://www.fda.gov/drugs/drug-approvals-and-databases/drug-trials-snapshots-ongentys
drug-trials-snapshots-prevymis,Prevymis,letermovir,2017,Oncology,"PREVYMIS is a drug used to help prevent cytomegalovirus (CMV) infection and disease in adults previously exposed to CMV infection, who have received a stem cell (bone marrow) transplant. Stem cell (bone marrow) transplant is one way of treating some blood cancers. Many transplant recipients are at high risk for CMV infection and disease because of their weakened immune system.",565,42.1,fda-snapshot,2642,42.7,0.5,,,,,,https://web.archive.org/web/20230127052325/https://www.fda.gov/drugs/drug-approvals-and-databases/drug-trials-snapshots-prevymis
drug-trials-snapshots-unituxin,Unituxin,dinutuximab,2015,Oncology,"UNITUXIN is a drug that is used to treat children with high-risk neuroblastoma, a rare and serious cancer that develops from nerve cells and most often occurs in young children. UNITUXIN is used to treat children whose tumor has shrunk following other treatments, which include a combination of chemotherapy, surgery, and radiation.",240,42.1,fda-snapshot,709,39.5,-2.6,,,,,,https://web.archive.org/web/20230127052325/https://www.fda.gov/drugs/drug-approvals-and-databases/drug-trials-snapshots-unituxin
drug-trials-snapshots-cotellic,Cotellic,cobimetinib,2015,Oncology,"COTELLIC is a drug which is to be used with another drug, vemurafenib, to treat a type of skin cancer called melanoma. COTELLIC is only to be used in patients with melanoma with a specific abnormal gene (called BRAF V600E or V600K mutation) that has spread to other parts of the body (advanced melanoma) or cannot be removed by surgery.",495,42.2,fda-snapshot,4031,48.6,6.4,,,,,,https://web.archive.org/web/20230127052325/https://www.fda.gov/drugs/drug-approvals-and-databases/drug-trials-snapshots-cotellic
drug-trials-snapshots-mounjaro,Mounjaro,tirzepatide,2022,Metabolic & endocrine,MOUNJARO is a drug that that improves blood sugar control in adults with type 2 diabetes mellitus (DM) when used in addition to diet and exercise.,7769,42.2,fda-snapshot,77430,72.5,30.4,237,61.2,1.68,1.28,2.16,https://www.fda.gov/drugs/drug-trials-snapshots/drug-trials-snapshots-mounjaro
drug-trials-snapshots-dupixent,Dupixent,dupilumab,2017,Immunology & dermatology,"DUPIXENT is used for treatment of moderate to severe atopic dermatitis in adult patients whose disease is not well controlled with topical therapies, or who cannot use topical therapies (topical therapies are applied directly to the affected areas of the skin).",1338,42.3,fda-snapshot,454229,61.0,18.7,24,,,,,https://web.archive.org/web/20230127052325/https://www.fda.gov/drugs/drug-approvals-and-databases/drug-trials-snapshots-dupixent
drug-trials-snapshots-tecvayli,Tecvayli,teclistamab-cqyv,2022,Oncology,"TECVAYLI is an antibody that is used to treat a form of blood cancer called multiple myeloma. It is to be used in adult patients whose cancer came back after, or did not respond to, at least four prior treatment regimens, which included a proteasome inhibitor, an immunomodulatory agent, and an anti-CD38 monoclonal antibody to treat their multiple myeloma.",275,42.5,fda-snapshot,1294,46.5,4.0,,,,,,https://www.fda.gov/drugs/drug-trials-snapshots/drug-trials-snapshots-tecvayli
drug-trials-snapshots-qalsody,Qalsody,tofersen,2023,Neurology,QALSODY is an antisense oligonucleotide (ASO) that treats adults with amyotrophic lateral sclerosis (ALS) who have a mutation in the superoxide dismutase 1 (SOD1) gene (SOD1-ALS). QALSODY is designed to reduce production of the SOD1 protein by binding to the SOD1 mRNA. SOD1-ALS is a rare disease that causes death of the nerve cells that control voluntary muscles.,108,42.6,fda-snapshot,459,49.5,6.9,,,,,,https://www.fda.gov/drugs/drug-trials-snapshots/drug-trials-snapshots-qalsody
drug-trials-snapshots-yartemlea,Yartemlea,narsoplimab,2025,Cardiovascular,YARTEMLEA is a prescription drug that is a MASP-2 inhibitor indicated for the treatment of adult and pediatric patients 2 years of age and older with hematopoietic stem cell transplant-associated thrombotic microangiopathy (TA-TMA).,47,42.6,fda-snapshot,21,61.9,19.4,,,,,,https://www.fda.gov/drugs/drug-trials-snapshots/drug-trials-snapshots-yartemlea
drug-trials-snapshots-jesduvroq,Jesduvroq,daprodustat,2023,Hematology,JESDUVROQ is a hypoxia-inducible factor prolyl hydroxylase (HIF PH) inhibitor that treats anemia due to chronic kidney disease (CKD) in adults who have been receiving dialysis for at least four months.,2964,42.7,fda-snapshot,613,46.7,3.9,,,,,,https://www.fda.gov/drugs/drug-approvals-and-databases/drug-trials-snapshots-jesduvroq
drug-trials-snapshots-vtama,Vtama,tapinarof,2022,Immunology & dermatology,VTAMA is a small molecule aryl hydrocarbon receptor (AhR) modulating agent that is indicated for the topical treatment of plaque psoriasis in patients 18 years of age and older.,1092,42.7,fda-snapshot,1229,52.7,10.1,,,,,,https://www.fda.gov/drugs/drug-trials-snapshots/drug-trials-snapshots-vtama
drug-trial-snapshot-recarbrio,Recarbrio,"imipenem, cilastatin, and relebactam",2019,Infectious disease,"RECARBRIO is a drug for adults who do not have additional options to treat: Complicated urinary tract infection (cUTI) including infection of the kidneys (pyelonephritis) caused by specific bacteria or, Complicated intra-abdominal infections (cIAI) (serious infections that extend into the intra-abdominal cavity and require treatment in the hospital) caused by specific bacteria.",430,42.8,fda-snapshot,89,40.4,-2.3,,,,,,https://web.archive.org/web/20230127052325/https://www.fda.gov/drugs/resources-information-approved-drugs/drug-trial-snapshot-recarbrio
drug-trials-snapshot-cholbam-bile-acid-synthesis-disorders,Cholbam,,2015,Gastroenterology,"CHOLBAM is a treatment for infants, children and adults who have a rare condition called bile acid synthesis disorders. This happens when infants are born with defects that result in low bile acid levels. This can lead to problems with growth and serious liver damage. The liver normally makes bile acids which are needed to help to digest fat and for the body to absorb Vitamins A, D, E, and K.",44,43.2,fda-snapshot,377,51.2,8.0,,,,,,https://web.archive.org/web/20230127052325/https://www.fda.gov/drugs/drug-approvals-and-databases/drug-trials-snapshot-cholbam-bile-acid-synthesis-disorders
drug-trials-snapshots-inrebic,Inrebic,fedratinib,2019,Oncology,"INREBIC is a drug used to treat adults with a rare type of bone marrow disorder called myelofibrosis. Myelofibrosis is a chronic disorder where scar tissue forms in the bone marrow and the production of the blood cells moves from the bone marrow to the spleen and liver, causing organ enlargement.",192,43.2,fda-snapshot,1202,48.8,5.6,,,,,,https://web.archive.org/web/20230127052325/https://www.fda.gov/drugs/drug-approvals-and-databases/drug-trials-snapshots-inrebic
drug-trial-snapshot-pepaxto,Pepaxto,melphalan flufenamide,2021,Oncology,"PEPAXTO is a prescription medicine used in combination with the medicine dexamethasone to treat adults with multiple myeloma who did not respond to or stopped responding to at least four prior medicines including at least one proteasome inhibitor, one immunomodulatory agent and one CD38-directed antibody.",157,43.3,fda-snapshot,,,,,,,,,https://web.archive.org/web/20230127052325/https://www.fda.gov/drugs/drug-approvals-and-databases/drug-trial-snapshot-pepaxto
drug-trials-snapshot-talvey,Talvey,talquetamab-tgvs,2023,Oncology,"TALVEY is an antibody that is used to treat a form of blood cancer called multiple myeloma. It is used to treat adult patients whose cancer came back after, or did not respond to, at least four prior lines of therapy, including a proteasome inhibitor, an immunomodulatory agent, and an anti-CD38 monoclonal antibody to treat their multiple myeloma.",526,43.3,fda-snapshot,1160,43.5,0.2,,,,,,https://www.fda.gov/drugs/drug-trials-snapshots/drug-trials-snapshot-talvey
drug-trial-snapshot-qinlock,Qinlock,ripretinib,2020,Oncology,"QINLOCK is drug used to treat adult patients with gastrointestinal stromal tumor (GIST) whose disease: cannot be surgically removed or, has spread throughout the body (metastatic GIST), and has been treated with at least three prior treatments. GIST is type of stomach, bowel, or esophagus tumor.",129,43.4,fda-snapshot,5111,43.8,0.4,,,,,,https://web.archive.org/web/20230127052325/https://www.fda.gov/drugs/drug-approvals-and-databases/drug-trial-snapshot-qinlock
drug-trials-snapshots-ninlaro,Ninlaro,ixazomib,2015,Oncology,"NINLARO is a drug used to treat a form of blood cancer called multiple myeloma. It is to be used in combination with two other drugs in patients whose cancer came back after or did not respond to, at least one previous treatment.",722,43.4,fda-snapshot,27146,47.7,4.4,,,,,,https://web.archive.org/web/20230127052325/https://www.fda.gov/drugs/drug-approvals-and-databases/drug-trials-snapshots-ninlaro
drug-trials-snapshots-ukoniq,Ukoniq,umbralisib,2021,Oncology,"UKONIQ is a drug used to treat adult patients with marginal zone lymphoma (MZL) when the disease has come back, or did not respond to treatment, and who have received at least one certain type of prior treatment. Marginal zone lymphoma is a form of blood cancer.",221,43.4,fda-snapshot,,,,,,,,,https://web.archive.org/web/20230127052325/https://www.fda.gov/drugs/drug-approvals-and-databases/drug-trials-snapshots-ukoniq
drug-trials-snapshots-ukoniq-0,Ukoniq,umbralisib,2021,Oncology,UKONIQ is a drug used to treat adult patients with follicular lymphoma (FL) who have received at least three prior treatments that did not work or are no longer working. Follicular lymphoma is a form of blood cancer.,221,43.4,fda-snapshot,,,,,,,,,https://web.archive.org/web/20230127052325/https://www.fda.gov/drugs/drug-approvals-and-databases/drug-trials-snapshots-ukoniq-0
drug-trials-snapshots-voranigo,Voranigo,vorasidenib,2024,Oncology,"VORANIGO is an isocitrate dehydrogenase-1 (IDH1) and isocitrate dehydrogenase-2 (IDH2) inhibitor indicated for the treatment of adult and pediatric patients 12 years and older with grade 2 astrocytoma or oligodendroglioma with a susceptible IDH1 or IDH2 mutation following surgery including biopsy, sub-total resection, or gross total resection.",331,43.5,fda-snapshot,,,,,,,,,https://www.fda.gov/drugs/drug-trials-snapshots/drug-trials-snapshots-voranigo
drug-trials-snapshot-tresiba,Tresiba,,2015,Metabolic & endocrine,TRESIBA is a long-acting insulin that improves blood sugar control in adults with diabetes mellitus (DM). It can be used in adult patients with type 1 or type 2 DM.,4048,43.6,fda-snapshot,22034,56.6,13.1,523,46.9,1.48,1.25,1.76,https://web.archive.org/web/20230127052325/https://www.fda.gov/drugs/drug-approvals-and-databases/drug-trials-snapshot-tresiba
drug-trials-snapshots-vafseo,Vafseo,vadadustat,,Hematology,VAFSEO is a hypoxia-inducible factor prolyl hydroxylase (HIF PH) inhibitor that treats anemia due to chronic kidney disease (CKD) in adults who have been receiving dialysis for at least three months.,3923,43.6,fda-snapshot,227,43.6,0.0,,,,,,https://www.fda.gov/drugs/drug-trials-snapshots/drug-trials-snapshots-vafseo
drug-trials-snapshots-velsipity,Velsipity,etrasimod,2023,Immunology & dermatology,VELSIPITY is a drug that reduces the number of lymphocytes (a type of white blood cell) in the blood by binding to human sphingosine 1-phosphate receptors that is used to treat adults with moderately to severely active ulcerative colitis (UC).,741,43.6,fda-snapshot,1472,53.2,9.6,,,,,,https://www.fda.gov/drugs/drug-trials-snapshots/drug-trials-snapshots-velsipity
drug-trials-snapshots-vistogard,Vistogard,uridine triacetate,2015,Oncology,"VISTOGARD is a drug used for the emergency treatment of adults and children who received an overdose of the cancer drugs fluorouracil or capecitabine, or for patients who developed certain severe or life-threatening side effects within four days of receiving these cancer drugs.",135,43.7,fda-snapshot,102,55.9,12.2,,,,,,https://web.archive.org/web/20230127052325/https://www.fda.gov/drugs/drug-approvals-and-databases/drug-trials-snapshots-vistogard
drug-trials-snapshots-inpefa,Inpefa,sotagliflozin,2023,Cardiovascular,"INPEFA is a drug that reduces the risk of cardiovascular death, hospitalization for heart failure, and urgent heart failure visit in adults with: heart failure or type 2 diabetes mellitus, chronic kidney disease, and other cardiovascular risk factors",11806,43.8,fda-snapshot,536,48.7,4.9,,,,,,https://www.fda.gov/drugs/drug-trials-snapshots/drug-trials-snapshots-inpefa
drug-trials-snapshots-omegaven,Omegaven,fish oil triglycerides,2018,Metabolic & endocrine,OMEGAVEN is a drug that provides calories and fatty acids for pediatric patients with parenteral nutrition-associated cholestasis (PNAC). Cholestasis is a condition in which bile is not released from the liver. It may occur when patients are receiving nutrition intravenously (parenteral nutrition).,312,43.9,fda-snapshot,85331,61.7,17.8,,,,,,https://web.archive.org/web/20230127052325/https://www.fda.gov/drugs/drug-approvals-and-databases/drug-trials-snapshots-omegaven
drug-trials-snapshots-lamzede,Lamzede,velmanase alfa-tycv,2023,Other,"LAMZEDE is an enzyme replacement therapy that is used for the treatment of adult and pediatric patients with alpha-mannosidosis. Alpha-mannosidosis is a rare disease where patients have decreased activity of the enzyme alpha-mannosidase, which breaks down mannose containing oligosaccharides (a complex sugar).",25,44.0,fda-snapshot,52,51.9,7.9,,,,,,https://www.fda.gov/drugs/drug-trials-snapshots/drug-trials-snapshots-lamzede
drug-trial-snapshot-xerava,Xerava,eravacycline,2018,Infectious disease,XERAVA is a drug for the treatment of complicated intra-abdominal infections caused by bacteria in patients 18 years and older. It should be used only when the infection is caused by bacteria that are sensitive to XERAVA. Complicated intra-abdominal infections are serious infections that extend beyond the digestive organs into the intra-abdominal cavity and require treatment in the hospital.,846,44.2,fda-snapshot,173,35.8,-8.4,,,,,,https://web.archive.org/web/20230127052325/https://www.fda.gov/drugs/drug-approvals-and-databases/drug-trial-snapshot-xerava
drug-trials-snapshots-fruzaqla,Fruzaqla,fruquintinib,2023,Oncology,FRUZAQLA is a drug used for the treatment of adults with colorectal cancer that cannot be removed by surgery or has spread to other parts of the body (metastatic). It should be used in patients who have been previously treated with chemotherapy and other anticancer agents.,691,44.3,fda-snapshot,3488,43.4,-0.9,,,,,,https://www.fda.gov/drugs/drug-trials-snapshots/drug-trials-snapshots-fruzaqla
drug-trials-snapshots-austedo,Austedo,deutetrabenazine,2017,Neurology,"AUSTEDO is a drug used for the treatment of chorea in patients with Huntington’s disease. Chorea is a condition characterized by uncontrolled, involuntary movements and is one of many symptoms that occur in patients with Huntington’s disease.",90,44.4,fda-snapshot,6417,67.8,23.3,,,,,,https://web.archive.org/web/20230127052325/https://www.fda.gov/drugs/drug-approvals-and-databases/drug-trials-snapshots-austedo
drug-trials-snapshots-vonjo,Vonjo,pacritinib,2022,Oncology,"VONJO is a drug that is used to treat adult patients with a rare type of bone marrow disorder called myelofibrosis who also have platelet counts below 50,000/µL. Platelets are cellular components in the blood. Myelofibrosis is a chronic disorder where scar tissue forms in the bone marrow and the production of the blood cells moves from the bone marrow to the spleen and liver, causing organ enlargement.",63,44.4,fda-snapshot,1278,43.8,-0.6,,,,,,https://www.fda.gov/drugs/drug-trials-snapshots/drug-trials-snapshots-vonjo
drug-trials-snapshots-xenleta,Xenleta,lefamulin,2019,Infectious disease,XENLETA is an antibacterial medicine used to treat adult patients with community-acquired bacterial pneumonia (CABP). Pneumonia is a type of lung infection. Community-acquired bacterial pneumonia (CABP) develops in people with limited or no contact with hospitals or health care centers.,1289,44.4,fda-snapshot,10,40.0,-4.4,,,,,,https://web.archive.org/web/20230127052325/https://www.fda.gov/drugs/drug-approvals-and-databases/drug-trials-snapshots-xenleta
drug-trials-snapshots-tzield,Tzield,teplizumab-mzwv,2022,Metabolic & endocrine,TZIELD is a drug that is used to delay the onset of type 1 diabetes in children and adults who are at high risk for type 1 diabetes.,76,44.7,fda-snapshot,478,59.8,15.1,,,,,,https://www.fda.gov/drugs/drug-trials-snapshots/drug-trials-snapshots-tzield
drug-trials-snapshots-kygevvi,Kygevvi,,2025,Other,"KYGEVVI is a combination of two medications, doxecitine and doxribtimine, both pyrimidine nucleosides, used for the treatment of thymidine kinase 2 deficiency (TK2d) in adults and children with a symptom onset on or before 12 years of age.",125,44.8,fda-snapshot,2,50.0,5.2,,,,,,https://www.fda.gov/drugs/drug-trials-snapshots/drug-trials-snapshots-kygevvi
drug-trials-snapshots-nuzyra,Nuzyra,omadacycline,2018,Infectious disease,NUZYRA is an antibacterial medicine used to treat adult patients with community-acquired bacterial pneumonia (CABP). Pneumonia is a type of lung infection. Community-acquired bacterial pneumonia (CABP) develops in people with limited or no contact with hospitals or health care centers.,1544,44.9,fda-snapshot,1474,55.6,10.7,,,,,,https://web.archive.org/web/20230127052325/https://www.fda.gov/drugs/drug-approvals-and-databases/drug-trials-snapshots-nuzyra
drug-trials-snapshots-aqneursa,Aqneursa,levacetylleucine,2024,Neurology,"AQNEURSA is a prescription medicine that is used to treat the neurological manifestations of Niemann-Pick disease, Type C (NPC) in adults and children who weigh 15 kg or more.",60,45.0,fda-snapshot,,,,,,,,,https://www.fda.gov/drugs/drug-trials-snapshots/drug-trials-snapshots-aqneursa
drug-trials-snapshots-piasky,Piasky,crovalimab-akkz,2024,Metabolic & endocrine,PIASKY is a prescription drug that is a complement C5 inhibitor used to treat adult and pediatric patients 13 years and older with a disease called paroxysmal nocturnal hemoglobinuria (PNH) and body weight of at least 40 kg.,204,45.1,fda-snapshot,88,47.7,2.6,,,,,,https://www.fda.gov/drugs/drug-trials-snapshots/drug-trials-snapshots-piasky
drug-trials-snapshots-defitelio,Defitelio,defibrotide sodium,2016,Gastroenterology,"DEFITELIO is a drug for the treatment of hepatic veno-occlusive disease (VOD). Hepatic veno-occlusive disease is a condition in which some of the veins in the liver become blocked, causing swelling and a decrease in blood flow inside the liver, which may lead to liver damage and death.",528,45.3,fda-snapshot,1858,39.0,-6.3,,,,,,https://web.archive.org/web/20230127052325/https://www.fda.gov/drugs/drug-approvals-and-databases/drug-trials-snapshots-defitelio
drug-trials-snapshot-cibinqo,Cibinqo,abrocitinib,2022,Immunology & dermatology,"CIBINQO is a Janus Kinase (JAK) inhibitor that is indicated for the treatment of adults with refractory, moderate-to-severe atopic dermatitis whose disease is not adequately controlled with other systemic drug products, including biologics, or when use of those therapies is inadvisable.",1373,45.4,fda-snapshot,3420,54.7,9.4,,,,,,https://www.fda.gov/drugs/drug-trials-snapshots/drug-trials-snapshot-cibinqo
drug-trials-snapshot-alyftrek,Alyftrek,vanzacaftor/tezacaftor/deutivacaftor,2024,Respiratory,ALYFTREK is a medication for the treatment of cystic fibrosis (CF) in patients 6 years of age and older who have at least one F508del mutation or another responsive mutation in the cystic fibrosis transmembrane conductance regulator (CFTR) gene.,971,45.6,fda-snapshot,477,66.2,20.6,,,,,,https://www.fda.gov/drugs/drug-trials-snapshots/drug-trials-snapshot-alyftrek
drug-trial-snapshots-monjuvi,Monjuvi,tafasitamab-cxix,2020,Oncology,"MONJUVI is used to treat adults with diffuse large B-cell lymphoma (DLBCL) whose disease has come back or has not improved after previous treatments. It is to be used when patients cannot receive a stem cell transplant. DLBCL is a fast-growing cancer of the lymph system, which is part of the body’s immune system.",81,45.7,fda-snapshot,619,44.7,-0.9,,,,,,https://web.archive.org/web/20230127052325/https://www.fda.gov/drugs/drug-approvals-and-databases/drug-trial-snapshots-monjuvi
drug-trials-snapshot-anthim,Anthim,obiltoxaximab,2016,Infectious disease,"ANTHIM is a drug for the treatment of inhalational anthrax. It is meant to be used together with an appropriate antibiotic. ANTHIM can also be used to prevent inhalational anthrax when there are no other treatment options. Inhalational anthrax is a rare and serious bacterial disease that can cause massive and irreversible tissue injury, shock and death.",370,45.9,fda-snapshot,,,,,,,,,https://web.archive.org/web/20230127052325/https://www.fda.gov/drugs/drug-approvals-and-databases/drug-trials-snapshot-anthim
drug-trials-snapshots-darzalex,Darzalex,daratumumab,2015,Oncology,DARZALEX is a drug used to treat patients with a form of blood cancer called multiple myeloma. It is for patients who have received at least three prior treatments for their cancer.,156,46.2,fda-snapshot,2098,48.7,2.5,,,,,,https://web.archive.org/web/20230127052325/https://www.fda.gov/drugs/drug-approvals-and-databases/drug-trials-snapshots-darzalex
drug-trials-snapshots-sohonos,Sohonos,palovarotene,2023,Other,"Fibrodysplasia ossificans progressiva (FOP) is a rare genetic disease in which there is abnormal growth of bone tissue (heterotopic ossification or HO) within muscles, tendons, and other soft tissues, which restricts mobility and can be disabling.",210,46.2,fda-snapshot,56,64.3,18.1,,,,,,https://www.fda.gov/drugs/drug-trials-snapshots/drug-trials-snapshots-sohonos
drug-trials-snapshot-farydak-panobinostat,Farydak,,2015,Oncology,Multiple myeloma is a form of blood cancer that begins in a type of white blood cell called a plasma cell. Multiple myeloma causes plasma cells to rapidly multiply and crowd out other healthy blood cells from the bone marrow. FARYDAK works by slowing the over-development of plasma cells in patients with multiple myeloma or causing the death of these dangerous cells. FARDYAK is approved to treat pe,758,46.4,fda-snapshot,,,,,,,,,https://web.archive.org/web/20230127052325/https://www.fda.gov/drugs/drug-approvals-and-databases/drug-trials-snapshot-farydak-panobinostat
drug-trials-snapshots-epidiolex,Epidiolex,,2018,Neurology,"EPIDIOLEX is a drug for the treatment of seizures in two rare and severe forms of epilepsy, Lennox-Gastaut syndrome and Dravet syndrome, in patients two years of age and older. Lennox-Gastaut and Dravet syndromes start during early childhood. They are associated with difficult to control seizures and various degrees of development disability.",1100,46.4,fda-snapshot,11872,49.2,2.8,,,,,,https://web.archive.org/web/20230127052325/https://www.fda.gov/drugs/drug-approvals-and-databases/drug-trials-snapshots-epidiolex
drug-trials-snapshots-lutathera,Lutathera,lutetium 177 dotate,2018,Oncology,"LUTATHERA is a drug for the treatment of adults who have a specific type of tumor called a gastroenteropancreatic neuroendocrine tumor (GEP-NET). NETs are rare tumors that develop in certain hormone-producing cells of the body. LUTATHERA is intended for the treatment of throat, esophagus, stomach, and intestine neuroendocrine tumors that have somatostatin receptors.",1443,46.4,fda-snapshot,1851,48.3,1.9,,,,,,https://web.archive.org/web/20230127052325/https://www.fda.gov/drugs/drug-approvals-and-databases/drug-trials-snapshots-lutathera
drug-trials-snapshots-xpovio,Xpovio,selinexor,2019,Oncology,"XPOVIO is a drug used to treat a form of blood cancer called multiple myeloma. It is to be used in combination with dexamethasone (a type of corticosteroid) in patients with no other treatment options whose cancer came back after, or did not respond to, at least four previous treatments.",202,46.5,fda-snapshot,3033,45.6,-0.9,,,,,,https://web.archive.org/web/20230127052325/https://www.fda.gov/drugs/drug-approvals-and-databases/drug-trials-snapshots-xpovio
drug-trials-snapshots-skyclarys,Skyclarys,omaveloxolone,2023,Cardiovascular,"SKYCLARYS is a drug that treats adults and adolescent patients aged 16 years and older with Friedreich’s ataxia (FA). FA is a rare, genetic disease that is caused by a defect in a gene called frataxin. This protein is essential for the functioning of the cells. Lack of this protein leads to balance issues, difficulty speaking, loss of motor skills leading to inability to walk, and heart failure leading to death.",103,46.6,fda-snapshot,1402,49.4,2.8,,,,,,https://www.fda.gov/drugs/development-approval-process-drugs/drug-trials-snapshots-skyclarys
drug-trials-snapshots-ohtuvayre,Ohtuvayre,ensifentrine,2024,Respiratory,OHTUVAYRE is a phosphodiesterase 3 and phosphodiesterase 4 inhibitor that is indicated for the maintenance treatment of chronic obstructive pulmonary disease (COPD) in adult patients. COPD is a chronic respiratory condition and is one of the leading causes of death in the United States.,1553,46.9,fda-snapshot,1257,55.9,9.0,,,,,,https://www.fda.gov/drugs/drug-trials-snapshots/drug-trials-snapshots-ohtuvayre
drug-trials-snapshots-scenesse,Scenesse,afamelanotide,2019,Immunology & dermatology,"SCENESSE is a drug for increasing pain-free light exposure in adult patients with a history of reactions to light (phototoxicity) from erythropoietic protoporphyria (EPP). EPP is a rare, inherited disease that generally starts early in life. Among other characteristics, patients with this disease have painful phototoxic episodes which lead to light avoidance and chronic skin changes.",244,47.1,fda-snapshot,19,31.6,-15.6,,,,,,https://web.archive.org/web/20230127052325/https://www.fda.gov/drugs/drug-approvals-and-databases/drug-trials-snapshots-scenesse
drug-trials-snapshots-praxbind,Praxbind,idarucizumab,2015,Hematology,"PRAXBIND is a drug to be used during emergency or life-threatening situations when there is a need to reverse the blood-thinning effects of Pradaxa, an anticoagulant, commonly called a “blood thinner”.",123,47.2,fda-snapshot,1235,44.1,-3.0,,,,,,https://web.archive.org/web/20230127052325/https://www.fda.gov/drugs/drug-approvals-and-databases/drug-trials-snapshots-praxbind
drug-trials-snapshots-retevmo,Retevmo,selpercatinib,2020,Oncology,RETEVMO is a drug used to treat certain cancers caused by abnormal RET (rearranged during transfection) genes in: adult patients with non-small cell lung cancer (NSCLC) which has spread to other parts of the body (metastatic). adults and children 12 years of age and older with advanced or metastatic medullary thyroid cancer (MTC).,1016,47.2,fda-snapshot,,,,,,,,,https://web.archive.org/web/20230127052325/https://www.fda.gov/drugs/development-approval-process-drugs/drug-trials-snapshots-retevmo
drug-trials-snapshot-benznidazole,Benznidazole,,2017,Infectious disease,"BENZNIDAZOLE is used to treat Chagas disease in children 2 to 12 years of age. Chagas disease is an infectious disease caused by a parasite (Trypanosoma [T.] cruzi). After years of infection, the parasites may cause serious and sometimes deadly heart conditions as well as serious nerve damage and digestion problems.",272,47.4,fda-snapshot,84,60.7,13.3,,,,,,https://web.archive.org/web/20230127052325/https://www.fda.gov/drugs/drug-approvals-and-databases/drug-trials-snapshot-benznidazole
drug-trials-snapshots-blenrep,Blenrep,belantamab mafodotin-blmf,2020,Oncology,"BLENREP is a drug used to treat a form of blood cancer called multiple myeloma. It is to be used in patients with whose cancer came back after, or did not respond to, at least four previous treatments.",97,47.4,fda-snapshot,1532,42.2,-5.2,,,,,,https://web.archive.org/web/20230127052325/https://www.fda.gov/drugs/drug-approvals-and-databases/drug-trials-snapshots-blenrep
drug-trials-snapshots-ojemda,Ojemda,tovorafenib,2024,Oncology,OJEMDA is a kinase inhibitor that is used to treat patients 6 months of age and older with relapsed or refractory pediatric low-grade glioma (LGG) harboring a BRAF fusion or rearrangement or BRAF V600 mutation.,76,47.4,fda-snapshot,31,58.1,10.7,,,,,,https://www.fda.gov/drugs/drug-trials-snapshots/drug-trials-snapshots-ojemda
drug-trials-snapshots-zokinvy,Zokinvy,lonafarnib,2020,Other,"ZOKINVY is a drug used in patients one year of age and older with a certain body surface area to lower the risk of death in Hutchinson-Gilford Progeria Syndrome (HGPS), or to treat certain processing-deficient progeroid laminopathies. HGPS and progeroid laminopathies are rare, inherited conditions that lead to premature aging and death because of certain gene mutations.",63,47.6,fda-snapshot,61,49.2,1.6,,,,,,https://web.archive.org/web/20230127052325/https://www.fda.gov/drugs/drug-approvals-and-databases/drug-trials-snapshots-zokinvy
drug-trials-snapshots-beyfortus,Beyfortus,nirsevimab,2023,Infectious disease,BEYFORTUS is indicated for the prevention of respiratory syncytial virus (RSV) lower respiratory tract disease in: Neonates and infants born during or entering their first RSV season Children up to 24 months of age who remain vulnerable to severe RSV disease through their second RSV season,3861,47.7,fda-snapshot,1318,43.5,-4.2,,,,,,https://www.fda.gov/drugs/drug-trials-snapshots/drug-trials-snapshots-beyfortus
drug-trials-snapshots-pretomanid,Pretomanid,Pre-TOH-mah-nid,2019,Infectious disease,PRETOMANID is a drug used for the treatment of lung tuberculosis (TB) in adults. It is to be used only when other drugs for the treatment of lung TB do not work (drug-resistant TB) or are not tolerated.,109,47.7,fda-snapshot,667,38.2,-9.5,,,,,,https://web.archive.org/web/20230127052325/https://www.fda.gov/drugs/drug-approvals-and-databases/drug-trials-snapshots-pretomanid
drug-trials-snapshots-detectnet,Detectnet,copper Cu 64 dotatate,2020,Imaging & diagnostics,DETECTNET is a drug for detection of the specific type of tumors called somatostatin receptor positive neuro-endocrine tumors (NETs) in adults. NETs are rare tumors that develop in certain hormone-producing cells of the body’s neuro-endocrine system.,175,48.0,fda-snapshot,35,80.0,32.0,,,,,,https://web.archive.org/web/20230127052325/https://www.fda.gov/drugs/drug-approvals-and-databases/drug-trials-snapshots-detectnet
drug-trials-snapshots-repatha,Repatha,evolocumab,2015,Cardiovascular,"REPATHA is a drug for the treatment of high LDL cholesterol, which is sometimes referred to as “bad cholesterol”. REPATHA is to be used in the following groups of patients: 1) patients with an inherited condition called heterozygous familial hypercholesterolemia (HeFH) or 2) patients who have had complications of having too much cholesterol, such as heart attacks and strokes. For these patients, i",4990,48.0,fda-snapshot,149144,58.3,10.4,107,52.1,1.29,0.87,1.89,https://web.archive.org/web/20230127052325/https://www.fda.gov/drugs/drug-approvals-and-databases/drug-trials-snapshots-repatha
drug-trials-snapshots-steglatro,Steglatro,ertugliflozin,2017,Metabolic & endocrine,STEGLATRO is a drug that improves blood sugar control in adults with type 2 diabetes when used in addition to diet and exercise.,6403,48.0,fda-snapshot,1029,55.0,7.0,22,,,,,https://web.archive.org/web/20230127052325/https://www.fda.gov/drugs/drug-approvals-and-databases/drug-trials-snapshots-steglatro
drug-trials-snapshots-elrexfio,Elrexfio,elranatamab-bcmm,2023,Oncology,"ELREXFIO is a drug used to treat a form of blood cancer called multiple myeloma. It is to be used in patients whose cancer came back after, or did not respond to, at least four previous treatment regimens, including a proteasome inhibitor, an immunomodulatory agent, and an anti-CD38 monoclonal antibody.",183,48.1,fda-snapshot,821,51.6,3.6,,,,,,https://www.fda.gov/drugs/drug-trials-snapshots/drug-trials-snapshots-elrexfio
drug-trials-snapshots-vitrakvi,Vitrakvi,larotrectinib,2018,Oncology,"VITRAKVI is a drug used to treat adult and pediatric patients whose cancers have a specific genetic feature (biomarker). It is to be used for patients with solid tumors that: are caused by certain abnormal NTRK genes and have spread or if surgery to remove their cancer is likely to cause severe complications, and there is no acceptable treatment, or the cancer grew or spread on other treatment.",231,48.1,fda-snapshot,746,50.4,2.4,,,,,,https://web.archive.org/web/20230127052325/https://www.fda.gov/drugs/drug-approvals-and-databases/drug-trials-snapshots-vitrakvi
drug-trials-snapshots-sarclisa,Sarclisa,isatuximab-irfc,2020,Oncology,"SARCLISA is a drug used to treat a form of blood cancer called multiple myeloma. SARCLISA is for adult patients whose cancer returned or did not respond to, at least two previous treatments for multiple myeloma. It is to be used in combination with two other drugs: dexamethasone (a type of corticosteroid) and pomalidomide.",307,48.2,fda-snapshot,4798,44.5,-3.7,,,,,,https://web.archive.org/web/20230127052325/https://www.fda.gov/drugs/drug-approvals-and-databases/drug-trials-snapshots-sarclisa
drug-trials-snapshots-rezlidhia,Rezlidhia,olutasidenib,,Oncology,REZLIDHIA is a prescription medicine used to treat adults with acute myeloid leukemia (AML) with an isocitrate dehydrogenase-1 (IDH1) mutation when the disease has come back (relapsed) or has not improved after one or more treatments (refractory). Your healthcare provider will perform a test to make sure that REZLIDHIA is right for you.,153,48.4,fda-snapshot,240,44.2,-4.2,,,,,,https://www.fda.gov/drugs/drug-trials-snapshots/drug-trials-snapshots-rezlidhia
drug-trials-snapshot-ensacove,Ensacove,ensartinib,2024,Oncology,ENSACOVE is a prescription medicine used to treat adult patients with anaplastic lymphoma kinase (ALK)-positive locally advanced or metastatic non-small cell lung cancer (NSCLC) who have not previously received an ALK-inhibitor.,290,48.6,fda-snapshot,23,47.8,-0.8,,,,,,https://www.fda.gov/drugs/drug-trials-snapshots/drug-trials-snapshot-ensacove
drug-trials-snapshots-ebglyss,Ebglyss,lebrikizumab-lbkz,2024,Immunology & dermatology,EBGLYSS is an interleukin-13 antagonist indicated for the treatment of adult and pediatric patients 12 years of age and older who weigh at least 40 kg with moderate to severe atopic dermatitis (AD) whose disease is not adequately controlled with topical prescription therapies or when those therapies are not advisable.,211,48.8,fda-snapshot,1538,58.3,9.4,,,,,,https://www.fda.gov/drugs/drug-trials-snapshots/drug-trials-snapshots-ebglyss
drug-trials-snapshot-briviact,Briviact,,2016,Neurology,BRIVIACT is a drug for the treatment of specific type of seizures called partial-onset seizures in patients 16 years of age and older with epilepsy. Epilepsy is a brain disorder that causes people to have recurring seizures. BRIVIACT is to be used in combination with other anti-epileptic drugs that treat the same type of seizures.,1099,49.0,fda-snapshot,6682,54.0,5.0,,,,,,https://web.archive.org/web/20230127052325/https://www.fda.gov/drugs/drug-approvals-and-databases/drug-trials-snapshot-briviact
drug-trials-snapshot-lenvima,Lenvima,N=261,2015,Oncology,LENVIMA is a medicine used to treat people with a type of thyroid cancer called differentiated thyroid cancer (DTC) that is progressing and can no longer be treated with a therapy called radioactive iodine. LENVIMA is a type of drug called a kinase inhibitor that works by blocking certain proteins from helping cancer cells grow and divide.,392,49.0,fda-snapshot,31112,50.7,1.8,,,,,,https://web.archive.org/web/20230127052325/https://www.fda.gov/drugs/drug-approvals-and-databases/drug-trials-snapshot-lenvima
drug-trials-snapshots-trikafta,Trikafta,elexacaftor/tezacaftor/ivacaftor; ivacaftor,2019,Respiratory,"TRIKAFTA is a drug for the treatment of cystic fibrosis (CF) in patients 12 years and older, who have the most common CF mutation (F508del mutation in the cystic fibrosis transmembrane conductance regulator [CFTR] gene). CF is a rare and serious genetic disorder that results in the formation of thick mucus that builds up in the lungs and other parts of the body. This can lead to severe breathing problems.",913,49.0,fda-snapshot,10497,58.1,9.2,,,,,,https://web.archive.org/web/20230127052325/https://www.fda.gov/drugs/drug-approvals-and-databases/drug-trials-snapshots-trikafta
drug-trials-snapshot-crenessity,Crenessity,crinecerfont,2024,Urology & nephrology,CRENESSITY is a corticortopin-releasing factor type 1 receptor antagonist to be used together with glucocorticoids (steroids) to control androgen levels in adults and pediatric patients aged 4 years and older with classic congenital adrenal hyperplasia.,285,49.1,fda-snapshot,,,,,,,,,https://www.fda.gov/drugs/drug-trials-snapshots/drug-trials-snapshot-crenessity
drug-trials-snapshots-idhifa,Idhifa,enasidenib,2017,Oncology,IDHIFA is used to treat adults with acute myeloid leukemia (AML) that have a mutation in a gene called IDH2 and whose disease has come back or has not improved after previous treatment(s). AML is a rapidly progressing cancer that forms in the bone marrow and results in an increased number of white blood cells in the bloodstream.,214,49.1,fda-snapshot,3088,42.0,-7.0,,,,,,https://web.archive.org/web/20230127052325/https://www.fda.gov/drugs/drug-approvals-and-databases/drug-trials-snapshots-idhifa
drug-trials-snapshots-enflonsia,Enflonsia,clesrovimab,2025,Infectious disease,ENFLONSIA is a monoclonal antibody that is indicated for the prevention of respiratory syncytial virus (RSV) lower respiratory tract disease in neonates and infants who are born during or entering their first RSV season.,4510,49.2,fda-snapshot,6,100.0,50.8,,,,,,https://www.fda.gov/drugs/drug-trials-snapshots/drug-trials-snapshots-enflonsia
drug-trials-snapshots-orkambi,Orkambi,lumacaftor/ivacaftor,2015,Respiratory,ORKAMBI is a treatment for cystic fibrosis (CF) in patients 12 years and older with two copies of a specific gene mutation called F508del. Having two copies of this mutation (one inherited from each parent) is the leading cause of CF. CF is a serious genetic disorder that results in the formation of thick mucus that builds up in the lungs and other parts of the body. This can lead to severe breathing problems.,1108,49.2,fda-snapshot,7844,51.7,2.5,,,,,,https://web.archive.org/web/20230127052325/https://www.fda.gov/drugs/drug-approvals-and-databases/drug-trials-snapshots-orkambi
drug-trials-snapshots-sunosi,Sunosi,solriamfetol,2018,Neurology,SUNOSI is a drug used to improve wakefulness in adults with narcolepsy or obstructive sleep apnea (OSA). Narcolepsy is a sleep disorder with excessive daytime drowsiness and sudden attacks of sleep. Obstructive sleep apnea (OSA) is a sleep disorder with frequent sleep disruptions because of the blocked the airway. This leads to poor sleep and daytime drowsiness.,622,49.2,fda-snapshot,3460,74.0,24.8,,,,,,https://web.archive.org/web/20230127052325/https://www.fda.gov/drugs/drug-approvals-and-databases/drug-trials-snapshots-sunosi
drug-trials-snapshots-kanuma,Kanuma,,2015,Cardiovascular,"KANUMA is a treatment for patients with a rare disease known as Lysosomal Acid Lipase (LAL) deficiency. Patients with LAL deficiency have no or little LAL enzyme activity. This results in a build-up of fats within the cells of various tissues that can lead to liver, heart, and blood vessel disease and other complications. LAL deficiency has two forms.",75,49.3,fda-snapshot,,,,,,,,,https://web.archive.org/web/20230127052325/https://www.fda.gov/drugs/drug-approvals-and-databases/drug-trials-snapshots-kanuma
drug-trials-snapshots-xcopri,Xcopri,cenobamate,2019,Neurology,XCOPRI is a drug for the treatment of specific type of seizures called partial-onset seizures in adult patients. Partial-onset seizures occur when clusters of nerve cells (neurons) undergo uncontrolled activation in a limited area of the brain.,655,49.3,fda-snapshot,1238,55.7,6.4,,,,,,https://web.archive.org/web/20230127052325/https://www.fda.gov/drugs/drug-approvals-and-databases/drug-trials-snapshots-xcopri
drug-trials-snapshots-zelsuvmi,Zelsuvmi,berdazimer,2024,Other,ZELSUVMI is a nitric oxide releasing agent that is indicated for the topical treatment of molluscum contagiosum (MC) in adults and pediatric patients 1 year of age and older.,1598,49.4,fda-snapshot,43,72.1,22.7,,,,,,https://www.fda.gov/drugs/drug-trials-snapshots/drug-trials-snapshots-zelsuvmi
drug-trial-snapshot-tauvid,Tauvid,flortaucipir F 18,2020,Imaging & diagnostics,"TAUVID is a drug for the visual detection of aggregated neurofibrillary tangles or NFTs in the brain of adult patients with suspected Alzheimer’s disease (AD). NFTs are deposits of tau protein that are present in the brains of patients with AD. Alzheimer’s disease is a common degenerative disease of the brain that starts with mild thinking, judging and memory problems and progresses to dementia and death.",2081,49.5,fda-snapshot,,,,,,,,,https://web.archive.org/web/20230127052325/https://www.fda.gov/drugs/drug-approvals-and-databases/drug-trial-snapshot-tauvid
drug-trials-snapshots-nourianz,Nourianz,istradefylline,2019,Neurology,"NOURIANZ is a drug used to treat “off” episodes in patients with Parkinson’s disease (PD). An “off” episode is a time when a patient’s medications are not working well, leading to an increase in Parkinson’s symptoms, such as tremor and difficulty walking.",1160,49.5,fda-snapshot,948,39.6,-9.9,,,,,,https://web.archive.org/web/20230127052325/https://www.fda.gov/drugs/drug-approvals-and-databases/drug-trials-snapshots-nourianz
drug-trials-snapshots-wakix,Wakix,pitolisant,2019,Neurology,WAKIX is a drug used to treat excessive daytime sleepiness in adults with narcolepsy. Narcolepsy is a sleep disorder with excessive daytime sleepiness. Some patients with narcolepsy also experience sudden loss of muscle tone (cataplexy).,426,49.5,fda-snapshot,1846,70.4,20.8,,,,,,https://web.archive.org/web/20230127052325/https://www.fda.gov/drugs/drug-approvals-and-databases/drug-trials-snapshots-wakix
drug-trials-snapshots-aemcolo,Aemcolo,rifamycin,2018,Gastroenterology,"AEMCOLO is a drug for the treatment of adult patients with travelers’ diarrhea which is caused by noninvasive type of Escherichia coli, and not complicated by fever or blood in the stool. Travelers' diarrhea is a condition defined by having three or more unformed stools in 24 hours, in a person who is traveling.",1363,49.7,fda-snapshot,,,,,,,,,https://web.archive.org/web/20230127052325/https://www.fda.gov/drugs/drug-approvals-and-databases/drug-trials-snapshots-aemcolo
drug-trials-snapshots-kimmtrak,Kimmtrak,tebentafusp,2022,Oncology,Kimmtrak is a drug used to treat adult patients with a type of eye cancer called uveal melanoma. It is to be used in patients who have a specific type of gene marker measured from blood called HLA-A*02:01. It should be used only in patients whose cancer cannot be removed by surgery or has spread to other parts of the body (metastatic).,378,49.7,fda-snapshot,302,51.3,1.6,,,,,,https://www.fda.gov/drugs/drug-trials-snapshots/drug-trials-snapshots-kimmtrak
drug-trials-snapshots-tibsovo,Tibsovo,ivosidenib,2018,Oncology,TIBSOVO is used to treat adults with acute myeloid leukemia (AML) that have a mutation in a gene called IDH1 and whose disease has come back or has not improved after previous treatment(s). AML is a rapidly progressing cancer that forms in the bone marrow and can result in an increased number of white blood cells in the bloodstream.,179,49.7,fda-snapshot,435,48.5,-1.2,,,,,,https://web.archive.org/web/20230127052325/https://www.fda.gov/drugs/drug-approvals-and-databases/drug-trials-snapshots-tibsovo
drug-trial-snapshot-xofluza,Xofluza,baloxavir marboxil,2018,Infectious disease,XOFLUZA is a drug to treat the flu (influenza) in people 12 years of age and older who have had flu symptoms for no more than 48 hours.,1119,49.8,fda-snapshot,1785,53.9,4.1,,,,,,https://web.archive.org/web/20230127052325/https://www.fda.gov/drugs/drug-approvals-and-databases/drug-trial-snapshot-xofluza
drug-trials-snapshots-symdeko,Symdeko,tezacaftor/ivacaftor,2018,Respiratory,"SYMDEKO is a drug for the treatment of cystic fibrosis (CF) in patients 12 years and older, who have specific gene mutations. CF is a serious genetic disorder that results in the formation of thick mucus that builds up in the lungs and other parts of the body. This can lead to severe breathing problems.",1593,50.0,fda-snapshot,5056,58.0,8.1,,,,,,https://web.archive.org/web/20230127052325/https://www.fda.gov/drugs/drug-approvals-and-databases/drug-trials-snapshots-symdeko
drug-trials-snapshots-xermelo,Xermelo,telotristat ethyl,2017,Oncology,XERMELO is a drug used to treat diarrhea in adult patients with carcinoid syndrome. It is to be used in patients who did not reach adequate control of the diarrhea despite taking medicines for the carcinoid syndrome called somatostatin analog (SSA) therapy. Carcinoid syndrome is a group of various signs and symptoms of a rare type of tumors called carcinoid tumors.,90,50.0,fda-snapshot,5088,56.1,6.1,,,,,,https://web.archive.org/web/20230127052325/https://www.fda.gov/drugs/drug-approvals-and-databases/drug-trials-snapshots-xermelo
drug-trial-snapshot-palynziq,Palynziq,pegvaliase-pqpz,2018,Metabolic & endocrine,"PALYNZIQ is a drug used to lower blood levels of phenylalanine in adults with phenylketonuria (PKU), who have high phenylalanine blood levels on current treatment. Phenylketonuria is a rare inherited disorder that, if left untreated, causes brain damage and disability because of buildup of phenylalanine in the body.",371,50.1,fda-snapshot,4634,61.5,11.3,,,,,,https://web.archive.org/web/20230127052325/https://www.fda.gov/drugs/drug-approvals-and-databases/drug-trial-snapshot-palynziq
drug-trials-snapshots-paxlovid,Paxlovid,nirmatrelvir/ritonavir,2023,Infectious disease,"PAXLOVID is a prescription medicine that is used to treat mild-to-moderate coronavirus disease 2019 (COVID-19) in adults who are at high risk for progression to severe COVID-19, including hospitalization or death.",3188,50.4,fda-snapshot,48318,64.7,14.3,587,58.5,1.3,1.1,1.52,https://www.fda.gov/drugs/development-approval-process-drugs/drug-trials-snapshots-paxlovid
drug-trials-snapshots-evrysdi,Evrysdi,risdiplam,2020,Neurology,EVRYSDI is a drug for the treatment of spinal muscular atrophy (SMA) in patients 2 months of age and older. Spinal muscular atrophy is a rare genetic disease that affects mostly children and young adults. It is caused by a low level of protein in the motor neurons that are responsible for normal muscle functioning.,180,50.6,fda-snapshot,,,,,,,,,https://web.archive.org/web/20230127052325/https://www.fda.gov/drugs/drug-approvals-and-databases/drug-trials-snapshots-evrysdi
drug-trials-snapshots-redemplo,Redemplo,plozasiran,2025,Other,REDEMPLO is a prescription medicine (an apolipoprotein C-III [APOC-III]–directed small interfering ribonucleic acid) that is used along with a low-fat diet to reduce triglycerides in adults with familial chylomicronemia syndrome (FCS). FCS is a rare genetic disorder that prevents the body from breaking down fats.,75,50.7,fda-snapshot,46,56.5,5.9,,,,,,https://www.fda.gov/drugs/drug-trials-snapshots/drug-trials-snapshots-redemplo
drug-trials-snapshots-yupelri,Yupelri,revefenacin,2018,Respiratory,YUPELRI is a drug for the maintenance treatment of adults with a lung disease called COPD (chronic obstructive pulmonary disease).,813,50.7,fda-snapshot,759,61.7,11.0,,,,,,https://web.archive.org/web/20230127052325/https://www.fda.gov/drugs/drug-approvals-and-databases/drug-trials-snapshots-yupelri
drug-trials-snapshots-sephience,Sephience,sepiapterin,2025,Metabolic & endocrine,SEPHIENCE is a prescription medicine used to lower blood levels of phenylalanine (Phe) in adults and children 1 month of age and older with a certain type of phenylketonuria (PKU). SEPHIENCE is used along with a Phe-restricted diet.,98,51.0,fda-snapshot,43,72.1,21.1,,,,,,https://www.fda.gov/drugs/drug-trials-snapshots/drug-trials-snapshots-sephience
drug-trials-snapshots-modeyso,Modeyso,dordaviprone,2025,Oncology,MODEYSO is a prescription drug used for the treatment of adult and pediatric patients 1 year of age and older with diffuse midline glioma harboring an H3 K27M mutation with progressive disease following prior therapy.,426,51.2,fda-snapshot,74,32.4,-18.7,,,,,,https://www.fda.gov/drugs/drug-trials-snapshots/drug-trials-snapshots-modeyso
drug-trial-snapshot-gavreto,Gavreto,pralsetinib,2020,Oncology,GAVRETO is a drug used to treat adult patients with non-small cell lung cancer (NSCLC) which has spread to other parts of the body (metastatic) and is caused by abnormal RET (rearranged during transfection) genes.,334,51.5,fda-snapshot,1446,56.5,5.0,,,,,,https://web.archive.org/web/20230127052325/https://www.fda.gov/drugs/drug-approvals-and-databases/drug-trial-snapshot-gavreto
drug-trials-snapshots-strensiq,Strensiq,asfotase alfa,2015,Metabolic & endocrine,"STRENSIQ is a drug that treats perinatal/infantile-, and juvenile-onset hypophosphatasia, referred to as HPP. HPP is a rare, genetic, progressive, metabolic disease in which patients experience devastating effects on multiple systems in the body, leading to severe disability and life-threatening complications.",99,51.5,fda-snapshot,8632,72.9,21.4,,,,,,https://web.archive.org/web/20230127052325/https://www.fda.gov/drugs/drug-approvals-and-databases/drug-trials-snapshots-strensiq
drug-trials-snapshots-joenja,Joenja,leniolisib,2023,Infectious disease,JOENJA is a kinase inhibitor that is used to treat activated phosphoinositide 3-kinase delta (PI3Kδ) syndrome (APDS) in adult and pediatric patients 12 years of age and older who weigh at least 45 kg. APDS is an inherited disease that impacts the immune system. APDS often causes a decrease in T and B cells that fight infection as well as an increase in lymph node size.,31,51.6,fda-snapshot,,,,,,,,,https://www.fda.gov/drugs/drug-trials-snapshots/drug-trials-snapshots-joenja
drug-trial-snapshot-sogroya,Sogroya,somapacitan-beco,2020,Metabolic & endocrine,SOGROYA is a drug for replacement of growth hormone in adults with growth hormone deficiency (GHD). GHD is a condition when body doesn’t produce enough growth hormone on its own. Growth hormone regulates many functions in the body including accumulation of fat in the trunk or central area of the body that can be associated with serious medical issues.,300,51.7,fda-snapshot,143,39.2,-12.5,,,,,,https://web.archive.org/web/20230127052325/https://www.fda.gov/drugs/drug-approvals-and-databases/drug-trial-snapshot-sogroya
drug-trials-snapshot-netspot,Netspot,,2016,Imaging & diagnostics,NETSPOT is a drug for detection of a specific type of tumors called somatostatin receptor positive neuro-endocrine tumors (NETs). NETs are rare tumors that develop in certain hormone-producing cells of the body’s neuro-endocrine system.,265,51.7,fda-snapshot,142,60.6,8.9,,,,,,https://web.archive.org/web/20230127052325/https://www.fda.gov/drugs/drug-approvals-and-databases/drug-trials-snapshot-netspot
drug-trials-snapshot-tepmetko,Tepmetko,tepotinib,2021,Oncology,TEPMETKO is a drug used to treat adult patients with a type of non-small cell lung cancer (NSCLC) which has a specific set of gene alterations and has spread to other parts of the body (metastatic).,255,51.8,fda-snapshot,625,54.2,2.5,,,,,,https://web.archive.org/web/20230127052325/https://www.fda.gov/drugs/drug-approvals-and-databases/drug-trials-snapshot-tepmetko
drug-trials-snapshots-imcivree,Imcivree,setmelanotide,2020,Metabolic & endocrine,"IMCIVREE is a drug used for long-lasting weight management in patients 6 years and older who are obese because of a specific enzyme deficiency [(proopiomelanocortin (POMC), proprotein convertase subtilisin/kexin type 1 (PCSK1), or leptin receptor (LEPR) deficiency)].",27,51.9,fda-snapshot,145,65.5,13.7,,,,,,https://web.archive.org/web/20230127052325/https://www.fda.gov/drugs/drug-trials-snapshots-imcivree
drug-trials-snapshots-ultomiris,Ultomiris,ravulizumab-cwvz,2018,Hematology,"ULTOMIRIS is a drug used to treat adults with a disease called paroxysmal nocturnal hemoglobinuria (PNH). PNH is a rare, life-threatening disease in which the bone marrow does not produce enough blood cells and red blood cells break apart prematurely (called hemolysis).",678,51.9,fda-snapshot,11544,54.1,2.2,,,,,,https://web.archive.org/web/20230127052325/https://www.fda.gov/drugs/drug-approvals-and-databases/drug-trials-snapshots-ultomiris
drug-trial-snapshot-bridion,Bridion,sugammadex,2015,Neurology,"BRIDION is an injection intended to reverse the effects of certain neuromuscular blocking drugs, called rocuronium bromide and vecuronium bromide, which are used during certain types of surgery in adults. Neuromuscular blocking drugs are used to paralyze the vocal cords when patients require an artificial airway or breathing tube for surgery.",4064,52.0,fda-snapshot,2343,52.4,0.4,,,,,,https://web.archive.org/web/20230127052325/https://www.fda.gov/drugs/drug-approvals-and-databases/drug-trial-snapshot-bridion
drug-trials-snapshots-lerochol,Lerochol,lerodalcibep-liga,2025,Cardiovascular,LEROCHOL to reduce low-density lipoprotein cholesterol in adults with hypercholesterolemia.,159,52.2,fda-snapshot,,,,,,,,,https://www.fda.gov/drugs/drug-trials-snapshots/drug-trials-snapshots-lerochol
drug-trials-snapshots-dojolvi,Dojolvi,triheptanoin,2020,Other,"DOJOLVI is a drug that provides calories and fatty acids for pediatric and adult patients with long-chain fatty acid oxidation disorder. Long-chain fatty acid oxidation disorders (LC-FAOD) are a group of rare, genetic, life threatening disorders caused by defects in the enzymes needed to produce the energy from fatty acids.",111,52.3,fda-snapshot,484,48.8,-3.5,,,,,,https://web.archive.org/web/20230127052325/https://www.fda.gov/drugs/drug-approvals-and-databases/drug-trials-snapshots-dojolvi
drug-trials-snapshots-leqembi,Leqembi,lecanemab-irmb,2023,Neurology,"LEQEMBI is a prescription medicine used to treat people with Alzheimer’s disease. Alzheimer’s disease is a common degenerative disease of the brain that starts with mild thinking, judging, and memory problems and progresses to dementia and death.",1795,52.3,fda-snapshot,3219,58.5,6.3,,,,,,https://www.fda.gov/drugs/drug-trials-snapshots/drug-trials-snapshots-leqembi
drug-trial-snapshot-xepi,Xepi,,2017,Infectious disease,XEPI is a drug for treatment of impetigo due to certain bacteria (Staphylococcus aureus or Streptococcus pyogenes) in patients 2 months of age and older. Impetigo is a contagious bacterial skin infection that occurs primarily in children.,206,52.4,fda-snapshot,,,,,,,,,https://web.archive.org/web/20230127052325/https://www.fda.gov/drugs/drug-approvals-and-databases/drug-trial-snapshot-xepi
drug-trials-snapshots-byfavo,Byfavo,remimazolam,2020,Other,BYFAVO is a drug used to start and maintain sedation in adults undergoing short (less than 30 minutes) procedures.,967,52.4,fda-snapshot,89,40.4,-12.0,,,,,,https://web.archive.org/web/20230127052325/https://www.fda.gov/drugs/drug-approvals-and-databases/drug-trials-snapshots-byfavo
drug-trials-snapshot-zemdri,Zemdri,plazomicin,2018,Infectious disease,ZEMDRI is used to treat adults who have a complicated urinary tract infection (abbreviated as cUTI) including infection of the kidneys (pyelonephritis) caused by specific bacteria. It should be used only when few or no other treatment options are available.,604,52.6,fda-snapshot,2,0.0,-52.6,,,,,,https://web.archive.org/web/20230127052325/https://www.fda.gov/drugs/drug-approvals-and-databases/drug-trials-snapshot-zemdri
drug-trials-snapshots-xdemvy,Xdemvy,lotilaner ophthalmic solution,2023,Infectious disease,XDEMVY is an ectoparasiticide that treats Demodex blepharitis. Blepharitis is a type of eyelid infection.,418,52.6,fda-snapshot,1523,69.9,17.2,,,,,,https://www.fda.gov/drugs/drug-trials-snapshots/drug-trials-snapshots-xdemvy
drug-trial-snapshot-gamifant,Gamifant,emapalumab-lzsg,2018,Other,"GAMIFANT is used to treat patients with primary hemophagocytic lymphohistiocytosis (HLH) who have been previously treated for the disease and whose disease has come back or progressed, or other medicines have not worked well enough or cannot be tolerated. Primary HLH is an inherited form of HLH- a rare and life-threatening disorder.",34,52.9,fda-snapshot,174,48.9,-4.1,,,,,,https://web.archive.org/web/20230127052325/https://www.fda.gov/drugs/drug-approvals-and-databases/drug-trial-snapshot-gamifant
drug-trial-snapshot-xospata,Xospata,gilteritinib,2018,Oncology,XOSPATA is used to treat adults with acute myeloid leukemia (AML) that have a mutation in a gene called FLT3 and whose disease has come back or has not improved after previous treatment(s). AML is a rapidly progressing cancer that forms in the bone marrow and results in an increased number of white blood cells in the bloodstream.,430,53.0,fda-snapshot,,,,,,,,,https://web.archive.org/web/20230127052325/https://www.fda.gov/drugs/resources-information-approved-drugs/drug-trial-snapshot-xospata
drug-trials-snapshots-sofdra,Sofdra,sofpironium bromide,2024,Other,SOFDRA is an anticholinergic antiperspirant approved for primary axillary hyperhidrosis in adult and pediatric patients 9 years of age and older.,1275,53.0,fda-snapshot,220,72.7,19.7,,,,,,https://www.fda.gov/drugs/drug-trials-snapshots/drug-trials-snapshots-sofdra
drug-trial-snapshot-diacomit,Diacomit,stiripentol,2018,Neurology,DIACOMIT is a drug used along with another drug (clobazam) to treat seizures in patients with Dravet syndrome who are 2 years of age or older. Dravet syndrome is a rare and severe form of epilepsy that starts in early childhood. It is associated with difficult to control seizures and various degrees of development disability.,64,53.1,fda-snapshot,1392,51.1,-2.0,,,,,,https://web.archive.org/web/20230127052325/https://www.fda.gov/drugs/drug-approvals-and-databases/drug-trial-snapshot-diacomit
drug-trials-snapshots-dawnzera,Dawnzera,donidalorsen,2025,Other,DAWNZERA is a prekallikrein-directed antisense oligonucleotide indicated for prophylaxis to prevent attacks of hereditary angioedema (HAE) in adult and pediatric patients 12 years of age and older.,90,53.3,fda-snapshot,1,0.0,-53.3,,,,,,https://www.fda.gov/drugs/drug-trials-snapshots/drug-trials-snapshots-dawnzera
drug-trials-snapshots-aliqopa,Aliqopa,copanlisib,2017,Oncology,"ALIQOPA is used to treat adults with follicular lymphoma whose disease has come back after at least two previous treatments. Follicular lymphoma is a slow-growing cancer of the lymph system, which is part of the body’s immune system.",168,53.6,fda-snapshot,,,,,,,,,https://web.archive.org/web/20230127052325/https://www.fda.gov/drugs/drug-approvals-and-databases/drug-trials-snapshots-aliqopa
drug-trials-snapshots-pombiliti,Pombiliti,cipaglucosidase alfa-atga,2023,Metabolic & endocrine,POMBILITI is an enzyme used for the treatment of adult patients with late-onset Pompe disease (LOPD) weighing ≥40 kg and who are not improving on their current enzyme replacement therapy. POMBILITI is approved for use in combination with Opfolda.,274,53.6,fda-snapshot,70,57.1,3.5,,,,,,https://www.fda.gov/drugs/drug-trials-snapshots/drug-trials-snapshots-pombiliti
drug-trial-snapshot-evkeeza,Evkeeza,evinacumab-dgnb,2021,Cardiovascular,EVKEEZA is a prescription medicine used along with other low-density lipoprotein (LDL) lowering medicines in people older than 12 years of age with a type of high cholesterol called homozygous familial hypercholesterolemia (HoFH).,65,54.0,carmeli-2023,,,,,,,,,https://web.archive.org/web/20230127052325/https://www.fda.gov/drugs/drug-approvals-and-databases/drug-trial-snapshot-evkeeza
drug-trials-snapshots-aklief,Aklief,trifarotene,2019,Immunology & dermatology,"AKLIEF is a drug used on the skin to treat acne vulgaris in patients 9 years and older. Acne vulgaris is a skin disease characterized by blackheads, whiteheads, pimples, and sometimes oily skin and scarring.",2873,54.0,fda-snapshot,88,88.6,34.7,6,,,,,https://web.archive.org/web/20230127052325/https://www.fda.gov/drugs/drug-approvals-and-databases/drug-trials-snapshots-aklief
drug-trials-snapshot-ebanga,Ebanga,ansuvimab-zykl,2020,Infectious disease,"EBANGA is a drug used to treat children and adults who have an infection caused by Zaire ebolavirus . Zaire ebolavirus infection (sometimes called Ebola or Ebola virus disease) is a rare, contagious, rapidly progressive and often deadly disease.",342,54.1,fda-snapshot,3,66.7,12.6,,,,,,https://web.archive.org/web/20230127052325/https://www.fda.gov/drugs/drug-approvals-and-databases/drug-trials-snapshot-ebanga
drug-trials-snapshots-lampit,Lampit,nifurtimox,2020,Infectious disease,"LAMPIT is a drug used to treat Chagas disease in children less than 18 years of age. Chagas disease is an infectious disease caused by a parasite (Trypanosoma [T.] cruzi). After years of infection, the parasites may cause serious and sometimes deadly heart conditions as well as serious gut and nerve damage.",219,54.3,fda-snapshot,21,81.0,26.6,,,,,,https://web.archive.org/web/20230127052325/https://www.fda.gov/drugs/development-approval-process-drugs/drug-trials-snapshots-lampit
drug-trial-snapshots-bevyxxa,Bevyxxa,,2017,Cardiovascular,BEVYXXA is a drug known as a “blood thinner” that helps prevent venous thromboembolism (VTE) in hospitalized adult patients who at risk for developing VTE. VTE is a condition characterized by the formation of a blood clot in a deep vein (deep vein thrombosis or DVT) which may be complicated by breaking off of the clot which can then travel to the lung and cause serious and sometimes fatal pulmonary embolism (PE).,7513,54.4,fda-snapshot,,,,,,,,,https://web.archive.org/web/20230127052325/https://www.fda.gov/drugs/drug-approvals-and-databases/drug-trial-snapshots-bevyxxa
drug-trials-snapshots-alecensa,Alecensa,alectinib,2015,Oncology,"ALECENSA is a drug used to treat a type of lung cancer called non-small cell lung cancer (NSCLC) that is advanced (metastatic). It is to be used in patients who have a specific gene rearrangement in what is called the anaplastic lymphoma kinase (ALK) gene. It should be used only in patients whose cancer has worsened after, or who could not tolerate treatment with, another drug called Xalkori (crizotinib).",253,54.5,fda-snapshot,6627,60.3,5.7,,,,,,https://web.archive.org/web/20230127052325/https://www.fda.gov/drugs/drug-approvals-and-databases/drug-trials-snapshots-alecensa
drug-trials-snapshots-vanflyta,Vanflyta,quizartinib,2023,Imaging & diagnostics,VANFLYTA is a kinase inhibitor (a kinase is a type of protein that regulates the function of cells in your body) that is used in combination with certain chemotherapy medicines and alone as maintenance therapy to treat adults with newly diagnosed acute myeloid leukemia (AML) with a specific mutation called FLT3 internal tandem duplication (FLT3-ITD) mutation.,539,54.5,fda-snapshot,601,52.9,-1.6,,,,,,https://www.fda.gov/drugs/drug-trials-snapshots/drug-trials-snapshots-vanflyta
drug-trials-snapshots-elucirem,Elucirem,gadopiclenol,2022,Imaging & diagnostics,"ELUCIREM is a gadolinium-based contrast agent that is used during magnetic resonance imaging (MRI) in adult and pediatric patients aged 2 years and older to detect and visualize lesions with abnormal blood supply in the brain, spine, head and neck, thorax, abdomen, pelvis, and musculoskeletal system.",1755,54.6,fda-snapshot,70,72.9,18.3,,,,,,https://www.fda.gov/drugs/drug-trials-snapshots/drug-trials-snapshots-elucirem
drug-trials-snapshot-fetroja,Fetroja,cefiderocol,2018,Infectious disease,FETROJA is used to treat adults who have a complicated urinary tract infection (abbreviated as cUTI) including infection of the kidneys (pyelonephritis) caused by specific bacteria. It should be used only when few or no other treatment options are available.,448,54.7,fda-snapshot,205,42.4,-12.2,,,,,,https://web.archive.org/web/20230127052325/https://www.fda.gov/drugs/drug-approvals-and-databases/drug-trials-snapshot-fetroja
drug-trials-snapshots-inmazeb,Inmazeb,"atoltivimab, maftivimab, and odesivimab-ebgn",2020,Infectious disease,"INMAZEB is a drug used to treat pediatric and adult patients who have an infection caused by Zaire ebolavirus . Zaire ebolavirus infection (sometimes called Ebola or Ebola virus disease) is a rare, contagious, rapidly progressive and often deadly disease.",322,55.0,fda-snapshot,,,,,,,,,https://web.archive.org/web/20230127052325/https://www.fda.gov/drugs/drug-approvals-and-databases/drug-trials-snapshots-inmazeb
drug-trials-snapshot-eucrisa,Eucrisa,crisaborole,2016,Immunology & dermatology,EUCRISA is a drug for treatment of mild to moderate atopic dermatitis in patients 2 years of age and older. Atopic dermatitis is an inflammatory skin disease that occurs primarily in children and younger adults.,250,55.2,fda-snapshot,8411,65.2,10.0,,,,,,https://web.archive.org/web/20230127052325/https://www.fda.gov/drugs/drug-approvals-and-databases/drug-trials-snapshot-eucrisa
drug-trials-snapshots-rivfloza,Rivfloza,nedosiran,2023,Urology & nephrology,"RIVFLOZA reduces urine oxalate in children 9 years of age and older and adults with primary hyperoxaluria type 1 (PH1) and relatively preserved kidney function. PH1 is a rare disease in which urine oxalate is too high, which over time can harm the kidneys.",29,55.2,fda-snapshot,7,71.4,16.3,,,,,,https://www.fda.gov/drugs/drug-trials-snapshots/drug-trials-snapshots-rivfloza
drug-trials-snapshots-adakveo,Adakveo,,2019,Hematology,"ADAKVEO is used to reduce the frequency of certain crises episodes (called vaso-oclusive crises) in patients 16 years of age and older who have sickle cell disease. Sickle cell is an inherited blood disorder in which the red blood cells are abnormally shaped (in a crescent or ""sickle"" shape).",132,55.3,fda-snapshot,1137,61.9,6.6,,,,,,https://web.archive.org/web/20230127052325/https://www.fda.gov/drugs/drug-approvals-and-databases/drug-trials-snapshots-adakveo
drug-trials-snapshots-rozlytrek,Rozlytrek,entrectinib,2019,Oncology,ROZLYTREK is a drug used to treat adult and adolescent patients (12 to 17 years old) whose cancers have a specific genetic feature (biomarker).,409,55.3,fda-snapshot,1466,56.1,0.8,,,,,,https://web.archive.org/web/20230127052325/https://www.fda.gov/drugs/drug-approvals-and-databases/drug-trials-snapshots-rozlytrek
drug-trials-snapshots-krazati,Krazati,adagrasib,,Oncology,"KRAZATI is a prescription medicine used to treat adult patients with non-small cell lung cancer (NSCLC) that has an abnormal KRAS G12C gene mutation, is locally advanced or has spread to other parts of the body (metastatic), and has progressed on or after one prior treatment.",112,55.4,fda-snapshot,802,58.6,3.2,,,,,,https://www.fda.gov/drugs/drug-approvals-and-databases/drug-trials-snapshots-krazati
drug-trials-snapshots-spinraza,Spinraza,nusinersen,2016,Neurology,"SPINRAZA is a drug for the treatment of spinal muscular atrophy (SMA). Spinal muscular atrophy is a rare genetic disease that affects mostly children and young adults. It is caused by a low level of protein in the motor neuron that are responsible for normal muscle functioning. The lack of protein causes motor neuron loss, progressive muscle weakness and may lead to premature death from respiratory failure.",121,55.4,fda-snapshot,6906,50.8,-4.6,,,,,,https://web.archive.org/web/20230127052325/https://www.fda.gov/drugs/drug-approvals-and-databases/drug-trials-snapshots-spinraza
drug-trials-snapshots-rydapt,Rydapt,midostaurin,2017,Oncology,"RYDAPT is used to treat adults with acute myeloid leukemia (AML) that has a mutation in a gene called FLT3, in combination with chemotherapy. AML is a rapidly progressing cancer that forms in the bone marrow and results in an increased number of white blood cells in the bloodstream.",717,55.5,fda-snapshot,1675,46.7,-8.8,,,,,,https://web.archive.org/web/20230127052325/https://www.fda.gov/drugs/drug-approvals-and-databases/drug-trials-snapshots-rydapt
drug-trials-snapshots-lartruvo,Lartruvo,olaratumab,2016,Oncology,"LARTRUVO is a drug used to treat a type of cancer called soft tissue sarcoma. It is to be used in adult patients together with another anti-cancer drug called doxorubicin when radiation or surgery is not possible. Soft tissue sarcoma (STS) is a rare type of cancer that begins in the soft tissues of the body, such as muscles, tendons, fat, and blood vessels. There are more than 50 different types of STS.",133,55.6,fda-snapshot,,,,,,,,,https://web.archive.org/web/20230127052325/https://www.fda.gov/drugs/drug-approvals-and-databases/drug-trials-snapshots-lartruvo
drug-trials-snapshots-ziihera,Ziihera,zanidatamab-hrii,2024,Oncology,"ZIIHERA is a bispecific HER2-directed antibody that is used to treat adults with previously treated, unresectable or metastatic HER2-positive (immunohistochemistry [IHC 3+]) biliary tract cancer (BTC), as detected by an FDA-approved test.",142,55.6,fda-snapshot,38,60.5,4.9,,,,,,https://www.fda.gov/drugs/drug-trials-snapshots/drug-trials-snapshots-ziihera
drug-trials-snapshots-rezdiffra,Rezdiffra,resmetirom,2024,Infectious disease,"REZDIFFRA is a drug that is used along with diet and exercise to treat adults with nonalcoholic steatohepatitis (NASH) with moderate to advanced liver scarring (fibrosis), but not with cirrhosis of the liver. Some multinational liver societies recommend using the name metabolic dysfunction-associated steatohepatitis (MASH) instead of NASH; MASH and NASH are names for the same disorder.",888,56.0,fda-snapshot,213,66.2,10.2,,,,,,https://www.fda.gov/drugs/drug-trials-snapshots/drug-trials-snapshots-rezdiffra
drug-trials-snapshots-komzifti,Komzifti,ziftomenib,2025,Oncology,KOMZIFTI is a cancer drug that is used to treat adult patients with acute myeloid leukemia (AML) with a susceptible nucleophosmin 1 (NPM1) mutation that has come back or has not improved after previous treatment(s) and who have no satisfactory alternative treatment options.,112,56.2,fda-snapshot,7,57.1,0.9,,,,,,https://www.fda.gov/drugs/drug-trials-snapshots/drug-trials-snapshots-komzifti
drug-trials-snapshots-rozlytrek-0,Rozlytrek,entrectinib,2019,Oncology,"ROZLYTREK is a drug used to treat adult patients with a type of non-small cell lung cancer (NSCLC) which: is caused by an abnormal ROS1 gene and, has spread to other parts of the body (metastatic).",406,56.2,fda-snapshot,1466,56.1,-0.1,,,,,,https://web.archive.org/web/20230127052325/https://www.fda.gov/drugs/drug-approvals-and-databases/drug-trials-snapshots-rozlytrek-0
drug-trials-snapshot-lytgobi,Lytgobi,futibatinib,2022,Oncology,LYTGOBI is a drug used for the treatment of adults with a type of bile duct cancer (intrahepatic cholangiocarcinoma) that has spread to other parts of the body (metastatic) or cannot not be removed by surgery (unresectable). It should be used in patients who have been previously treated with chemotherapy and whose cancer has a certain type of abnormality in the FGFR2 gene.,103,56.3,fda-snapshot,185,56.2,-0.1,,,,,,https://www.fda.gov/drugs/drug-trials-snapshots/drug-trials-snapshot-lytgobi
drug-trials-snapshots-beovu,Beovu,brolucizumab-dbll,2019,Ophthalmology,"BEOVU is a treatment for neovascular (wet) Age-Related Macular Degeneration (AMD). AMD is a disease of the retina - a layer of the eye that contains cells which are sensitive to light. In wet AMD, the macula (small central area of the retina) is damaged due to the growth of new blood vessels. At first, this damage causes blurred vision and then progressive vision loss.",1459,56.3,fda-snapshot,3105,58.5,2.2,,,,,,https://web.archive.org/web/20230127052325/https://www.fda.gov/drugs/drug-approvals-and-databases/drug-trials-snapshots-beovu
drug-trials-snapshot-miplyffa,Miplyffa,arimoclomol,2024,Neurology,"MIPLYFFA is a prescription medicine that is used in combination with miglustat for the treatment of neurological manifestations of Niemann-Pick disease, Type C (NPC) in adults and children 2 years of age and older.",39,56.4,fda-snapshot,42,52.4,-4.0,,,,,,https://www.fda.gov/drugs/drug-trials-snapshots/drug-trials-snapshot-miplyffa
drug-trials-snapshots-zilbrysq,Zilbrysq,zilucoplan,2023,Neurology,"ZILBRYSQ is a drug for the treatment of generalized myasthenia gravis (gMG) in adult patients. It is used by patients whose blood has antibodies against the acetylcholine receptor (AChR). Myasthenia gravis is a rare disease that causes weakness in muscles, especially muscles that control the eyes, face, neck, mouth, swallowing, breathing, and limbs.",267,56.6,fda-snapshot,452,55.3,-1.2,,,,,,https://www.fda.gov/drugs/drug-trials-snapshots/drug-trials-snapshots-zilbrysq
drug-trials-snapshots-alunbrig,Alunbrig,brigatinib,2017,Oncology,"ALUNBRIG is a drug used to treat a type of lung cancer called non-small cell lung cancer (NSCLC) that is advanced (metastatic). It is to be used in patients who have a specific gene mutation in the anaplastic lymphoma kinase (ALK) gene. It should be used in patients whose cancer has worsened after, or who could not tolerate treatment with, another drug called Xalkori (crizotinib).",222,56.8,fda-snapshot,3211,55.0,-1.8,,,,,,https://web.archive.org/web/20230127052325/https://www.fda.gov/drugs/drug-approvals-and-databases/drug-trials-snapshots-alunbrig
drug-trials-snapshots-ga-68-dotatoc,Ga,,2019,Imaging & diagnostics,Ga-68-DOTATOC is a drug for the detection of specific types of tumors called somatostatin receptor positive neuro-endocrine tumors (NETs). NETs are rare tumors that develop in certain hormone-producing cells of the body’s neuro-endocrine system.,334,56.9,fda-snapshot,184,5.4,-51.5,,,,,,https://web.archive.org/web/20230127052325/https://www.fda.gov/drugs/drug-approvals-and-databases/drug-trials-snapshots-ga-68-dotatoc
drug-trials-snapshots-ibtrozi,Ibtrozi,taletrectinib,2025,Oncology,IBTROZI is a prescription medicine used to treat adult patients with non-small cell lung cancer (NSCLC) caused by an abnormal ROS1 gene that is locally advanced or has spread to other parts of the body (metastatic). IBTROZI is an inhibitor of proto-oncogene tyrosine-protein kinase ROS1.,270,57.0,fda-snapshot,,,,,,,,,https://www.fda.gov/drugs/drug-trials-snapshots/drug-trials-snapshots-ibtrozi
drug-trials-snapshots-zinplava,Zinplava,bezlotoxumab,2016,Infectious disease,"ZINPLAVA is a drug that is used to decrease the risk of Clostridium difficile infection (CDI) from coming back in adult patients who are at high risk of CDI coming back. ZINPLAVA is used together with antibacterial drugs that are given to treat CDI. Clostridium difficile causes inflammation of the colon and diarrhea, which can be deadly.",1567,57.3,fda-snapshot,312,68.3,11.0,,,,,,https://web.archive.org/web/20230127052325/https://www.fda.gov/drugs/drug-approvals-and-databases/drug-trials-snapshots-zinplava
drug-trials-snapshot-seysara,Seysara,sarecycline,2018,Immunology & dermatology,"SEYSARA is a drug used to treat certain types of moderate to severe acne vulgaris in patients 9 years and older. Acne vulgaris is a skin disease characterized by oily skin, blackheads or whiteheads, pimples, and sometimes scarring.",4135,57.4,fda-snapshot,87,71.3,13.9,,,,,,https://web.archive.org/web/20230127052325/https://www.fda.gov/drugs/drug-approvals-and-databases/drug-trials-snapshot-seysara
drug-trials-snapshots-bizengri,Bizengri,zenocutuzumab-zbco,2024,Other,.,94,57.4,fda-snapshot,8,75.0,17.6,,,,,,https://www.fda.gov/drugs/drug-trials-snapshots/drug-trials-snapshots-bizengri
drug-trials-snapshots-kisunla,Kisunla,donanemab-azbt,2024,Neurology,"KISUNLA is an amyloid beta-directed antibody used to treat people with Alzheimer’s disease. Alzheimer’s disease is a common degenerative disease of the brain that starts with mild thinking, judging, and memory problems and progresses to dementia and death.",1758,57.4,fda-snapshot,1961,61.7,4.3,,,,,,https://www.fda.gov/drugs/drug-trials-snapshots/drug-trials-snapshots-kisunla
drug-trials-snapshot-pemazyre,Pemazyre,pemigatinib,2020,Oncology,PEMAZYRE is a drug used for treatment of adults with bile duct cancer (cholangiocarcinoma) that has spread to other parts of the body (metastatic) or cannot not be removed by surgery. It should be used in patients who have been previously treated with chemotherapy and whose cancer has a certain type of abnormality in the FGFR2 gene.,146,57.5,fda-snapshot,317,55.5,-2.0,,,,,,https://web.archive.org/web/20230127052325/https://www.fda.gov/drugs/drug-approvals-and-databases/drug-trials-snapshot-pemazyre
drug-trials-snapshot-tryngolza,Tryngolza,olezarsen,2024,Other,TRYNGOLZA is a prescription medicine (an APOC-III-directed antisense oligonucleotide) that is used along with a low-fat diet to reduce triglycerides in adults with familial chylomicronemia syndrome (FCS). FCS is a rare genetic disorder that prevents the body from breaking down fats.,66,57.6,fda-snapshot,1,100.0,42.4,,,,,,https://www.fda.gov/drugs/drug-trials-snapshots/drug-trials-snapshot-tryngolza
drug-trials-snapshots-lorbrena,Lorbrena,lorlatinib,2018,Oncology,"LORBRENA is a drug used to treat patients with a type of non-small cell lung cancer (NSCLC) that is caused by an abnormal anaplastic lymphoma kinase (ALK) gene and , has spread to other parts of your body (metastatic) and , has progressed while on one or more anti-cancer drugs approved for treatment of ALK-positive lung cancer.",295,57.6,fda-snapshot,5953,52.7,-5.0,,,,,,https://web.archive.org/web/20230127052325/https://www.fda.gov/drugs/drug-approvals-and-databases/drug-trials-snapshots-lorbrena
drug-trials-snapshots-gomekli,Gomekli,mirdametinib,2025,Neurology,GOMEKLI is a prescription medicine that is used to treat adults and children 2 years of age and older with neurofibromatosis type 1 (NF1) who have plexiform neurofibromas that cause symptoms and cannot be completely removed by surgery.,352,57.7,fda-snapshot,,,,,,,,,https://www.fda.gov/drugs/drug-trials-snapshots/drug-trials-snapshots-gomekli
drug-trials-snapshots-xenpozyme,Xenpozyme,olipudase alfa-rpcp,2022,Cardiovascular,"XENPOZYME is an enzyme replacement therapy that is used for the treatment of non-central nervous system manifestations of acid sphingomyelinase deficiency (ASMD) in adult and pediatric patients. ASMD is a rare disease where patients have decreased activity of the enzyme sphingomyelinase, which breaks down a fatty lipid called sphingomyelin.",38,57.9,fda-snapshot,109,64.2,6.3,,,,,,https://www.fda.gov/drugs/drug-trials-snapshots/drug-trials-snapshots-xenpozyme
drug-trials-snapshots-reblozyl,Reblozyl,luspatercept-aamt,2019,Hematology,REBLOZYL is a drug for the treatment of anemia in adults with beta thalassemia who require regular red blood cell transfusions. Beta thalassemia is an inherited disorder of hemoglobin leading to anemia and other medical problems. Some patients may have severe anemia and need regular blood transfusions.,336,58.0,fda-snapshot,1724,43.3,-14.7,,,,,,https://web.archive.org/web/20230127052325/https://www.fda.gov/drugs/drug-approvals-and-databases/drug-trials-snapshots-reblozyl
drug-trials-snapshots-xolremdi,Xolremdi,mavorixafor,2024,Infectious disease,"XOLREMDI is a prescription drug that increases the number of white blood cells released from the bone marrow into the blood. XOLREMDI is indicated for the treatment of adults and adolescents over the age of 12 years with WHIM (Warts, Hypogammaglobulinemia, Infection, and Myelokathexis) syndrome.",31,58.1,fda-snapshot,8,87.5,29.4,,,,,,https://www.fda.gov/drugs/drug-trials-snapshots/drug-trials-snapshots-xolremdi
drug-trials-snapshots-egaten,Egaten,triclabendazole,2019,Infectious disease,"EGATEN is used to treat fascioliasis in patients 6 years of age and older. Fascioliasis is an infectious disease caused by the parasitic flatworms Fasciola hepatica and gigantica, also known as liver flukes. The initial infection is characterized by fever, abdominal pain, and increase elevation in liver enzymes.",466,58.2,fda-snapshot,37,45.9,-12.2,,,,,,https://web.archive.org/web/20230127052325/https://www.fda.gov/drugs/drug-approvals-and-databases/drug-trials-snapshots-egaten
drug-trials-snapshots-vyzulta,Vyzulta,,2017,Ophthalmology,VYZULTA is a drug for reducing elevated intraocular pressure (IOP) when the pressure inside the eye is too high.,840,58.3,fda-snapshot,982,65.1,6.7,,,,,,https://web.archive.org/web/20230127052325/https://www.fda.gov/drugs/drug-approvals-and-databases/drug-trials-snapshots-vyzulta
drug-trials-snapshots-voydeya,Voydeya,danicopan,2024,Hematology,"VOYDEYA is a prescription drug that is a complement factor D inhibitor, indicated as an add-on therapy to ravulizumab or eculizumab for the treatment of extravascular hemolysis (EVH) in adults with paroxysmal nocturnal hemoglobinuria (PNH)",63,58.7,fda-snapshot,242,58.7,-0.1,,,,,,https://www.fda.gov/drugs/drug-trials-snapshots/drug-trials-snapshots-voydeya
drug-trials-snapshot-fabhlata,Fabhlata,,2023,Hematology,"FABHALTA is a prescription drug that is a complement factor B inhibitor, indicated for the treatment of adults with paroxysmal nocturnal hemoglobinuria (PNH).",102,58.8,fda-snapshot,,,,,,,,,https://www.fda.gov/drugs/drug-trials-snapshots/drug-trials-snapshot-fabhlata
drug-trials-snapshot-vanrafia,Vanrafia,atrasentan,2025,Urology & nephrology,"VANRAFIA is an endothelin type A receptor antagonist that is indicated to reduce proteinuria in adults with primary immunoglobulin A (IgA) nephropathy at risk of rapid disease progression, generally a urine protein-to-creatinine ratio (UPCR) ≥1.5 g/g.",270,58.9,fda-snapshot,71,36.6,-22.3,,,,,,https://www.fda.gov/drugs/drug-trials-snapshots/drug-trials-snapshot-vanrafia
drug-trial-snapshot-tpoxx,Tpoxx,tecovirimat,2018,Infectious disease,"TPOXX is a drug for the treatment of smallpox disease. Smallpox is a serious and highly contagious viral disease that causes fever, rash and deep skin scars and may progress to death. No cases of naturally occurring smallpox disease have happened since the late 1970s because worldwide vaccination led to the eradication of smallpox.",449,59.0,fda-snapshot,80,11.2,-47.8,,,,,,https://web.archive.org/web/20230127052325/https://www.fda.gov/drugs/drug-approvals-and-databases/drug-trial-snapshot-tpoxx
drug-trials-snapshots-turalio,Turalio,pexidartinib,2019,Oncology,"TURALIO is a drug used to treat adults with a tumor in the protective layer surrounding the tendons called Tenosynovial Giant Cell Tumor or TGCT. It should only be used in patients when the tumor limits daily activity, and if the tumor cannot be removed by surgery.",120,59.2,fda-snapshot,646,61.0,1.8,,,,,,https://web.archive.org/web/20230127052325/https://www.fda.gov/drugs/drug-approvals-and-databases/drug-trials-snapshots-turalio
drug-trials-snapshot-romvimza,Romvimza,vimseltinib,2025,Oncology,ROMVIMZA is a colony stimulating factor 1 receptor (CSF1R) inhibitor used to treat adults with a tumor in the protective layer in the tendons of the joint called tenosynovial giant cell tumor (TGCT). It should be used in patients when surgery may make the symptoms worse or cause severe problems.,123,59.3,fda-snapshot,514,63.2,3.9,,,,,,https://www.fda.gov/drugs/drug-trials-snapshots/drug-trials-snapshot-romvimza
drug-trials-snapshots-oxbryta,Oxbryta,voxelotor,2019,Hematology,"OXBRYTA is used for the treatment of sickle cell disease (SCD) in patients 12 years of age and older. SCD is an inherited blood disorder in which the red blood cells are abnormally shaped (in a crescent or ""sickle"" shape) because of an abnormal type of hemoglobin (the part of the red blood cell that carries oxygen to all parts of the body).",182,59.3,fda-snapshot,21823,60.1,0.8,,,,,,https://web.archive.org/web/20230127052325/https://www.fda.gov/drugs/drug-approvals-and-databases/drug-trials-snapshots-oxbryta
drug-trials-snapshots-andembry,Andembry,garadacimab,2025,Immunology & dermatology,"ANDEMBRY is a medication used to prevent attacks of hereditary angioedema (HAE) in patients 12 years of age and older. HAE is a rare disease that runs in families. People with HAE have repeated episodes (attacks) of swelling without hives or itching. Swelling is most often in the skin, throat, airway, and stomach area.",64,59.4,fda-snapshot,473,78.0,18.6,,,,,,https://www.fda.gov/drugs/drug-trials-snapshots/drug-trials-snapshots-andembry
drug-trials-snapshots-nucala,Nucala,mepolizumab,2015,Immunology & dermatology,NUCALA is a drug for the treatment of a specific group of patients with severe asthma (those with an eosinophilic phenotype) who are 12 years and older and whose asthma is not well controlled with current medications. NUCALA is to be used in addition to asthma maintenance medications.,1327,59.5,fda-snapshot,36266,67.8,8.3,,,,,,https://web.archive.org/web/20230127052325/https://www.fda.gov/drugs/drug-approvals-and-databases/drug-trials-snapshots-nucala
drug-trials-snapshots-nemluvio,Nemluvio,nemolizumab-ilto,2024,Other,NEMLUVIO is an interleukin-31 receptor antagonist that is indicated for the treatment of adults with prurigo nodularis.,560,59.6,fda-snapshot,738,67.6,8.0,,,,,,https://www.fda.gov/drugs/drug-trials-snapshots/drug-trials-snapshots-nemluvio
drug-trials-snapshots-crysvita,Crysvita,burosamab-twza,2018,Metabolic & endocrine,"CRYSVITA is a drug for the treatment of a genetic form of rickets called X-linked hypophosphatemia, in patients 1 year of age and older. X-linked hypophosphatemia (XLH) is a rare inherited disorder characterized by low levels of phosphate in the blood which causes soft, weak bones (rickets).",199,59.8,fda-snapshot,55,54.5,-5.3,,,,,,https://web.archive.org/web/20230127052325/https://www.fda.gov/drugs/drug-approvals-and-databases/drug-trials-snapshots-crysvita
drug-trials-snapshots-mayzent,Mayzent,siponimod,2019,Neurology,"MAYZENT is a drug used for the treatment of adults with relapsing forms of multiple sclerosis (RMS) including: clinically isolated syndrome, relapsing-remitting disease, and active secondary progressive disease In RMS, patients have episodes of worsening function (relapses) followed by recovery periods. Patients can also experience an increase in the underlying disability, particularly as the disease progresses.",2197,59.9,fda-snapshot,8278,74.9,15.0,,,,,,https://web.archive.org/web/20230127052325/https://www.fda.gov/drugs/drug-approvals-and-databases/drug-trials-snapshots-mayzent
drug-trials-snapshot-vizimpro,Vizimpro,dacomitinib,2018,Oncology,VIZIMPRO is a drug used to treat patients with a type of lung cancer called advanced non-small cell lung cancer (NSCLC). It is to be used as a first treatment in patients whose cancer has spread to other parts of the body (metastatic) and has certain types of gene mutation.,452,60.0,fda-snapshot,643,53.7,-6.3,,,,,,https://web.archive.org/web/20230127052325/https://www.fda.gov/drugs/drug-approvals-and-databases/drug-trials-snapshot-vizimpro
drug-trials-snapshots-ekterly,Ekterly,sebetralstat,2025,Other,EKTERLY is a plasma kallikrein inhibitor that is used for the treatment of acute attacks of hereditary angioedema (HAE) in adult and pediatric patients aged 12 years and older.,110,60.0,fda-snapshot,354,74.9,14.9,,,,,,https://www.fda.gov/drugs/drug-trials-snapshots/drug-trials-snapshots-ekterly
drug-trials-snapshots-exblifep,Exblifep,cefepime and enmetazobactam,2024,Infectious disease,"EXBLIFEP is a combination of cefepime and enmetazobactam that is indicated for the treatment of patients 18 years and older with complicated urinary tract infections (cUTI), including pyelonephritis, caused by designated susceptible microorganisms.",678,60.0,fda-snapshot,14760,44.2,-15.9,,,,,,https://www.fda.gov/drugs/drug-trials-snapshots/drug-trials-snapshots-exblifep
drug-trials-snapshots-varubi,Varubi,rolapitant,2015,Oncology,VARUBI is a drug used to prevent a delayed form of nausea and vomiting that can occur more than 24 hours after cancer treatment (chemotherapy).,2595,60.0,fda-snapshot,416,57.2,-2.7,,,,,,https://web.archive.org/web/20230127052325/https://www.fda.gov/drugs/drug-approvals-and-databases/drug-trials-snapshots-varubi
drug-trials-snapshots-veopoz,Veopoz,pozelimab-bbfg,2023,Cardiovascular,"VEOPOZ is used to treat adults and pediatric patients 1 year of age and older with CD55 deficient protein-losing enteropathy (PLE), also known as CHAPLE disease. CHAPLE—which stands for complement hyperactivation, angiopathic thrombosis, and protein-losing enteropathy—is an inherited immune disease that causes the complement system (the part of your immune system that defends the body against inju",10,60.0,fda-snapshot,4,75.0,15.0,,,,,,https://www.fda.gov/drugs/drug-trials-snapshots/drug-trials-snapshots-veopoz
drug-trials-snapshot-imaavy,Imaavy,nipocalimab-aahu,2025,Neurology,IMAAVY is a drug for the treatment of generalized myasthenia gravis (gMG) in adult and pediatric patients 12 years of age and older. It is used by patients whose blood has antibodies against the acetylcholine receptor (AChR) or muscle-specific kinase (MuSK).,153,60.1,fda-snapshot,143,66.4,6.3,,,,,,https://www.fda.gov/drugs/drug-trials-snapshots/drug-trials-snapshot-imaavy
drug-trials-snapshots-rystiggo,Rystiggo,rozanolixizumab-noli,2023,Neurology,"RYSTIGGO is a drug for the treatment of generalized myasthenia gravis (gMG) in adult patients. It is used by patients whose blood has antibodies against the acetylcholine receptor (AChR) or muscle-specific kinase (MuSK). Myasthenia gravis is a rare disease that causes weakness in muscles, especially those muscles that control the eyes, face, neck, mouth, swallowing, breathing, and limbs.",200,60.5,fda-snapshot,591,58.2,-2.3,,,,,,https://www.fda.gov/drugs/drug-trials-snapshots/drug-trials-snapshots-rystiggo
drug-trials-snapshot-tavalisse,Tavalisse,,2018,Cardiovascular,"TAVALISSE is a drug used to treat adults with low platelet count due to chronic immune thrombocytopenia (ITP) when a prior treatment for ITP has not worked well enough. Chronic immune thrombocytopenia is an autoimmune bleeding disorder. In patients with ITP, the blood doesn't clot as it should because of a low platelet count.",150,60.7,fda-snapshot,6972,60.9,0.2,,,,,,https://web.archive.org/web/20230127052325/https://www.fda.gov/drugs/drug-approvals-and-databases/drug-trials-snapshot-tavalisse
drug-trial-snapshot-firdapse,Firdapse,amifampridine,2018,Oncology,"FIRDAPSE is a drug for the treatment of Lambert-Eaton myasthenic syndrome (LEMS) in adults. LEMS is a rare disease in which the immune system attacks the connection between nerves and muscles, causing muscle weakness. Sometimes, LEMS arises as a result of cancer elsewhere in the body (condition known as paraneoplastic syndrome).",64,60.9,fda-snapshot,2820,61.1,0.2,,,,,,https://web.archive.org/web/20230127052325/https://www.fda.gov/drugs/drug-approvals-and-databases/drug-trial-snapshot-firdapse
drug-trials-snapshots-ocrevus,Ocrevus,ocrelizumab,2017,Neurology,OCREVUS is used for the treatment of patients with two types of multiple sclerosis (MS): relapsing forms of multiple sclerosis (RMS) primary progressive multiple sclerosis (PPMS). In RMS patients have episodes of worsening function (relapses) followed by recovery periods. In PPMS patients have steadily worsening function from the onset of symptoms.,2388,60.9,fda-snapshot,53864,72.8,11.9,,,,,,https://web.archive.org/web/20230127052325/https://www.fda.gov/drugs/drug-approvals-and-databases/drug-trials-snapshots-ocrevus
drug-trials-snapshots-lazcluze,Lazcluze,,2024,Oncology,"LAZCLUZE is a kinase inhibitor indicated in combination with amivantamab for the first-line treatment of adult patients with locally advanced or metastatic non-small cell lung cancer (NSCLC) with epidermal growth factor receptor (EGFR) exon 19 deletions or exon 21 L858R substitution mutations, as detected by an FDA-approved test.",858,61.3,fda-snapshot,492,62.2,0.9,,,,,,https://www.fda.gov/drugs/drug-trials-snapshots/drug-trials-snapshots-lazcluze
drug-trials-snapshots-rhopressa,Rhopressa,netarsudil,2017,Ophthalmology,"RHOPRESSA is a drug for reducing elevated intraocular pressure, when the pressure inside the eye is too high.",1875,61.8,fda-snapshot,1445,62.0,0.2,,,,,,https://web.archive.org/web/20230127052325/https://www.fda.gov/drugs/drug-approvals-and-databases/drug-trials-snapshots-rhopressa
drug-trials-snapshots-symproic,Symproic,naldemedine,2017,Oncology,SYMPROIC is used to treat adults with constipation caused by prescription pain drugs called opioids. It is to be used in patients who take opioids for long-lasting (chronic) pain that is not caused by cancer.,2336,61.9,fda-snapshot,1457,46.1,-15.9,,,,,,https://web.archive.org/web/20230127052325/https://www.fda.gov/drugs/drug-approvals-and-databases/drug-trials-snapshots-symproic
drug-trials-snapshot-cinqair,Cinqair,,2016,Immunology & dermatology,CINQAIR is a drug for the treatment of specific type of severe asthma (called eosinophilic phenotype asthma) in adults whose asthma is not well controlled with current medications. CINQUAR is to be used in addition to asthma maintenance medications.,1758,62.2,fda-snapshot,626,62.5,0.2,,,,,,https://web.archive.org/web/20230127052325/https://www.fda.gov/drugs/drug-approvals-and-databases/drug-trials-snapshot-cinqair
drug-trials-snapshots-oxervate,Oxervate,cenegermin-bkbj,2018,Neurology,OXERVATE is used for the treatment of an eye condition called neurotrophic keratitis. Neurotrophic keratitis is a rare disease of cornea (surface of the eye) characterized by the loss of sensation and by corneal wounds which are difficult to heal. It is caused by damage to the nerve which supplies sensation to the cornea.,151,62.3,fda-snapshot,11597,70.0,7.7,,,,,,https://web.archive.org/web/20230127052325/https://www.fda.gov/drugs/drug-approvals-and-databases/drug-trials-snapshots-oxervate
drug-trials-snapshots-voquezna-triple-pak-voquezna-dual-pak,Voquezna,,2022,Infectious disease,"VOQUEZNA TRIPLE PAK is a co-packaged product containing: vonoprazan, a potassium-competitive acid blocker (PCAB); amoxicillin, a penicillin class antibacterial; and clarithromycin, a macrolide antimicrobial indicated for the treatment of Helicobacter pylori (H. pylori) infection in adults.",1046,62.3,fda-snapshot,6910,55.6,-6.7,,,,,,https://www.fda.gov/drugs/drug-trials-snapshots/drug-trials-snapshots-voquezna-triple-pak-voquezna-dual-pak
drug-trial-snapshot-winlevi,Winlevi,clascoterone,2020,Immunology & dermatology,"WINLEVI is used on the skin to treat acne vulgaris in patients 12 years and older. Acne vulgaris is a skin disease characterized by oily skin, blackheads or whiteheads, pimples, and sometimes scarring.",1440,62.5,fda-snapshot,977,90.3,27.8,10,,,,,https://web.archive.org/web/20230127052325/https://www.fda.gov/drugs/drug-approvals-and-databases/drug-trial-snapshot-winlevi
drug-trials-snapshots-enjaymo,Enjaymo,sutimlimab-jome,2022,Hematology,"ENJAYMO is a prescription drug that decreases the need for red blood cell (RBC) transfusion due to hemolysis (red blood cell destruction) in adults with cold agglutinin disease (CAD). CAD is a rare blood disorder characterized by red blood cell destruction, which leads to anemia (a decrease in the number of RBCs) and cold-induced circulatory symptoms, such as pain and discoloration of fingers or toes.",24,62.5,fda-snapshot,244,69.3,6.8,,,,,,https://www.fda.gov/drugs/drug-trials-snapshots/drug-trials-snapshots-enjaymo
drug-trials-snapshots-fasenra,Fasenra,benralizumab,2017,Immunology & dermatology,FASENRA is a drug for the treatment of specific type of severe asthma (called eosinophilic phenotype asthma) in patients 12 years and older whose asthma is not well controlled with current medications. FASENRA is to be used in addition to asthma maintenance medications.,1817,62.9,fda-snapshot,17882,69.7,6.8,,,,,,https://web.archive.org/web/20230127052325/https://www.fda.gov/drugs/drug-approvals-and-databases/drug-trials-snapshots-fasenra
drug-trials-snapshots-wayrilz,Wayrilz,rilzabrutinib,2025,Cardiovascular,WAYRILZ is a kinase inhibitor approved for the treatment of adult patient with persistent or chronic immune thrombocytopenia (ITP) who have had an insufficient response to a previous treatment.,202,62.9,fda-snapshot,334,55.7,-7.2,,,,,,https://www.fda.gov/drugs/drug-trials-snapshots/drug-trials-snapshots-wayrilz
drug-trials-snapshot-brineura,Brineura,,2017,Other,Treatment of Batten disease,24,63.0,carmeli-2023,282,44.7,-18.3,,,,,,https://web.archive.org/web/20230127052325/https://www.fda.gov/drugs/drug-approvals-and-databases/drug-trials-snapshot-brineura
drug-trials-snapshots-tissueblue,Tissueblue,Brilliant Blue G Ophthalmic Solution,2019,Ophthalmology,TISSUEBLUE is a drug for staining the internal limiting membrane (ILM). ILM is a transparent membrane inside the eye that sometimes contributes to impaired vision. Surgical removal of the ILM may be needed to improve vision.,96,63.0,carmeli-2023,14,57.1,-5.9,,,,,,https://web.archive.org/web/20230127052325/https://www.fda.gov/drugs/drug-approvals-and-databases/drug-trials-snapshots-tissueblue
drug-trials-snapshots-exdensur,Exdensur,depemokimab,2025,Immunology & dermatology,EXDENSUR is a medication that is approved for the add-on maintenance treatment of severe asthma characterized by an eosinophilic phenotype in adult and pediatric patients aged 12 years and older.,380,63.4,fda-snapshot,23,21.7,-41.7,,,,,,https://www.fda.gov/drugs/drug-trials-snapshots/drug-trials-snapshots-exdensur
drug-trials-snapshot-pyrukynd,Pyrukynd,mitapivat,2022,Hematology,PYRUKYND is a drug used to treat hemolytic anemia in adults with pyruvate kinase (PK) deficiency. Pyruvate kinase deficiency is a rare inherited genetic disorder in which red blood cells are destroyed prematurely leading to anemia (low red blood cell counts). Some patients may have severe symptoms and need regular blood transfusions.,107,63.6,fda-snapshot,853,58.5,-5.1,,,,,,https://www.fda.gov/drugs/drug-trials-snapshots/drug-trials-snapshot-pyrukynd
drug-trials-snapshots-augtyro,Augtyro,repotrectinib,2023,Oncology,AUGTYRO is a drug used to treat adult patients with advanced or metastatic ROS1-positive non-small cell lung cancer (NSCLC).,127,63.8,fda-snapshot,206,64.1,0.3,,,,,,https://www.fda.gov/drugs/drug-trials-snapshots/drug-trials-snapshots-augtyro
drug-trials-snapshots-leqselvi,Leqselvi,deuruxolitinib,2024,Immunology & dermatology,LEQSELVI is a Janus kinase (JAK) inhibitor that is indicated for the treatment of adults with severe alopecia areata (AA).,1209,63.9,fda-snapshot,117,68.4,4.4,,,,,,https://www.fda.gov/drugs/drug-trials-snapshots/drug-trials-snapshots-leqselvi
drug-trials-snapshots-briumvi,Briumvi,ublituximab-xiiy,2022,Neurology,"BRIUMVI is a monoclonal antibody that is used to treat relapsing forms of multiple sclerosis (MS) including clinically isolated syndrome, relapsing-remitting disease, and active secondary progressive disease, in adults. In relapsing forms of MS (RMS), patients have episodes of worsening function (relapses) followed by recovery periods.",1093,64.1,fda-snapshot,987,74.1,9.9,,,,,,https://www.fda.gov/drugs/drug-trials-snapshots/drug-trials-snapshots-briumvi
drug-trials-snapshots-anzupgo,Anzupgo,delgocitinib,2025,Immunology & dermatology,"ANZUPGO is a Janus kinase inhibitor that is indicated for the treatment of adults with moderate to severe chronic hand eczema (CHE) who have had an inadequate response to, or for whom topical corticosteroids are not advisable.",959,64.3,fda-snapshot,204,60.3,-4.0,,,,,,https://www.fda.gov/drugs/drug-trials-snapshots/drug-trials-snapshots-anzupgo
drug-trials-snapshots-galafold,Galafold,migalastat hydrochloride,2018,Metabolic & endocrine,GALAFOLD is a drug for treatment of Fabry disease in adults. It is used in patients who have a specific change in the gene that causes Fabry disease. Change in the gene causes the corresponding enzyme to be a good target for therapy with GALAFOLD based on laboratory data.,112,64.3,fda-snapshot,494,55.3,-9.0,,,,,,https://web.archive.org/web/20230127052325/https://www.fda.gov/drugs/drug-approvals-and-databases/drug-trials-snapshots-galafold
drug-trials-snapshots-revuforj,Revuforj,revumenib,2024,Oncology,REVUFORJ is a cancer drug that is used to treat adults and children 1 year and older with acute leukemia with a lysine methyltransferase 2A gene translocation (KMT2A) whose disease has come back or has not improved after previous treatment(s).,104,64.4,fda-snapshot,753,51.1,-13.3,,,,,,https://www.fda.gov/drugs/drug-trials-snapshots/drug-trials-snapshots-revuforj
drug-trials-snapshots-brinsupri,Brinsupri,brensocatib,2025,Immunology & dermatology,BRINSUPRI is a dipeptidyl peptidase 1 (DPP1) inhibitor that is indicated for the treatment of non-cystic fibrosis bronchiectasis in adult and pediatric patients 12 years of age and older. Non-cystic fibrosis bronchiectasis (NCFB) is a chronic and progressive inflammatory lung condition that can lead to breathing complications and death. People with NCFB have recurrent flare-ups called pulmonary exacerbations (PEx).,1977,64.8,fda-snapshot,1575,74.9,10.1,,,,,,https://www.fda.gov/drugs/drug-trials-snapshots/drug-trials-snapshots-brinsupri
drug-trials-snapshots-ogsiveo,Ogsiveo,nirogacestat,2023,Oncology,OGSIVEO is a gamma secretase inhibitor indicated for adult patients with progressing desmoid tumors who require systemic treatment.,142,64.8,fda-snapshot,704,66.5,1.7,,,,,,https://www.fda.gov/drugs/drug-trials-snapshots/drug-trials-snapshots-ogsiveo
drug-trials-snapshots-exxua,Exxua,gepirone,2023,Psychiatry,EXXUA is an antidepressant drug used for the treatment of major depressive disorder (MDD) in adults.,442,64.9,fda-snapshot,,,,,,,,,https://www.fda.gov/drugs/drug-trials-snapshots/drug-trials-snapshots-exxua
drug-trials-snapshot-rhapsido,Rhapsido,remibrutinib,2025,Immunology & dermatology,RHAPSIDO is a kinase inhibitor that is approved for the treatment of chronic spontaneous urticaria (CSU) in adult patients who remain symptomatic despite H1-antihistamine treatment.,450,65.3,fda-snapshot,922,79.9,14.6,,,,,,https://www.fda.gov/drugs/drug-trials-snapshots/drug-trials-snapshot-rhapsido
drug-trials-snapshots-vizz,Vizz,aceclidine ophthalmic solution,2025,Ophthalmology,"VIZZ is for the treatment of presbyopia in adults. Presbyopia is a common age-related condition that affects the eyes’ ability to focus on near objects. As people age, the lens of the eye becomes less flexible, making it difficult to accommodate for close vision.",698,65.3,fda-snapshot,530,60.0,-5.3,,,,,,https://www.fda.gov/drugs/drug-trials-snapshots/drug-trials-snapshots-vizz
drug-trials-snapshot-orladeyo,Orladeyo,,2020,Other,"ORLADEYO is a drug used to prevent attacks of hereditary angioedema (HAE) in patients 12 years and older. Hereditary angioedema is a rare, inherited and sometimes life-threatening condition with repeat episodes (attacks) of severe swelling in various parts of the body, including stomach, limbs, face and throat.",120,65.8,fda-snapshot,372,74.5,8.6,,,,,,https://web.archive.org/web/20230127052325/https://www.fda.gov/drugs/drug-approvals-and-databases/drug-trials-snapshot-orladeyo
drug-trials-snapshot-vabomere,Vabomere,meropenem and vaborbactam,2017,Infectious disease,"VABOMERE is used to treat adults who have a complicated urinary tract infection (abbreviated as cUTI) including infection of the kidneys (pyelonephritis) caused by specific bacteria. VABOMERE is a combination of two drugs: meropenem a previously-approved drug that fights bacteria and vaborbactam, a new drug that helps meropenem work if the bacteria are resistant to meropenem.",545,66.2,fda-snapshot,30,56.7,-9.6,,,,,,https://web.archive.org/web/20230127052325/https://www.fda.gov/drugs/drug-approvals-and-databases/drug-trials-snapshot-vabomere
drug-trials-snapshots-viberzi,Viberzi,eluxadoline,2015,Gastroenterology,"VIBERZI is a treatment for adults with a disease of the gut called irritable bowel syndrome with diarrhea, commonly referred to as IBS-D.",2814,66.4,fda-snapshot,2672,75.6,9.2,,,,,,https://web.archive.org/web/20230127052325/https://www.fda.gov/drugs/drug-approvals-and-databases/drug-trials-snapshots-viberzi
drug-trial-snapshot-mepsevii,Mepsevii,vestronidase alfa-vjbk,2017,Other,"MEPSEVII is used to treat children and adult patients with mucopolysaccharidosis VII (also known as MPS VII or Sly Syndrome). Mucopolysaccharidosis VII is a rare, inherited disease. It is caused by a low level of an enzyme (β-glucuronidase). The lack of an enzyme causes mucopolysaccharides (long chains of sugar molecules) to build up in the tissues and organs of the body, causing progressive damage.",12,66.7,fda-snapshot,55,60.0,-6.7,,,,,,https://web.archive.org/web/20230127052325/https://www.fda.gov/drugs/drug-trial-snapshot-mepsevii
drug-trials-snapshots-zeposia,Zeposia,ozanimod,2020,Neurology,"ZEPOSIA is a drug used for the treatment of adults with relapsing forms of multiple sclerosis (RMS) including: clinically isolated syndrome, relapsing-remitting disease, and active secondary progressive disease. In RMS, patients have episodes of worsening function (relapses) followed by recovery periods. Patients can also experience an increase in the underlying disability, particularly as the disease progresses.",1767,66.7,fda-snapshot,7854,71.3,4.6,,,,,,https://web.archive.org/web/20230127052325/https://www.fda.gov/drugs/development-approval-process-drugs/drug-trials-snapshots-zeposia
drug-trials-snapshots-zegfrovy,Zegfrovy,sunvozertinib,2025,Oncology,"ZEGFROVY is a kinase inhibitor and is available by prescription. ZEGFROVY is used as a single agent for adult patients with locally advanced or metastatic non-small cell lung cancer (NSCLC) with epidermal growth factor receptor (EGFR) exon 20 insertion mutations, whose disease has progressed on or after a platinum-based chemotherapy.",176,67.0,fda-snapshot,,,,,,,,,https://www.fda.gov/drugs/drug-trials-snapshots/drug-trials-snapshots-zegfrovy
drug-trials-snapshot-hyrnuo,Hyrnuo,sevabertinib,2025,Oncology,"HYRNUO is a tyrosine-kinase inhibitor that is indicated for the treatment of adult patients with non-squamous non-small cell lung cancer (NSCLC) caused by abnormal HER2 ( ERBB2 ) gene mutation in the tyrosine kinase domain (TKD) that is locally advanced or has spread to other parts of the body (metastatic), and who have received a prior systemic therapy.",122,67.2,fda-snapshot,,,,,,,,,https://www.fda.gov/drugs/drug-trials-snapshots/drug-trials-snapshot-hyrnuo
drug-trials-snapshots-zinbryta,Zinbryta,,2016,Neurology,ZINBRYTA is a drug for the treatment of relapsing forms of multiple sclerosis (MS) in patients who have not responded adequately to at least 2 other treatments for MS.,2253,67.5,fda-snapshot,,,,,,,,,https://web.archive.org/web/20230127052325/https://www.fda.gov/drugs/drug-approvals-and-databases/drug-trials-snapshots-zinbryta
drug-trials-snapshot-cablivi,Cablivi,caplacizumab-yhdp,2019,Cardiovascular,"CABLIVI is a drug used to treat adults with an episode of acquired thrombotic thrombocytopenic purpura (aTTP). Acquired thrombotic thrombocytopenic purpura (aTTP) is a rare, life-threatening blood clotting disorder. During an episode of aTTP, clots form throughout the body and lead to low platelets count, destroy red blood cells, and can damage organs (especially the brain and heart).",361,67.6,fda-snapshot,1426,69.1,1.5,,,,,,https://web.archive.org/web/20230127052325/https://www.fda.gov/drugs/drug-approvals-and-databases/drug-trials-snapshot-CABLIVI
drug-trials-snapshots-accrufer,Accrufer,ferric maltol,2019,Other,ACCRUFER is a drug used for the treatment of adults with low iron stores in the body.,295,67.8,fda-snapshot,1002,83.3,15.5,,,,,,https://web.archive.org/web/20230127052325/https://www.fda.gov/drugs/drug-approvals-and-databases/drug-trials-snapshots-accrufer
drug-trials-snapshot-tagrisso,Tagrisso,osimertinib,2015,Oncology,"TAGRISSO is a drug used to treat patients with a type of lung cancer called advanced non-small cell lung cancer (NSCLC). It is to be used only in patients whose cancer has a specific mutation of the epidermal growth factor receptor, called T790M, and whose disease has gotten worse after treatment with another specific treatment called EGFR-inhibitor therapy.",411,67.9,fda-snapshot,,,,,,,,,https://web.archive.org/web/20230127052325/https://www.fda.gov/drugs/drug-approvals-and-databases/drug-trials-snapshot-tagrisso
drug-trials-snapshots-spevigo,Spevigo,spesolimab-sbzo,2022,Immunology & dermatology,SPEVIGO is an interleukin-36 receptor (IL-36R) antagonist that is approved for the treatment of generalized pustular psoriasis (GPP) flare in adults.,53,67.9,fda-snapshot,326,66.9,-1.1,,,,,,https://www.fda.gov/drugs/drug-trials-snapshots/drug-trials-snapshots-spevigo
drug-trials-snapshots-quviviq,Quviviq,daridorexant,,Psychiatry,"QUVIVIQ is a prescription medicine that is indicated for the treatment of adult patients with insomnia, characterized by difficulties with sleep onset and/or sleep maintenance.",1854,68.1,fda-snapshot,2427,64.6,-3.5,,,,,,https://www.fda.gov/drugs/drug-trials-snapshots/drug-trials-snapshots-quviviq
drug-trials-snapshots-hernexeos,Hernexeos,zongertinib,2025,Oncology,"HERNEXEOS is a prescription drug used to treat adults with unresectable or metastatic non-squamous non-small cell lung cancer (NSCLC) whose tumors have HER2 (ERBB2) tyrosine kinase domain activating mutations, as detected by an FDA-approved test, and who have received prior systemic therapy.",105,68.6,fda-snapshot,94,64.9,-3.7,,,,,,https://www.fda.gov/drugs/drug-trials-snapshots/drug-trials-snapshots-hernexeos
drug-trials-snapshots-rexulti-treatment-major-depressive-disorder,Rexulti,brexpiprazole,2015,Psychiatry,"REXULTI is a drug for the treatment of major depressive disorder (MDD). In a patient who is already taking a medication for depression that is not adequately treating their symptoms, REXULTI can be added on to improve symptoms.",1054,68.9,fda-snapshot,14547,68.6,-0.3,,,,,,https://web.archive.org/web/20230127052325/https://www.fda.gov/drugs/drug-approvals-and-databases/drug-trials-snapshots-rexulti-treatment-major-depressive-disorder
drug-trials-snapshots-yondelis,Yondelis,trabectedin,2015,Oncology,YONDELIS is a drug used to treat patients with liposarcoma and leiomyosarcoma that cannot be removed by surgery (unresectable) or is advanced (metastatic). These are rare forms of cancer that begin in fat cells (liposarcoma) or smooth muscle cells (leiomyosarcoma) of the body. This treatment is approved for patients who previously received chemotherapy that contained a specific class of drugs called anthracyclines.,518,70.3,fda-snapshot,2035,67.2,-3.1,,,,,,https://web.archive.org/web/20230127052325/https://www.fda.gov/drugs/drug-approvals-and-databases/drug-trials-snapshots-yondelis
drug-trials-snapshots-takhzyro,Takhzyro,lanadelumab-flyo,2018,Other,"TAKHZYRO is a drug used to prevent attacks of hereditary angioedema in people 12 years and older. Hereditary angioedema is a rare, inherited and sometimes life-threatening condition with repeat episodes (attacks) of severe swelling in various parts of the body, including stomach, limbs, face and throat.",125,70.4,fda-snapshot,,,,,,,,,https://web.archive.org/web/20230127052325/https://www.fda.gov/drugs/drug-approvals-and-databases/drug-trials-snapshots-takhzyro
drug-trials-snapshots-cardamyst,Cardamyst,etripamil,2025,Cardiovascular,"CARDAMYST is a calcium channel blocker indicated for the rapid conversion of acute paroxysmal supraventricular tachycardia (PSVT) episodes to sinus rhythm in adults. PSVT is a type of abnormally fast heart rhythm that starts suddenly and can cause symptoms like palpitations, dizziness, chest discomfort, and shortness of breath.",255,71.0,fda-snapshot,,,,,,,,,https://www.fda.gov/drugs/drug-trials-snapshots/drug-trials-snapshots-cardamyst
drug-trials-snapshots-winrevair,Winrevair,sotatercept-csrk,2024,Cardiovascular,"WINREVAIR is indicated for the treatment of adults with pulmonary arterial hypertension (PAH, WHO group 1) to increase exercise capacity, improve function, and reduce clinical worsening.",499,72.3,fda-snapshot,4790,77.2,4.8,,,,,,https://www.fda.gov/drugs/drug-trials-snapshots/drug-trials-snapshots-winrevair
drug-trial-snapshot-tepezza,Tepezza,teprotumumab-trbw,2020,Metabolic & endocrine,"TEPEZZA is a drug for the treatment of thyroid eye disease. Thyroid eye disease is a rare, autoimmune disease characterized by proptosis (a condition where the eyes are pushed forward and bulge outward) leading to eye pain, double vision and difficulty closing the eyelid.",170,72.9,fda-snapshot,2906,76.5,3.6,,,,,,https://web.archive.org/web/20230127052325/https://www.fda.gov/drugs/drug-approvals-and-databases/drug-trial-snapshot-tepezza
drug-trials-snapshot-avycaz-cuti,Avycaz,,2015,Infectious disease,AVYCAZ is a drug used to treat adults who have a serious infection in their urinary tract system called a complicated urinary tract infection (abbreviated as cUTI). It should be used only when few or no other treatment options are available. AVYCAZ is also approved for patients with a serious infection in their belly called a complicated intra-abdominal infection. This is discussed in a separate Snapshot.,135,74.1,fda-snapshot,96,58.3,-15.7,,,,,,https://web.archive.org/web/20230127052325/https://www.fda.gov/drugs/drug-approvals-and-databases/drug-trials-snapshot-avycaz-cuti
drug-trials-snapshot-tryptyr,Tryptyr,acoltremon,2025,Ophthalmology,TRYPTYR is a TRPM8 thermoreceptor agonist that treats the signs and symptoms of dry eye disease (DED) in adults with history of DED.,931,74.8,fda-snapshot,4124,88.3,13.6,,,,,,https://www.fda.gov/drugs/drug-trials-snapshots/drug-trials-snapshot-tryptyr
drug-trials-snapshot-miebo,Miebo,perfluorohexyloctane ophthalmic solution,2023,Infectious disease,"MIEBO is a treatment for patients with the signs and symptoms of dry eye disease (DED). DED is a multi-factorial, age-related, chronic progressive disease of the ocular surface. Chronic DED can cause discomfort, visual impairment, tear film hyperosmolarity, and inflammation. Patients with DED are more susceptible than others to eye infections and damage to the surface of the eye (cornea).",1217,75.7,fda-snapshot,1812,82.6,6.9,,,,,,https://www.fda.gov/drugs/drug-trials-snapshots/drug-trials-snapshot-miebo
drug-trials-snapshots-motegrity,Motegrity,prucalopride,2018,Gastroenterology,MOTEGRITY is used to treat adults with a type of constipation called chronic idiopathic constipation (CIC). “Idiopathic” means that the cause of the constipation is unknown.,2484,76.0,fda-snapshot,1909,78.8,2.8,,,,,,https://web.archive.org/web/20230127052325/https://www.fda.gov/drugs/drug-approvals-and-databases/drug-trials-snapshots-motegrity
drug-trials-snapshot-dayvigo,Dayvigo,lemborexant,2019,Psychiatry,DAYVIGO is a drug for the treatment of adults with insomnia (trouble falling or staying asleep).,1692,76.2,fda-snapshot,2444,56.2,-20.1,,,,,,https://web.archive.org/web/20230127052325/https://www.fda.gov/drugs/drug-approvals-and-databases/drug-trials-snapshot-dayvigo
drug-trials-snapshots-xiidra,Xiidra,lifitegrast,2016,Ophthalmology,XIIDRA is a drug for the treatment of the signs and symptoms of dry eye disease.,2133,76.2,fda-snapshot,14638,82.9,6.7,18,,,,,https://web.archive.org/web/20230127052325/https://www.fda.gov/drugs/drug-approvals-and-databases/drug-trials-snapshots-xiidra
drug-trial-snapshot-pizensy,Pizensy,lactitol,2020,Gastroenterology,PIZENSY is used to treat a type of constipation called chronic idiopathic constipation (CIC) in adults. Idiopathic means that the cause of the constipation is unknown.,594,76.4,fda-snapshot,,,,,,,,,https://web.archive.org/web/20230127052325/https://www.fda.gov/drugs/drug-approvals-and-databases/drug-trial-snapshot-pizensy
drug-trial-snapshot-isturisa,Isturisa,osilodrostat,2020,Oncology,"ISTURISA is a drug for the treatment of adults with Cushing’s disease: who cannot have pituitary gland surgery, or who have had pituitary gland surgery, but the surgery did not cure their Cushing’s disease. Cushing’s disease is a rare disease in which the adrenal glands make too much of the cortisol hormone because of stimulation from a pituitary tumor.",137,77.4,fda-snapshot,942,72.7,-4.7,,,,,,https://web.archive.org/web/20230127052325/https://www.fda.gov/drugs/drug-approvals-and-databases/drug-trial-snapshot-isturisa
drug-trials-snapshots-yorvipath,Yorvipath,palopegteriparatide,2024,Metabolic & endocrine,"YORVIPATH is a parathyroid hormone analog that is approved for the treatment of hypoparathyroidism in adults. Hypoparathyroidism is a disease in which there is insufficient parathyroid hormone (PTH) production, which leads to hypocalcemia (blood calcium levels that are low).",82,78.0,fda-snapshot,107,94.4,16.3,,,,,,https://www.fda.gov/drugs/drug-trials-snapshots/drug-trials-snapshots-yorvipath
drug-trials-snapshots-olinvyk,Olinvyk,oliceridine,2020,Other,OLINVYK is a drug for the treatment of acute pain in adults when the pain is severe enough to require an intravenous opioid.,1558,78.7,fda-snapshot,2,0.0,-78.7,,,,,,https://web.archive.org/web/20230127052325/https://www.fda.gov/drugs/drug-approvals-and-databases/drug-trials-snapshots-olinvyk
drug-trials-snapshot-natpara-parathyroid-hormone,Natpara,,2015,Oncology,"NATPARA is a prescription parathyroid hormone used with calcium and vitamin D to control low blood calcium (hypocalcemia) in adults with low parathyroid hormone (PTH) blood levels (hypoparathyroidism). NATPARA is only for people who do not respond well to treatment with calcium and active forms of vitamin D alone, because it may increase the possible risk of bone cancer, known as osteosarcoma.",124,79.0,fda-snapshot,,,,,,,,,https://web.archive.org/web/20230127052325/https://www.fda.gov/drugs/drug-approvals-and-databases/drug-trials-snapshot-natpara-parathyroid-hormone
drug-trials-snapshots-trulance,Trulance,plecanatide,2017,Gastroenterology,TRULANCE is used to treat a type of constipation called chronic idiopathic constipation (CIC) in adults. “Idiopathic” means that the cause of the constipation is unknown.,1733,79.0,carmeli-2023,1595,79.3,0.3,,,,,,https://web.archive.org/web/20230127052325/https://www.fda.gov/drugs/drug-approvals-and-databases/drug-trials-snapshots-trulance
drug-trials-snapshots-rinvoq,Rinvoq,upadacitinib,2019,Immunology & dermatology,RINVOQ is a drug used to treat adult patients with moderately to severely active rheumatoid arthritis (RA) in whom methotrexate [(MTX)a drug used to treat active arthritis] did not work well or could not be tolerated.,5218,79.6,fda-snapshot,75520,69.9,-9.7,,,,,,https://web.archive.org/web/20230127052325/https://www.fda.gov/drugs/drug-approvals-and-databases/drug-trials-snapshots-rinvoq
drug-trials-snapshots-uptravi,Uptravi,selexipag,2015,Cardiovascular,"UPTRAVI is a drug used for the treatment of adults with pulmonary arterial hypertension. Pulmonary arterial hypertension (PAH) is a rare, chronic, and progressive lung disease in which there is abnormally high blood pressure in the pulmonary artery, the blood vessel that carries blood from the heart to the lungs. PAH can lead to death or the need for transplantation.",1152,79.9,fda-snapshot,24539,73.7,-6.2,,,,,,https://web.archive.org/web/20230127052325/https://www.fda.gov/drugs/drug-approvals-and-databases/drug-trials-snapshots-uptravi
drug-trials-snapshots-izervay,Izervay,avacincaptad pegol intravitreal solution (ahy-zer-vey,2023,Ophthalmology,"IZERVAY is an RNA aptamer, a PEGylated oligonucleotide that is approved for the treatment of geographic atrophy (GA) secondary to age-related macular degeneration (AMD).",783,80.6,fda-snapshot,,,,,,,,,https://www.fda.gov/drugs/drug-trials-snapshots/drug-trials-snapshots-izervay
drug-trials-snapshots-olumiant,Olumiant,baricitinib,2018,Oncology,OLUMIANT is a drug for treatment of adult patients with rheumatoid arthritis (RA) whose disease was not well controlled using RA medications called Tumor Necrosis Factor (TNF) antagonists.,3757,80.7,fda-snapshot,8664,67.3,-13.5,,,,,,https://web.archive.org/web/20230127052325/https://www.fda.gov/drugs/drug-approvals-and-databases/drug-trials-snapshots-olumiant
drug-trials-snapshots-aimovig,Aimovig,erenumab-aooe,2018,Neurology,"AIMOVIG is a drug used for the preventive treatment of migraine in adults. A migraine is a type of headache that can be associated with nausea, vomiting, and sensitivity to light, sound, or smell.",2304,81.6,fda-snapshot,44958,86.0,4.5,39,94.3,0.37,0.06,0.92,https://web.archive.org/web/20230127052325/https://www.fda.gov/drugs/drug-approvals-and-databases/drug-trials-snapshots-aimovig
drug-trials-snapshots-ibsrela,Ibsrela,tenapanor,2019,Gastroenterology,IBSRELA is a treatment for adults with a disease of the gut called irritable bowel syndrome with constipation commonly referred to as IBS-C.,1199,81.7,fda-snapshot,3319,78.5,-3.2,,,,,,https://web.archive.org/web/20230127052325/https://www.fda.gov/drugs/drug-approvals-and-databases/drug-trials-snapshots-ibsrela
drug-trials-snapshots-kevzara,Kevzara,sarilumab,2017,Immunology & dermatology,KEVZARA is used to treat adult patients with moderately to severely active rheumatoid arthritis (RA) after at least one other medicine called a disease modifying anti-rheumatic drug (DMARD) has been used and did not work well or could not be tolerated.,1740,81.7,fda-snapshot,23926,83.1,1.5,,,,,,https://web.archive.org/web/20230127052325/https://www.fda.gov/drugs/drug-approvals-and-databases/drug-trials-snapshots-kevzara
drug-trial-snapshot-xeglyze,Xeglyze,abametapir,2020,Other,XEGLYZE is a drug used to treat head lice in patients 6 months of age and older.,915,83.9,fda-snapshot,,,,,,,,,https://web.archive.org/web/20230127052325/https://www.fda.gov/drugs/drug-approvals-and-databases/drug-trial-snapshot-xeglyze
drug-trials-snapshots-reyvow,Reyvow,lasmiditan,2019,Neurology,"REYVOW is a drug used for the acute treatment of migraine with or without aura in adults. A migraine is a type of headache that, in addition to pain, can be associated with nausea, vomiting, and/or sensitivity to light or sound. Patients who suffer from migraines with aura develop temporary visual or other signs and symptoms shortly before or at the time of headache onset.",6561,84.1,fda-snapshot,960,86.2,2.1,,,,,,https://web.archive.org/web/20230127052325/https://www.fda.gov/drugs/drug-approvals-and-databases/drug-trials-snapshots-reyvow
drug-trials-snapshots-zavzpret,Zavzpret,zavegepant,2023,Neurology,ZAVZPRET is a drug used for the acute treatment of migraine with or without aura in adults.,3660,84.2,fda-snapshot,674,89.5,5.2,,,,,,https://www.fda.gov/drugs/drug-trials-snapshots/drug-trials-snapshots-zavzpret
drug-trials-snapshots-kybella,Kybella,deoxycholic acid,2015,Other,"KYBELLA is a treatment for adults who appear to have too much fat below the chin, commonly called “double chin.”",1022,84.7,fda-snapshot,,,,,,,,,https://web.archive.org/web/20230127052325/https://www.fda.gov/drugs/drug-approvals-and-databases/drug-trials-snapshots-kybella
drug-trials-snapshots-nurtec-odt,Nurtec Odt,rimegepant,2020,Neurology,"NURTEC ODT is a drug used for treatment of acute migraine with or without aura in adults. A migraine is a type of headache that, in addition to pain, can be associated with nausea, vomiting, and sensitivity to light or sound. Some patients may experience an aura, which may consist of a temporary visual disturbance, or other symptoms shortly before the onset of the headache.",1351,84.9,fda-snapshot,9616,86.5,1.6,48,90.7,0.66,0.07,1.36,https://web.archive.org/web/20230127052325/https://www.fda.gov/drugs/development-approval-process-drugs/drug-trials-snapshots-nurtec-odt
drug-trials-snapshot-gemtesa,Gemtesa,vibegron,2020,Urology & nephrology,"GEMTESA is used treat the following symptoms due to a condition called overactive bladder (OAB): a strong need to urinate with leaking or wetting accidents, the need to urinate right away, and the need to urinate often.",1085,85.0,fda-snapshot,6195,67.6,-17.4,,,,,,https://web.archive.org/web/20230127052325/https://www.fda.gov/drugs/drug-approvals-and-databases/drug-trials-snapshot-gemtesa
drug-trials-snapshots-emgality,Emgality,galcanezumab-gnim,2018,Neurology,"EMGALITY is a drug used for the preventive treatment of migraine in adults. A migraine is a type of headache that can be associated with nausea, vomiting, and sensitivity to light, sound, or smell.",2156,85.2,fda-snapshot,27873,87.1,1.9,,,,,,https://web.archive.org/web/20230127052325/https://www.fda.gov/drugs/drug-approvals-and-databases/drug-trials-snapshots-emgality
drug-trials-snapshot-lupkynis,Lupkynis,voclosporin,2021,Immunology & dermatology,"LUPKYNIS is a drug used to treat patients with active lupus nephritis. Lupus nephritis (LN) is an inflammation of the kidneys that is caused by systemic lupus erythematous (SLE) - a chronic, autoimmune disease.",533,86.5,fda-snapshot,8435,84.3,-2.2,,,,,,https://web.archive.org/web/20230127052325/https://www.fda.gov/drugs/drug-approvals-and-databases/drug-trials-snapshot-lupkynis
drug-trials-snapshots-vyepti,Vyepti,eptinezumab-jjmr,2020,Neurology,"VYEPTI is a drug used for the preventive treatment of migraine in adults. A migraine is a type of headache that can be associated with nausea, vomiting, and/or sensitivity to light or sound.",1741,86.7,fda-snapshot,5964,85.9,-0.8,,,,,,https://web.archive.org/web/20230127052325/https://www.fda.gov/drugs/drug-approvals-and-databases/drug-trials-snapshots-vyepti
drug-trials-snapshot-ajovy,Ajovy,,2018,Neurology,Preventive treatment of migraine in adults ,1986,87.0,carmeli-2023,10162,88.7,1.7,,,,,,https://web.archive.org/web/20230127052325/https://www.fda.gov/drugs/drug-approvals-and-databases/drug-trials-snapshot-ajovy
drug-trials-snapshot-daxxify,Daxxify,daxibotulinumtoxin A,2022,Ophthalmology,DAXXIFY is a drug used in adults to temporarily improve the appearance of moderate to severe glabellar lines (wrinkles between the eyebrows).,609,87.4,fda-snapshot,4617,83.3,-4.1,,,,,,https://www.fda.gov/drugs/drug-trials-snapshots/drug-trials-snapshot-daxxify
drug-trials-snapshots-barhemsys,Barhemsys,amisulpride,2020,Gastroenterology,"BARHEMSYS is a drug used in adults to prevent or treat postoperative nausea and vomiting (PONV). It is to be used: for prevention of PONV either alone, or together with a different drug for PONV prevention for treatment of PONV in patients who have not received any drug for the prevention of PONV, or those who have received a different drug for the prevention for PONV",2323,87.6,fda-snapshot,5472,40.9,-46.6,,,,,,https://web.archive.org/web/20230127052325/https://www.fda.gov/drugs/development-approval-process-drugs/drug-trials-snapshots-barhemsys
drug-trials-snapshots-ubrelvy,Ubrelvy,ubrogepant,2019,Neurology,"UBRELVY is a drug used for the acute treatment of migraine with or without aura in adults. A migraine is a type of headache that, in addition to pain, can be associated with nausea, vomiting, and sensitivity to light or sound. Some patients may experience an aura, which may consist of temporary visual, or other symptoms, shortly before the onset of the headache.",2423,88.8,fda-snapshot,,,,24,,,,,https://web.archive.org/web/20230127052325/https://www.fda.gov/drugs/drug-approvals-and-databases/drug-trials-snapshots-ubrelvy
drug-trials-snapshots-journavx,Journavx,suzetrigine,2025,Other,JOURNAVX is a sodium channel blocker that is indicated for the treatment of moderate to severe acute pain in adults.,2447,89.2,fda-snapshot,823,65.5,-23.7,,,,,,https://www.fda.gov/drugs/drug-trials-snapshots/drug-trials-snapshots-journavx
drug-trials-snapshots-givlaari,Givlaari,givosiran,2019,Neurology,"GIVLAARI is a drug for the treatment of adults with acute hepatic porphyria (AHP). Acute hepatic porphyria is a rare metabolic disease. It results from a buildup of porphyrin molecules which are formed during the production of heme (which helps bind oxygen in the blood). AHP is characterized by acute attacks which can lead to severe pain and paralysis, respiratory failure, seizures and mental status changes.",94,89.4,fda-snapshot,40,87.5,-1.9,,,,,,https://web.archive.org/web/20230127052325/https://www.fda.gov/drugs/drug-approvals-and-databases/drug-trials-snapshots-givlaari
drug-trials-snapshots-enspryng,Enspryng,satralizumab-mwge,2020,Neurology,ENSPRYNG is used to treat neuromyelitis optica spectrum disorder (NMOSD) in adult patients with a particular antibody (who are anti-aquaporin-4 or AQP4 antibody positive). NMOSD is a rare disease that most commonly affects the optic nerves and spinal cord. It is characterized by relapses (attacks) that cause vision loss and serious disability which can lead to death.,116,90.5,fda-snapshot,1501,87.3,-3.2,,,,,,https://web.archive.org/web/20230127052325/https://www.fda.gov/drugs/drug-approvals-and-databases/drug-trials-snapshots-enspryng
drug-trials-snapshots-ocaliva,Ocaliva,obeticholic acid,2016,Gastroenterology,OCALIVA is a drug for the treatment of primary biliary cholangitis (PBC) in adults.,216,90.7,fda-snapshot,,,,,,,,,https://web.archive.org/web/20230127052325/https://www.fda.gov/drugs/drug-approvals-and-databases/drug-trials-snapshots-ocaliva
drug-trials-snapshots-jeuveau,Jeuveau,botulinum toxin- type A,2019,Ophthalmology,JEUVEAU is a drug used in adults to temporarily improve the appearance of moderate to severe glabellar lines (wrinkles between the eyebrows).,654,91.1,fda-snapshot,1264,90.7,-0.5,,,,,,https://web.archive.org/web/20230127052325/https://www.fda.gov/drugs/drug-approvals-and-databases/drug-trials-snapshots-jeuveau
drug-trials-snapshots-uplizna,Uplizna,inebilizumab-cdon,2020,Neurology,UPLIZNA is used to treat neuromyelitis optica spectrum disorder (NMOSD) in adult patients with a particular antibody (who are anti-aquaporin-4 or AQP4 antibody positive). NMOSD is a rare disease that most commonly affects the optic nerves and spinal cord. It is characterized by relapses (attacks) that cause vision loss and serious disability which can lead to death.,213,93.9,fda-snapshot,486,79.2,-14.7,,,,,,https://web.archive.org/web/20230127052325/https://www.fda.gov/drugs/drug-approvals-and-databases/drug-trials-snapshots-uplizna
drug-trials-snapshots-livdelzi,Livdelzi,seladelpar,2024,Gastroenterology,LIVDELZI is a peroxisome proliferator-activated receptor (PPAR)-delta agonist that is used to treat primary biliary cholangitis (PBC) in combination with ursodeoxycholic acid (UDCA) in adults who have an inadequate response to UDCA or as monotherapy in patients unable to tolerate UDCA. LIVDELZI is not recommended for patients who have or develop decompensated cirrhosis (e.g.,193,94.8,fda-snapshot,164,89.0,-5.8,,,,,,https://www.fda.gov/drugs/drug-trials-snapshots/drug-trials-snapshots-livdelzi
drug-trials-snapshots-iqirvo,Iqirvo,elafibranor,2024,Gastroenterology,IQIRVO is a peroxisome proliferator-activated receptor (PPAR) agonist indicated for the treatment of primary biliary cholangitis (PBC) in combination with ursodeoxycholic acid (UDCA) in adults who have an inadequate response to UDCA or as monotherapy in patients unable to tolerate UDCA. IQIRVO is not recommended for patients who have or develop decompensated cirrhosis (e.g.,161,95.7,fda-snapshot,710,93.9,-1.7,,,,,,https://www.fda.gov/drugs/drug-trials-snapshots/drug-trials-snapshots-iqirvo
drug-trial-snapshot-talzenna,Talzenna,talazoparib,2018,Oncology,"TALZENNA is a drug for treatment of adults with a specific form of breast cancer. It is to be used in patients with: human epidermal growth factor receptor 2 (HER2)-negative an abnormal inherited BRCA gene, and whose cancer has spread to other parts of the body (locally advanced or metastatic).",431,98.4,fda-snapshot,1589,49.2,-49.2,,,,,,https://web.archive.org/web/20230127052325/https://www.fda.gov/drugs/resources-information-approved-drugs/drug-trial-snapshot-talzenna
drug-trials-snapshots-letybo,Letybo,letibotulinumtoxinA,2024,Ophthalmology,LETYBO is a drug used in adults to temporarily improve the appearance of moderate to severe glabellar lines (wrinkles between the eyebrows).,1179,98.5,fda-snapshot,230,89.6,-8.9,,,,,,https://www.fda.gov/drugs/drug-trials-snapshots/drug-trials-snapshots-letybo
drug-trials-snapshots-orserdu,Orserdu,elacestrant,2023,Oncology,ORSERDU is a drug for the treatment of postmenopausal females and adult males with a specific form of advanced breast cancer that progressed after previous treatment with endocrine therapy.,467,98.5,fda-snapshot,6416,99.0,0.5,,,,,,https://www.fda.gov/drugs/drug-trials-snapshots/drug-trials-snapshots-orserdu
drug-trials-snapshots-datroway,Datroway,n=365,2025,Other,.,732,98.8,fda-snapshot,598,82.4,-16.3,,,,,,https://www.fda.gov/drugs/drug-trials-snapshots/drug-trials-snapshots-datroway
drug-trial-snapshot-trodelvy,Trodelvy,sacituzumab govitecan-hziy,2020,Oncology,TRODELVY is a drug for the treatment of adults with triple-negative breast cancer that has spread to other parts of the body (metastatic). It should be used in patients who have received at least two prior therapies for their metastatic disease.,108,99.1,fda-snapshot,3761,93.6,-5.5,,,,,,https://web.archive.org/web/20230127052325/https://www.fda.gov/drugs/drug-approvals-and-databases/drug-trial-snapshot-trodelvy
drug-trials-snapshot-tukysa,Tukysa,tucatinib,2020,Oncology,TUKYSA is a drug for treatment of adults with human epidermal growth factor receptor (HER)2-positive breast cancer that has spread to other parts of the body including the brain (metastatic) or cannot not be removed by surgery.,601,99.2,fda-snapshot,6345,94.6,-4.6,,,,,,https://web.archive.org/web/20230127052325/https://www.fda.gov/drugs/drug-approvals-and-databases/drug-trials-snapshot-tukysa
drug-trials-snapshots-truqap,Truqap,capivasertib,2023,Other,.,289,99.3,fda-snapshot,,,,,,,,,https://www.fda.gov/drugs/drug-trials-snapshots/drug-trials-snapshots-truqap
drug-trials-snapshot-margenza,Margenza,margetuximab-cmkb,2020,Oncology,MARGENZA is a drug for treatment of metastatic HER2-positive breast cancer in adult patients who have been previously treated for their metastatic disease.,536,99.4,fda-snapshot,21,100.0,0.6,,,,,,https://web.archive.org/web/20230127052325/https://www.fda.gov/drugs/drug-approvals-and-databases/drug-trials-snapshot-margenza
drug-trials-snapshots-inluriyo,Inluriyo,imlunestrant,2025,Oncology,INLURIYO is a drug for the treatment of adults with a specific form of advanced breast cancer. The cancer had to progress (grew or got worse) during or after previous treatment with endocrine therapy.,907,99.4,fda-snapshot,57,100.0,0.6,,,,,,https://www.fda.gov/drugs/drug-trials-snapshots/drug-trials-snapshots-inluriyo
drug-trials-snapshot-enhertu,Enhertu,fam-trastuzumab deruxtecan-nxki,2019,Oncology,ENHERTU is a drug for treatment of adults with human epidermal growth factor receptor 2 (HER2)-positive breast cancer that has spread to other parts of the body (metastatic) or cannot not be removed by surgery. It should be used in patients who have been previously treated for their metastatic disease with at least two anti-HER2 regimens.,234,99.6,fda-snapshot,8853,87.7,-11.9,,,,,,https://web.archive.org/web/20230127052325/https://www.fda.gov/drugs/drug-approvals-and-databases/drug-trials-snapshot-enhertu
drug-trials-snapshots-rolvedon,Rolvedon,eflapegrastim,2022,Oncology,"ROLVEDON is a drug used to stimulate the growth of neutrophils, a type of white blood cell important in the body’s fight against infection in patients with cancers that do not involve bone marrow (non-myeloid cancers) who receive certain anti-cancer medicines that can suppress the bone marrow from producing blood cells and cause fever and low neutrophil count.",643,99.7,fda-snapshot,22,68.2,-31.5,,,,,,https://www.fda.gov/drugs/drug-trials-snapshots/drug-trials-snapshots-rolvedon
drug-trials-snapshots-piqray,Piqray,alpelisib,2019,Oncology,"PIQRAY is a drug for treatment of adults with a specific form of advanced breast cancer that progressed or recurred after previous hormone therapy. It is to be used in patients with: hormone receptor (HR) positive cancer, human epidermal growth factor receptor 2 (HER2)-negative cancer, an abnormal inherited PIK3CA gene, and whose cancer has spread to other parts of the body (locally advanced or metastatic)",571,99.8,fda-snapshot,7544,95.5,-4.3,,,,,,https://web.archive.org/web/20230127052325/https://www.fda.gov/drugs/drug-approvals-and-databases/drug-trials-snapshots-piqray
drug-trial-snapshot-annovera,Annovera,segesterone acetate and ethinyl estradiol vaginal system,2018,Women's health,ANNOVERA is a birth control system used to prevent pregnancy in women. This system consists of a vaginal ring and two hormones.,2308,100.0,fda-snapshot,,,,1,,,,,https://web.archive.org/web/20230127052325/https://www.fda.gov/drugs/drug-approvals-and-databases/drug-trial-snapshot-annovera
drug-trial-snapshot-cerianna,Cerianna,fluoroestradiol F 18,2020,Imaging & diagnostics,CERIANNA is a drug for the visual detection of estrogen receptor (ER)-positive lesions in addition to tissue biopsy in patients with recurrent or metastatic breast cancer.,109,100.0,fda-snapshot,15,100.0,0.0,,,,,,https://web.archive.org/web/20230127052325/https://www.fda.gov/drugs/drug-approvals-and-databases/drug-trial-snapshot-cerianna
drug-trial-snapshot-tymlos,Tymlos,abaloparatide,2017,Women's health,TYMLOS is a drug for the treatment of postmenopausal women with osteoporosis who are at high risk for bone fracture.,1645,100.0,fda-snapshot,28896,94.5,-5.5,,,,,,https://web.archive.org/web/20230127052325/https://www.fda.gov/drugs/drug-approvals-and-databases/drug-trial-snapshot-tymlos
drug-trial-snapshots-elahere,Elahere,mirvetuximab soravtansine-gynx,,Oncology,"ELAHERE is a prescription drug used for the treatment of adult patients with folate receptor-alpha (FRα) positive, platinum-resistant ovarian, fallopian tube, or primary peritoneal cancer who have received one to three prior systemic treatments.",106,100.0,fda-snapshot,1242,99.7,-0.3,,,,,,https://www.fda.gov/drugs/drug-trials-snapshots/drug-trial-snapshots-elahere
drug-trials-snapshot-avmapki-fakzynja-co-pack,Avmapki Fakzynja Co-Pack,avutometinib; defactinib,2025,Oncology,"AVMAPKI FAKZYNJA CO-PACK, a combination of avutometinib and defactinib, each kinase inhibitors, is indicated for the treatment of adult patients with KRAS-mutated recurrent low-grade serous ovarian cancer (LGSOC) who have received prior systemic therapy.",57,100.0,fda-snapshot,,,,,,,,,https://www.fda.gov/drugs/drug-trials-snapshots/drug-trials-snapshot-avmapki-fakzynja-co-pack
drug-trials-snapshot-evenity,Evenity,romosozumab-aqqg,2019,Women's health,"EVENITY is a drug to treat osteoporosis (thinning and weakening of bone) in women after menopause (“change of life”) who: are at high risk of breaking a bone (fracture), or cannot use another osteoporosis medicine or other osteoporosis medicines did not work well.",11273,100.0,fda-snapshot,10496,93.0,-7.0,,,,,,https://web.archive.org/web/20230127052325/https://www.fda.gov/drugs/drug-approvals-and-databases/drug-trials-snapshot-evenity
drug-trials-snapshot-ibrance-palbociclib,Ibrance,,2015,Oncology,"IBRANCE is a drug that treats a specific form of advanced breast cancer called ER-positive, HER2-negative (ER+/HER2-) breast cancer in women who have gone through menopause (post-menopausal). It works by blocking the molecules linked to the growth of the cancer cells.",165,100.0,fda-snapshot,89895,97.5,-2.5,,,,,,https://web.archive.org/web/20230127052325/https://www.fda.gov/drugs/drug-approvals-and-databases/drug-trials-snapshot-ibrance-palbociclib
drug-trials-snapshot-kisqali,Kisqali,ribociclib,2017,Oncology,"KISQALI is a drug for treatment of a specific form of advanced breast cancer called hormone receptor (HR)-positive, human epidermal growth factor receptor 2 (HER2)-negative breast cancer in women who have gone through menopause. KISQALI is taken with another type of drug (an aromatase inhibitor) used to treat breast cancer.",668,100.0,fda-snapshot,29250,98.5,-1.5,,,,,,https://web.archive.org/web/20230127052325/https://www.fda.gov/drugs/drug-approvals-and-databases/drug-trials-snapshot-kisqali
drug-trials-snapshot-nerlynx,Nerlynx,neratinib,2017,Oncology,"NERLYNX is a drug for treatment of an early stage HER2 -positive breast cancer in women who have been previously treated with the medicine trastuzumab. NERLYNX is given as an extended adjuvant therapy, a form of therapy that is taken after an initial treatment to further lower the risk of the cancer coming back.",2840,100.0,fda-snapshot,524,96.0,-4.0,,,,,,https://web.archive.org/web/20230127052325/https://www.fda.gov/drugs/drug-approvals-and-databases/drug-trials-snapshot-nerlynx
drug-trials-snapshot-rubraca,Rubraca,rucaparib,2016,Oncology,"RUBRACA is a drug used to treat women with advanced ovarian cancer who: have certain BRCA gene mutation (either inherited or acquired), and have received previous treatment with 2 or more chemotherapy medicines for their cancer.",377,100.0,fda-snapshot,8422,92.8,-7.2,,,,,,https://web.archive.org/web/20230127052325/https://www.fda.gov/drugs/drug-approvals-and-databases/drug-trials-snapshot-rubraca
drug-trials-snapshot-solosec,Solosec,secnidazole,2017,Infectious disease,SOLOSEC is used to treat adult women with vaginal infections caused by bacteria known as bacterial vaginosis.,654,100.0,fda-snapshot,250,91.6,-8.4,,,,,,https://web.archive.org/web/20230127052325/https://www.fda.gov/drugs/drug-approvals-and-databases/drug-trials-snapshot-solosec
drug-trials-snapshot-verzenio,Verzenio,abemaciclib,2017,Oncology,"VERZENIO is a drug for treatment of a specific form of breast cancer called hormone receptor (HR)-positive, human epidermal growth factor receptor 2 (HER2)-negative advanced breast cancer. VERZENIO is used in combination with fulvestrant (another drug used to treat breast cancer) when the breast cancer worsened after hormonal therapy.",669,100.0,fda-snapshot,17809,97.5,-2.5,,,,,,https://web.archive.org/web/20230127052325/https://www.fda.gov/drugs/drug-approvals-and-databases/drug-trials-snapshot-verzenio
drug-trials-snapshots-addyi,Addyi,flibanserin,2015,Women's health,"ADDYI is a drug for the treatment of acquired, generalized hypoactive sexual desire disorder (HSDD) in women who have not gone through menopause. Women with HSDD have low sexual desire that is troubling to them.",3099,100.0,fda-snapshot,1690,97.0,-3.0,,,,,,https://web.archive.org/web/20230127052325/https://www.fda.gov/drugs/drug-approvals-and-databases/drug-trials-snapshots-addyi
drug-trials-snapshots-blujepa,Blujepa,gepotidacin,2025,Other,.,1201,100.0,fda-snapshot,17,88.2,-11.8,,,,,,https://www.fda.gov/drugs/drug-trials-snapshots/drug-trials-snapshots-blujepa
drug-trials-snapshots-daybue,Daybue,trofinetide,2023,Neurology,DAYBUE is a prescription medicine that is used to treat Rett syndrome in adults and children 2 years of age and older.,187,100.0,fda-snapshot,6266,95.8,-4.2,,,,,,https://www.fda.gov/drugs/drug-trials-snapshots/drug-trials-snapshots-daybue
drug-trials-snapshots-exem-foam,Exem Foam,air polymer-Type A,2019,Imaging & diagnostics,"EXEM FOAM is a drug for the detection of fallopian tube patency (openness) in women with known or suspected infertility. Fallopian tubes are part of female reproductive system and, if blocked, could be a reason for infertility (failure to become pregnant).",182,100.0,fda-snapshot,1,100.0,0.0,,,,,,https://web.archive.org/web/20230127052325/https://www.fda.gov/drugs/drug-approvals-and-databases/drug-trials-snapshots-exem-foam
drug-trials-snapshots-orilissa,Orilissa,elagolix,2018,Women's health,ORILISSA is a drug for the treatment of moderate to severe pain associated with endometriosis.,1686,100.0,fda-snapshot,3429,99.7,-0.3,,,,,,https://web.archive.org/web/20230127052325/https://www.fda.gov/drugs/drug-approvals-and-databases/drug-trials-snapshots-orilissa
drug-trials-snapshots-orlynvah,Orlynvah,sulopenem etzadroxil and probenecid,2024,Infectious disease,"ORLYNVAH is a combination of sulopenem etzadroxil (a penem antibiotic drug) and probenecid (a kidney transport blocking drug) that is indicated for the treatment of uncomplicated urinary tract infections (uUTI) caused by the bacteria Escherichia coli, Klebsiella pneumoniae , or Proteus mirabilis in adult female patients who have limited or no alternative oral antibiotic treatment options.",2095,100.0,fda-snapshot,1,100.0,0.0,,,,,,https://www.fda.gov/drugs/drug-trials-snapshots/drug-trials-snapshots-orlynvah
drug-trials-snapshots-ryzneuta,Ryzneuta,efbemalenograstim alfa,2023,Infectious disease,"RYZNEUTA is a prescription drug that is a leukocyte growth factor indicated to decrease the incidence of infection, as manifested by febrile neutropenia, in adult patients with nonmyeloid malignancies receiving myelosuppressive anticancer drugs associated with a clinically significant incidence of febrile neutropenia.",280,100.0,fda-snapshot,21,71.4,-28.6,,,,,,https://www.fda.gov/drugs/drug-trials-snapshots/drug-trials-snapshots-ryzneuta
drug-trials-snapshots-vivjoa,Vivjoa,oteseconazole,2022,Infectious disease,VIVJOA is an azole antifungal that is indicated to reduce the incidence of recurrent vulvovaginal candidiasis (RVVC) in females with a history of RVVC who are not able to have children.,871,100.0,fda-snapshot,29,100.0,0.0,,,,,,https://www.fda.gov/drugs/drug-trials-snapshots/drug-trials-snapshots-vivjoa
drug-trials-snapshots-vyleesi,Vyleesi,bremelanotide injection,2019,Women's health,"VYLEESI is a drug for the treatment of women with acquired, generalized hypoactive sexual desire disorder (HSDD) who have not gone through menopause. HSDD is acquired and generalized if the woman has not had problems with low sexual desire in the past, and if she has symptoms no matter the type of sexual activity, the situation, or the sexual partner. Women with HSDD have low sexual desire that is troubling to them.",1247,100.0,fda-snapshot,933,94.6,-5.4,,,,,,https://web.archive.org/web/20230127052325/https://www.fda.gov/drugs/drug-approvals-and-databases/drug-trials-snapshots-vyleesi
drug-trials-snapshots-xenoview,Xenoview,xenon Xe 129 hyperpolarized,2022,Imaging & diagnostics,XENOVIEW is a hyperpolarized contrast agent that is indicated for use with magnetic resonance imaging (MRI) for evaluation of lung ventilation in adults and pediatric patients aged 12 years and older. Limitations of Use: XENOVIEW has not been evaluated for use with lung perfusion imaging.,26,100.0,fda-snapshot,,,,,,,,,https://www.fda.gov/drugs/drug-trials-snapshots/drug-trials-snapshots-xenoview
drug-trials-snapshots-zejula,Zejula,niraparib,2017,Oncology,"ZEJULA is a drug used for the maintenance treatment of adult patients with recurrent ovarian cancer, fallopian tube cancer, or primary peritoneal cancer. It is to be used in patients who have responded to their most recent platinum-based chemotherapy regimen with either complete or partial tumor shrinkage.",553,100.0,carmeli-2023,14179,97.6,-2.4,,,,,,https://web.archive.org/web/20230127052325/https://www.fda.gov/drugs/drug-approvals-and-databases/drug-trials-snapshots-zejula
drug-trials-snapshots-zulresso,Zulresso,brexanolone,2019,Psychiatry,ZULRESSO is a drug used to treat adult women with postpartum depression (an episode of major depression starting in the third trimester of pregnancy or within 4 weeks after delivery).,247,100.0,fda-snapshot,,,,,,,,,https://web.archive.org/web/20230127052325/https://www.fda.gov/drugs/drug-approvals-and-databases/drug-trials-snapshots-zulresso
drug-trials-snapshots-zurzuvae,Zurzuvae,zuranolone,2023,Neurology,ZURZUVAE is a neuroactive steroid drug used for the treatment of postpartum depression in adults.,345,100.0,fda-snapshot,1427,98.7,-1.3,,,,,,https://www.fda.gov/drugs/drug-trials-snapshots/drug-trials-snapshots-zurzuvae
