slug,brand,year,category,trial_female_pct,label_date,sex_statement,male_only_pk,quantified,difference,no_difference,not_evaluated,no_preg_data,no_lact_data,sex_dose,weight_based,weight_effect,weight_example,example
drug-trials-snapshots-agamree,Agamree,2023,Neurology,0.0,20260122,one-sex drug,False,False,False,False,False,True,True,False,True,silent,,Specific Populations No clinically significant differences in the pharmacokinetics of vamorolone were observed based on race and sex.
drug-trials-snapshot-alhemo,Alhemo,2024,Hematology,0.0,20250701,one-sex drug,False,False,False,False,False,True,True,False,True,affects exposure,Body weight The exposure of concizumab-mtci increased with increasing body weight (27 kg to 130.7 kg) [see Use in Specific Populations ( 8.6 )] .,
drug-trial-snapshot-amondys-45,Amondys 45,2021,Neurology,0.0,20260109,one-sex drug,False,False,False,False,False,False,False,False,True,silent,,
drug-trials-snapshots-axumin,Axumin,2016,Imaging & diagnostics,0.0,20250305,one-sex drug,False,False,False,False,False,True,True,False,False,silent,,
drug-trials-snapshots-duvyzat,Duvyzat,2024,Neurology,0.0,20241121,one-sex drug,False,False,False,False,False,True,False,False,True,no effect stated,,
drug-trials-snapshots-emflaza,Emflaza,2017,Neurology,0.0,20251113,one-sex drug,False,False,False,False,False,True,True,False,True,silent,,
drug-trial-snapshot-erleada,Erleada,2018,Oncology,0.0,20260702,one-sex drug,False,False,False,False,False,True,True,False,False,silent,,
drug-trials-snapshots-exondys-51,Exondys 51,2016,Neurology,0.0,20250813,one-sex drug,False,False,False,False,False,False,False,False,True,silent,,Sex: Sex effects have not been evaluated;
drug-trials-snapshots-forzinity,Forzinity,2025,Cardiovascular,0.0,20251210,one-sex drug,False,False,False,False,False,True,True,False,False,silent,,
drug-trials-snapshot-ga-68-psma-11,Ga 68 PSMA-11,2020,Imaging & diagnostics,0.0,20260514,one-sex drug,False,False,False,False,False,True,True,False,False,silent,,
drug-trials-snapshots-hemlibra,Hemlibra,2017,Hematology,0.0,20250711,one-sex drug,False,False,False,False,False,True,True,False,True,affects exposure,Body weight : The apparent clearance and volume of distribution of emicizumab-kxwh increased with increasing body weight (9 kg to 156 kg).,
drug-trials-snapshots-hympavzi,Hympavzi,2024,Hematology,0.0,20260622,one-sex drug,False,False,False,False,False,True,True,False,True,affects exposure,Body Weight Body weight was a significant covariate impacting the pharmacokinetics of marstacimab‑hncq.,
drug-trial-snapshot-orgovyx,Orgovyx,2020,Oncology,0.0,20251010,one-sex drug,False,False,False,False,False,True,True,False,False,silent,,
drug-trials-snapshots-pluvicto,Pluvicto,2022,Oncology,0.0,20260812,one-sex drug,False,False,False,False,False,True,True,False,False,silent,,
drug-trials-snapshot-posluma,Posluma,2023,Oncology,0.0,20260725,one-sex drug,False,False,False,False,False,True,True,False,False,silent,,
drug-trials-snapshots-pylarify,Pylarify,2021,Imaging & diagnostics,0.0,20260701,one-sex drug,False,False,False,False,False,True,True,False,False,silent,,
drug-trials-snapshots-qfitlia,Qfitlia,2025,Hematology,0.0,20250916,one-sex drug,False,False,False,False,False,True,True,False,True,silent,,
drug-trials-snapshots-rezurock,Rezurock,2021,Immunology & dermatology,0.0,20260407,one-sex drug,False,False,False,False,False,False,True,False,False,silent,,"Specific Populations No clinically significant differences in belumosudil pharmacokinetics were observed with regard to age (18 to 77 years), sex, weight (38.6 to 143 kg), or mild to moderate renal impairment (eGFR ≥60 and <90 mL/min/1.72m 2 to eGFR ≥30 and <60 mL/min/1.72m 2 )."
drug-trials-snapshots-viltepso,Viltepso,2020,Neurology,0.0,20250716,one-sex drug,False,False,False,False,False,False,False,False,True,silent,,
drug-trials-snapshots-vyondys-53,Vyondys 53,2019,Neurology,0.0,20250313,one-sex drug,False,False,False,False,False,False,False,False,True,silent,,Sex : Sex effects have not been evaluated;
drug-trials-snapshots-zycubo,Zycubo,2026,Other,0.9,20260112,one-sex drug,False,False,False,False,False,True,True,False,False,silent,,
drug-trials-snapshot-nuzolvence,Nuzolvence,2025,Infectious disease,9.1,20251222,no difference asserted,False,False,False,True,False,True,True,False,True,silent,,"Specific Populations No clinically significant differences in the pharmacokinetics of zoliflodacin were observed based on age (18 to 55 years old), sex, and race (White 61%, Black 28%, Asian 8%)."
drug-trials-snapshot-attruby,Attruby,2024,Cardiovascular,9.2,20260629,"mentioned, unclear",False,False,False,False,False,True,True,False,False,silent,,
drug-trials-snapshots-anktiva,Anktiva,2024,Oncology,12.5,20250624,silent,False,False,False,False,False,True,True,False,False,silent,,
drug-trials-snapshot-biktarvy,Biktarvy,2018,Infectious disease,12.6,20240430,no difference asserted,False,False,False,True,False,True,True,False,False,silent,,"NA=Not Applicable C max (microgram per mL) 9.15 (44.8) 3.85 (34.7) 0.414 (31.0) AUC tau (microgram∙h per mL) 126 (42.4) 15.0 (21.9) 0.305 (42.6) C trough (microgram per mL) 2.43 (40.1) 0.210 (243) NA Race and Gender No clinically relevant changes in the pharmacokinetics of BIC, FTC, and TAF were obs"
drug-trials-snapshot-klisyri,Klisyri,2020,Immunology & dermatology,13.2,20260624,silent,False,False,False,False,False,True,True,False,False,silent,,
drug-trials-snapshots-genvoya,Genvoya,2015,Infectious disease,13.7,20250203,no difference asserted,False,False,False,True,False,False,False,False,False,silent,,"NA = Not Applicable C max (microgram per mL) 3.1 (38.7) 2.1 (46.7) 3.4 (27.0) 0.31 (61.2) 0.03 (20.8) AUC tau (microgram∙hour per mL) 33.8 N=22 (57.8) 15.9 N=20 (51.7) 20.6 (18.9) 0.33 (44.8) 0.44 (20.9) C trough (microgram per mL) 0.37 (118.5) 0.1 (168.7) 0.11 (24.1) NA 0.02 (24.9) Race, Gender No "
drug-trials-snapshots-trogarzo,Trogarzo,2018,Infectious disease,15.0,20260107,"mentioned, unclear",False,False,False,False,False,True,True,False,False,affects exposure,The result suggests that ibalizumab-uiyk concentration decreases as body weight increases;,
drug-trials-snapshots-imjudo,Imjudo,2022,Oncology,15.1,20260831,no difference asserted,False,False,False,True,False,True,True,False,True,no effect stated,,"Specific Populations There were no clinically significant differences in the pharmacokinetics of tremelimumab-actl based on body weight (34 to149 kg), age (18 to 87 years), sex, race (White, Black, Asian, Native Hawaiian, Pacific Islander, or American Indian), serum albumin levels (0.3 to 396 g/L), "
drug-trials-snapshot-libtayo,Libtayo,2018,Oncology,15.3,20260831,"mentioned, unclear",False,False,False,False,False,True,True,False,False,silent,,
drug-trials-snapshots-pifeltro,Pifeltro,2018,Infectious disease,15.6,20260709,silent,False,False,False,False,False,False,False,False,False,silent,,
drug-trials-snapshots-tevimbra,Tevimbra,2024,Oncology,15.6,20260831,silent,False,False,False,False,False,True,True,False,False,silent,,
drug-trials-snapshots-decnupaz,Decnupaz,2026,Oncology,17.9,20260527,difference noted,False,False,True,False,False,True,True,False,True,silent,,Higher pivekimab sunirine-pvzy exposure and lower FGN849 exposure were observed in female patients compared to those in male patients.
drug-trials-snapshots-penpulimab-kcqx,Penpulimab-Kcqx,2025,Oncology,17.9,20260908,silent,False,False,False,False,False,True,True,False,True,no effect stated,,
drug-trials-snapshot-skytrofa,Skytrofa,2021,Metabolic & endocrine,18.0,20260723,no difference asserted,False,False,False,True,False,True,True,False,True,no effect stated,,"Specific Populations Based on a population pharmacokinetic analysis, age (3.0 to 13.7 years for pediatric patients and 23 to 75 years for adult patients), sex, race, and body weight do not have clinically meaningful effects on pharmacokinetics."
drug-trials-snapshots-calquence,Calquence,2017,Oncology,20.2,20260219,no difference asserted,False,False,False,True,False,True,True,False,True,silent,,"Specific Populations There were no clinically significant differences in the pharmacokinetics of acalabrutinib and its active metabolite, ACP‑5862, based on age (32 to 90 years), sex, race (Caucasian, African American), body weight (40 to 149 kg), or mild to moderate renal impairment (estimated glom"
drug-trials-snapshots-jaypirca,Jaypirca,2023,Oncology,20.6,20260306,no difference asserted,False,False,False,True,False,True,True,False,False,silent,,"Specific Populations There were no clinically significant differences in the pharmacokinetics of pirtobrutinib based on age (range 22 – 95 years), sex, race/ethnicity (White 84%, Asian 8%), body weight (range 35.7 – 152 kg), mild (total bilirubin ≤ upper limit of normal (ULN) and aspartate aminotran"
drug-trials-snapshots-balversa,Balversa,2019,Oncology,20.7,20251024,no difference asserted,False,False,False,True,False,True,True,False,False,silent,,"Specific Populations No clinically meaningful effects on erdafitinib exposure were observed based on age (21–92 years), sex, race (White, Hispanic or Asian), body weight (36–166 kg), mild (Child-Pugh A) or moderate (Child-Pugh B) hepatic impairment, or mild to moderate renal impairment (eGFR 30 to 8"
drug-trials-snapshot-entresto,Entresto,2015,Cardiovascular,21.9,20260706,"mentioned, unclear",True,False,False,False,False,False,True,False,True,silent,,
drug-trials-snapshots-tecentriq,Tecentriq,2016,Oncology,22.3,20260520,no difference asserted,False,False,False,True,False,True,True,False,True,no effect stated,,"Specific Populations The following factors had no clinically significant effect on the systemic exposure of atezolizumab: age (2 to 89 years), body weight, sex, albumin levels, tumor burden, region or race, mild or moderate renal impairment [estimated glomerular filtration rate (eGFR) 30 to 89 mL/mi"
drug-trials-snapshots-vosevi,Vosevi,2017,Infectious disease,22.7,20250714,no difference asserted,False,False,False,True,False,False,True,False,False,silent,,"Race and Gender: Population pharmacokinetics analysis in HCV-infected subjects indicated that race and gender had no clinically relevant effect on the exposure of sofosbuvir, GS-331007, velpatasvir, or voxilaprevir."
drug-trial-snapshot-elzonris,Elzonris,2018,Oncology,23.4,20241209,no difference asserted,False,False,False,True,False,True,True,False,True,silent,,"Specific Population No clinically significant differences in the pharmacokinetics of tagraxofusp-erzs were observed based on age (22 to 84 years), sex, mild to moderate renal impairment (eGFR 30 to 89 mL/min/1.73 m 2 , estimated by MDRD), mild (total bilirubin ≤ ULN and AST >ULN, or total bilirubin "
drug-trials-snapshot-corlanor,Corlanor,2015,Cardiovascular,23.6,20251110,silent,False,False,False,False,False,True,True,False,True,silent,,
drug-trials-snapshot-verquvo,Verquvo,2021,Cardiovascular,23.9,20260121,no difference asserted,False,False,False,True,False,True,True,False,False,silent,,"No clinically significant differences in the pharmacokinetics of vericiguat were observed based on age, sex, race/ethnicity (Black, White, Asian, Hispanic, Latino), body weight, or baseline NT-proBNP."
drug-trials-snapshots-caplyta,Caplyta,2019,Psychiatry,24.3,20250620,no difference asserted,False,False,False,True,False,True,True,False,False,silent,,"Specific Populations No clinically significant differences in the pharmacokinetics of lumateperone were observed based on age, sex, or race."
drug-trials-snapshot-cobenfy,Cobenfy,2024,Psychiatry,24.6,20260116,"mentioned, unclear",False,False,False,False,False,True,True,False,False,affects exposure,"Body Weight Compared to subjects weighing 70 kg, xanomeline exposures were 30 to 35% lower and trospium exposures were 20 to 35% lower in subjects weighing 120 kg.",
drug-trials-snapshots-krintafel,Krintafel,2018,Infectious disease,24.9,20230802,"mentioned, unclear",False,False,False,False,False,True,True,False,False,silent,,
drug-trials-snapshots-sunlenca,Sunlenca,2022,Infectious disease,25.0,20260827,no difference asserted,False,False,False,True,False,False,False,False,False,silent,,"Specific Populations There were no clinically significant differences in the pharmacokinetics of lenacapavir based on age (18 to 78 years), sex, ethnicity (hispanic or non-hispanic), race (white, black, asian or other), body weight (41.4 to 164 kg), severe renal impairment (creatinine clearance of 1"
drug-trials-snapshots-xuriden,Xuriden,2015,Metabolic & endocrine,25.0,20250218,silent,False,False,False,False,False,True,True,False,True,silent,,
drug-trials-snapshot-avycaz-ciai,Avycaz,2015,Infectious disease,25.6,20250430,quantified difference,True,True,False,False,False,True,True,False,True,silent,,"Gender Following single-dose administration of 0.5 grams avibactam as a 30-minute infusion, healthy male subjects (n = 17) had 18% lower avibactam C max values than healthy female subjects (n = 16)."
drug-trial-snapshot-onpattro,Onpattro,2018,Cardiovascular,25.8,20250908,no difference asserted,False,False,False,True,False,True,True,False,True,silent,,"Caucasian), sex, and prior liver transplantation had no impact on the steady state pharmacokinetics of patisiran or TTR reduction."
drug-trials-snapshots-xacduro,Xacduro,2023,Infectious disease,25.8,20260723,silent,False,False,False,False,False,False,False,False,True,silent,,
drug-trials-snapshots-rukobia,Rukobia,2020,Infectious disease,26.5,20240213,no difference asserted,False,False,False,True,False,True,True,False,False,silent,,"Parameter Mean (CV%) Temsavir a C max (ng/mL) 1,770 (39.9) AUC tau (ng.h/mL) 12,900 (46.4) C trough or C 12 (ng/mL) 478 (81.5) Specific Populations No clinically significant differences in the pharmacokinetics of temsavir were observed based on age, sex, race/ethnicity (White, Black/African American"
drug-trials-snapshots-stiolto-respimat,Stiolto Respimat,2015,Respiratory,27.4,20250630,"mentioned, unclear",False,False,False,False,False,False,True,False,False,silent,,
drug-trials-snapshots-lucemyra,Lucemyra,2018,Other,27.6,20260722,"mentioned, unclear",False,False,False,False,False,False,True,False,False,silent,,
drug-trials-snapshot-cabenuva,Cabenuva,2021,Infectious disease,27.9,20251126,no difference asserted,False,False,False,True,False,True,True,False,False,silent,,"221,783) 138 (80.6, 228) 68.9 (38.0, 119) Specific Populations No clinically significant differences in the pharmacokinetics of cabotegravir or rilpivirine were observed based on age, sex, race/ethnicity, BMI, or UGT1A1 polymorphisms."
drug-trial-snapshot-daurismo,Daurismo,2018,Oncology,28.0,20251212,"mentioned, unclear",False,False,False,False,False,True,True,False,False,silent,,
drug-trials-snapshots-imfinzi,Imfinzi,2017,Oncology,28.0,20260831,no difference asserted,False,False,False,True,False,True,True,False,True,no effect stated,,"Specific Populations There were no clinically significant differences in the pharmacokinetics of durvalumab based on body weight (31 to 175 kg), age (18 to 96 years), sex, race (White, Black, Asian, Native Hawaiian, Pacific Islander, or Native American), albumin levels (4 to 57 g/L), lactate dehydro"
drug-trials-snapshots-kengreal,Kengreal,2015,Cardiovascular,28.0,20251021,no difference asserted,False,False,False,True,False,True,True,False,True,affects exposure,"Weight Although weight was a significant covariate for PK with higher clearance in heavier patients, the impact of weight on drug exposure is accounted by the use of weight-based dosing.","Specific Populations KENGREAL pharmacokinetics are not affected by sex, age, renal status or hepatic function."
drug-trials-snapshot-nexobrid,Nexobrid,2022,Other,28.1,20250911,silent,False,False,False,False,False,True,True,False,True,silent,,
drug-trials-snapshots-ngenla,Ngenla,2023,Metabolic & endocrine,28.1,20260814,no difference asserted,False,False,False,True,False,True,True,False,True,affects exposure,The exposure of somatrogon-ghla decreases with an increase in body weight.,"Specific Populations Based on population PK analyses, age, sex, race, and ethnicity do not have a clinically meaningful effect on the pharmacokinetics of somatrogon-ghla in pediatric patients with GHD."
drug-trials-snapshots-bimzelx,Bimzelx,2023,Immunology & dermatology,28.2,20250616,silent,False,False,False,False,False,True,True,False,False,silent,,
drug-trials-snapshots-emrelis,Emrelis,2025,Oncology,28.6,20250525,no difference asserted,False,False,False,True,False,False,True,False,True,silent,,"Specific Populations No clinically significant differences in the pharmacokinetics of the ADC or unconjugated MMAE were observed based on age (30 to 87 years), sex, race (65% White, 32% Asian, and 3% Black), body weight (34 to 144 kg), mild or moderate renal impairment (CLcr 30 to 89 mL/min, estimat"
drug-trials-snapshots-tremfya,Tremfya,2017,Immunology & dermatology,28.9,20260604,silent,False,False,False,False,False,False,True,False,False,affects exposure,"Clearance and volume of distribution of guselkumab increases as body weight increases, however, observed clinical trial data indicate that dose adjustment for body weight is not warranted.",
drug-trials-snapshots-nexletol,Nexletol,2020,Cardiovascular,29.4,20260625,no difference asserted,False,False,False,True,False,True,True,False,False,silent,,"Specific Populations No clinically significant differences in the pharmacokinetics of bempedoic acid were observed based on age, gender, race, weight, renal impairment (mild, moderate, and severe renal impairment or renal failure), or mild (Child-Pugh Class A) and moderate (Child-Pugh Class B) hepat"
drug-trials-snapshots-padcev,Padcev,2019,Oncology,29.6,20260804,no difference asserted,False,False,False,True,False,False,True,False,True,silent,,"Specific Populations No clinically significant differences in the pharmacokinetics of the ADC or unconjugated MMAE were identified based on age (24 to 90 years), sex, race (White, Asian, or Black), renal impairment, and mild hepatic impairment (total bilirubin of 1 to 1.5 × ULN and any AST, or total"
drug-trials-snapshots-skyrizi,Skyrizi,2019,Immunology & dermatology,29.8,20260615,silent,False,False,False,False,False,True,True,False,True,affects exposure,Body Weight Risankizumab-rzaa clearance and volume of distribution increase and plasma concentrations decrease as body weight increases;,
drug-trials-snapshot-cosentyx-secukinumab,Cosentyx,2015,Immunology & dermatology,29.9,20260825,silent,False,False,False,False,False,True,True,False,True,affects exposure,Weight Secukinumab clearance and volume of distribution increase as body weight increases.,
drug-trials-snapshots-inqovi,Inqovi,2020,Oncology,30.5,20260525,silent,False,False,False,False,False,True,True,False,False,affects exposure,"Decitabine exposure (AUC) increased with decreasing body surface area or body weight, and cedazuridine exposure increased with decreasing CLcr;",
drug-trials-snapshots-wainua,Wainua,2023,Cardiovascular,30.7,20260415,no difference asserted,False,False,False,True,False,True,True,False,False,no effect stated,,"Specific Populations Population pharmacokinetic and pharmacodynamic analysis showed no clinically meaningful differences in the pharmacokinetics or pharmacodynamics of eplontersen based on age, body weight, sex, race, Val30Met variant status, mild and moderate renal impairment (eGFR≥30 to <90 mL/min"
drug-trials-snapshot-siliq,Siliq,2017,Immunology & dermatology,30.8,20260528,silent,False,False,False,False,False,True,True,False,False,affects exposure,Weight Brodalumab trough concentrations were lower in subjects with higher body weight.,
drug-trials-snapshots-filspari,Filspari,2023,Urology & nephrology,31.0,20260409,no difference asserted,False,False,False,True,False,True,True,False,False,silent,,"Specific Populations No clinically significant differences in the pharmacokinetics of sparsentan were observed based on age (8 – 75 years), sex, race, mild to moderate renal impairment (eGFR 30 to 89 mL/min/1.73 m 2 ), or mild to moderate hepatic impairment (Child-Pugh class A or B)."
drug-trial-snapshots-amvuttra,Amvuttra,2022,Cardiovascular,31.2,20251106,no difference asserted,False,False,False,True,False,True,True,False,False,silent,,"The mean renal clearance of vutrisiran ranged from 4.5 to 5.7 L/hour After single subcutaneous vutrisiran dose from 5 to 300 mg (i.e., 0.2 to 12 times the recommended dose) in healthy subjects Specific Populations No clinically significant differences in the pharmacokinetics of vutrisiran were obser"
drug-trials-snapshot-lybalvi,Lybalvi,2021,Other,31.5,20260131,quantified difference,False,True,True,True,False,True,True,False,False,silent,,Male and Female Patients Clearance of olanzapine is approximately 30% lower in females than males.
drug-trials-snapshots-icotyde,Icotyde,2026,Immunology & dermatology,31.8,20260317,"mentioned, unclear",False,False,False,False,False,True,True,False,False,silent,,
drug-trials-snapshots-aristada,Aristada,2015,Psychiatry,32.1,20250128,no difference asserted,False,False,False,True,False,True,False,False,False,silent,,"Figure 3: The Effects of Oral Aripiprazole on Pharmacokinetics of Other Drugs Figure 1 Figure 2 Figure 3 Specific Population Studies A population pharmacokinetic analysis showed no effect of sex, race or smoking on ARISTADA pharmacokinetics [see Use in Specific Populations ( 8.8 )] ."
drug-trials-snapshots-relyvrio,Relyvrio,2022,Neurology,32.1,20260709,difference noted,False,False,True,False,False,False,True,False,True,silent,,"Special Populations Gender: Significant gender differences were found in the pharmacokinetics of phenylbutyrate and phenylacetate, but not for phenylacetylglutamine."
drug-trials-snapshot-venclexta,Venclexta,2016,Oncology,32.1,20260520,no difference asserted,False,False,False,True,False,True,True,False,True,silent,,"Specific Populations No clinically significant differences in the pharmacokinetics of venetoclax were observed based on age (19 to 93 years), sex, weight, mild to severe renal impairment (CLcr 15 to 89 mL/min, calculated by Cockcroft-Gault), or mild to moderate hepatic impairment (normal total bilir"
drug-trials-snapshots-taltz,Taltz,2016,Immunology & dermatology,32.3,20260122,silent,False,False,False,False,False,False,True,False,False,affects exposure,Weight Ixekizumab clearance and volume of distribution increase as body weight increases.,
drug-trials-snapshots-leqvio,Leqvio,2021,Cardiovascular,32.5,20260819,"mentioned, unclear",False,False,False,False,False,True,True,False,False,silent,,
drug-trials-snapshots-sotyktu,Sotyktu,2022,Immunology & dermatology,33.2,20260630,no difference asserted,False,False,False,True,False,True,True,False,False,no effect stated,,"Body Weight, Gender, Race, and Age Body weight, gender, race, and age did not have a clinically significant effect on deucravacitinib exposure."
drug-trials-snapshot-cosela,Cosela,2021,Oncology,33.5,20250831,no difference asserted,False,False,False,True,False,False,True,False,True,silent,,"Specific Populations No clinically significant differences in the pharmacokinetics of trilaciclib were observed based on age (range: 19 to 80 years), sex, race, mild to moderate renal impairment (30 to 89 mL/min/1.73 m 2 measured by estimated glomerular filtration rate [eGFR]), or mild hepatic impai"
drug-trials-snapshots-polivy,Polivy,2019,Oncology,33.8,20260824,no difference asserted,False,False,False,True,False,True,True,False,True,silent,,"Specific Populations No clinically significant differences in the pharmacokinetics of acMMAE or unconjugated MMAE were observed based on age (19 to 89 years), sex (males versus females), race (White 69%, Asian 11%), or mild to moderate renal impairment (CLcr 30 to 89 mL/min)."
drug-trials-snapshots-brenzavvy,Brenzavvy,2023,Metabolic & endocrine,34.0,20260610,no difference asserted,False,False,False,True,False,True,True,False,False,no effect stated,,"There is no clinical experience in patients with Child-Pugh class C (severe) hepatic impairment [see Use in Specific Populations ( 8.7 ) Effects of Age, Body Weight, Sex, and Race Based on a population pharmacokinetic analysis, age, body weight, sex and race do not have a clinically relevant effect "
drug-trials-snapshots-iomervu,Iomervu,2024,Imaging & diagnostics,34.1,20260205,silent,False,False,False,False,False,False,True,False,False,silent,,
drug-trials-snapshots-columvi,Columvi,2023,Oncology,34.5,20260625,no difference asserted,False,False,False,True,False,True,True,False,False,silent,,"Specific Populations No clinically significant changes in the pharmacokinetics of glofitamab-gxbm were observed based on age (21 to 90 years), body weight (31 to 148 kg), sex, mild to moderate renal impairment (CLcr 30 to < 90 mL/min as estimated by Cockcroft-Gault formula) and mild hepatic impairme"
drug-trial-snapshot-doptelet,Doptelet,2018,Hematology,34.5,20250813,"mentioned, unclear",False,False,False,False,False,True,True,False,False,affects exposure,Lower body weight was associated with higher avatrombopag C max and AUC following the proposed starting dose in patients aged 6 years and older weighing 16.3 to 175 kg.,
drug-trials-snapshot-livmarli,Livmarli,2021,Metabolic & endocrine,34.5,20250410,silent,False,False,False,False,False,False,True,False,True,silent,,
drug-trials-snapshots-nulibry,Nulibry,2021,Other,35.0,20260526,silent,False,False,False,False,False,True,False,False,True,silent,,
drug-trials-snapshots-aphexda,Aphexda,2023,Oncology,35.2,20260604,quantified difference,False,True,True,False,False,True,True,False,True,silent,,"Despite higher relative bioavailability in females compared to males, the mg/kg dosing strategy and generally lower body weights in females result in only 10% higher exposures (AUC 0-24h and C max ) in females versus males for a weight-based dose and therefore is not considered clinically meaningful"
drug-trials-snapshot-rydapt,Rydapt,2017,Oncology,35.9,20260608,"mentioned, unclear",False,False,False,False,False,True,True,False,False,silent,,
drug-trials-snapshots-moxidectin,Moxidectin,2018,Infectious disease,36.1,20260730,no difference asserted,False,False,False,True,False,False,True,False,False,silent,,"Specific Populations In clinical studies, no clinically significant differences in the pharmacokinetics of moxidectin were observed based on age (18 to 60 years), sex, weight (42.7 to 107.2 kg), or renal impairment (creatinine clearance (CrCL) 47 to 89 mL/min, estimated by Cockcroft-Gault)."
drug-trials-snapshot-copiktra,Copiktra,2018,Oncology,36.2,20251218,"mentioned, unclear",False,False,False,False,False,True,True,False,False,no effect stated,,
drug-trials-snapshots-nuplazid,Nuplazid,2016,Neurology,36.2,20260618,no difference asserted,False,False,False,True,False,True,True,False,False,no effect stated,,"Specific Populations Population PK analysis indicated that age, sex, ethnicity, and weight do not have clinically relevant effect on the pharmacokinetics of pimavanserin."
drug-trials-snapshots-baxdela,Baxdela,2017,Infectious disease,36.7,20250801,quantified difference,True,True,True,False,False,True,True,False,False,silent,,Results from a population pharmacokinetic analysis showed that females have a 24% lower AUC than males.
drug-trials-snapshots-veklury,Veklury,2020,Infectious disease,36.7,20260729,no difference asserted,False,False,False,True,False,False,True,False,True,silent,,Sex and race did not affect the pharmacokinetics of remdesivir and its metabolites (GS-441524 and GS-704277).
drug-trials-snapshots-ojjaara,Ojjaara,2023,Oncology,36.9,20260720,"mentioned, unclear",False,False,False,False,False,True,True,False,False,silent,,
drug-trials-snapshots-tazverik,Tazverik,2020,Oncology,37.1,20260429,"mentioned, unclear",False,False,False,False,False,True,False,False,False,silent,,
drug-trials-snapshot-odomzo,Odomzo,2015,Oncology,37.4,20241231,no difference asserted,False,False,False,True,False,True,True,False,False,silent,,"Specific Populations Age, body weight, hepatic impairment (Child-Pugh A, B and C), mild to moderate renal impairment (creatinine clearance 30 to 89 mL/min) and sex had no clinically meaningful effect on sonidegib steady-state exposure."
drug-trials-snapshots-voyxact,Voyxact,2025,Urology & nephrology,37.5,20260317,"mentioned, unclear",False,False,False,False,False,True,True,False,False,silent,,
drug-trials-snapshots-rytelo,Rytelo,2024,Oncology,37.6,20260422,no difference asserted,False,False,False,True,False,True,True,False,True,silent,,"Specific populations No clinically significant differences in the pharmacokinetics of imetelstat were observed based on age (21 to 87 years), sex, race (81% White, 4% Asian, 7% Black, 8% other/unknown), mild to moderate renal impairment (CL cr 30 to < 90 mL/min), mild hepatic impairment (total bilir"
drug-trials-snapshots-vyloy,Vyloy,2024,Oncology,37.9,20260811,no difference asserted,False,False,False,True,False,True,True,False,True,silent,,"Specific Populations The following factors had no clinically important effect on the clearance of zolbetuximab-clzb: age (range: 22 to 83 years), sex, race including White (50%), Asian (42%), Black (0.8%), mild to moderate (CL cr ≥30 to <90 mL/min) renal impairment and mild hepatic impairment (total"
drug-trials-snapshots-epclusa,Epclusa,2016,Infectious disease,38.1,20240605,no difference asserted,False,False,False,True,False,False,True,False,True,silent,,"Gender: Population pharmacokinetics analysis in HCV-infected subjects indicated that gender had no clinically relevant effect on the exposure of sofosbuvir, GS-331007, or velpatasvir."
drug-trials-snapshot-savaysa-edoxaban-prevention-stroke-atrial-fibrillation,Savaysa,2015,Cardiovascular,38.1,20250710,"mentioned, unclear",False,False,False,False,False,False,True,False,False,affects exposure,"Weight In a population pharmacokinetic analysis, total exposure in patients with median low body weight (55 kg) was increased by 13% as compared with patients with median high body weight (84 kg).",
drug-trials-snapshots-asparlas,Asparlas,2018,Oncology,38.4,20241008,silent,False,False,False,False,False,True,True,False,False,silent,,
drug-trials-snapshots-epkinly,Epkinly,2023,Oncology,38.5,20260622,no difference asserted,False,False,False,True,False,True,True,False,True,affects exposure,"Body Weight In patients who received the recommended dosage of EPKINLY, geometric mean average concentration following the first full 48 mg dose was 31% lower in the higher body weight (BW) group (85 to 172 kg) and 13% higher in the lower BW group (39 to 65 kg) compared to patients with BW of 65 to ","Specific Populations No clinically significant differences in the PK of epcoritamab-bysp were observed based on age (20 to 89 years), sex, race (White or Asian), mild to moderate renal impairment (creatinine clearance [CLcr] 30 to < 90 mL/min as estimated by Cockcroft-Gault formula), and mild hepati"
drug-trials-snapshot-lonsurf,Lonsurf,2015,Oncology,38.6,20251105,no difference asserted,False,False,False,True,False,True,True,False,True,silent,,"Specific Populations Based on the population pharmacokinetic analysis, there is no clinically relevant effect of age, sex, or race (White or Asian) on the pharmacokinetics of trifluridine or tipiracil."
drug-trials-snapshots-zepatier,Zepatier,2016,Infectious disease,38.7,20260313,quantified difference,False,True,True,False,False,False,True,False,True,no effect stated,,"Gender In population pharmacokinetic analyses, elbasvir and grazoprevir AUCs are estimated to be 50% and 30% higher, respectively, in females compared to males."
drug-trials-snapshots-azstarys,Azstarys,2021,Psychiatry,38.9,20260511,no difference asserted,False,False,False,True,False,True,True,False,False,silent,,Specific Populations Sex No significant pharmacokinetic differences based on sex have been observed for AZSTARYS.
drug-trials-snapshot-lunsumio,Lunsumio,2022,Oncology,38.9,20260629,silent,False,False,False,False,False,True,True,False,False,silent,,
drug-trials-snapshots-besremi,Besremi,2021,Hematology,39.0,20260825,no difference asserted,False,False,False,True,False,True,True,False,False,silent,,"Specific Populations No clinically significant differences in the pharmacokinetics of BESREMi were observed based on age, sex, body surface area, and JAK2V617F mutation."
drug-trials-snapshots-grafapex,Grafapex,2025,Oncology,39.1,20250131,no difference asserted,False,False,False,True,False,False,True,False,True,silent,,"Specific Populations No clinically significant differences in the pharmacokinetics of treosulfan based on sex, mild renal impairment (CLcr 60‑89 mL/min), or mild hepatic impairment (total bilirubin less than or equal to ULN with AST greater than ULN or total bilirubin greater than 1 to 1.5 times ULN"
drug-trials-snapshots-rezzayo,Rezzayo,2023,Infectious disease,39.1,20260701,no difference asserted,False,False,False,True,False,True,True,False,False,affects exposure,"At the recommended dosage for pediatric patients 12 years of age and older, population pharmacokinetic modeling and simulation analyses demonstrate that rezafungin exposures are expected to be higher than mean adult exposures across the evaluated age (17 to 81 years) and weight (27.6 to 254.3 kg) ra","AUC 0–168h = area under the plasma concentration-time curve from time zero to 168 hours post dose Specific Populations No clinically relevant effects on the pharmacokinetics of rezafungin were observed based on age (range: 20 to 89 years), sex (60.6% male), race (~10% Asian, 10% Black, 77% White), w"
drug-trials-snapshots-giapreza,Giapreza,2018,Urology & nephrology,39.3,20260722,"mentioned, unclear",False,False,False,False,False,True,True,False,False,silent,,
drug-trials-snapshot-veltassa,Veltassa,2015,Urology & nephrology,39.3,20250131,silent,False,False,False,False,False,False,False,False,False,silent,,
drug-trials-snapshot-parsabiv,Parsabiv,2017,Metabolic & endocrine,39.6,20260308,no difference asserted,False,False,False,True,False,True,True,False,False,no effect stated,,"Specific Populations Effects of Body Weight, Gender, Race, and Age Results of population pharmacokinetic analyses indicate that body weight (29 to 163 kg), gender, race, and age (20 to 93 years of age) do not influence the pharmacokinetics of etelcalcetide."
drug-trials-snapshots-adlyxin,Adlyxin,2016,Metabolic & endocrine,39.7,20260318,"mentioned, unclear",False,False,False,False,False,True,True,False,False,silent,,
drug-trials-snapshots-akynzeo,Akynzeo,2018,Gastroenterology,39.7,20260623,quantified difference,True,True,True,True,False,True,True,False,False,silent,,"Male and Female Patients In a pooled analysis of data following AKYNZEO capsules, the C max for netupitant was 35% higher in females than in males while the AUC inf was similar between males and females."
drug-trials-snapshots-elfabrio,Elfabrio,2023,Cardiovascular,39.8,20240708,"mentioned, unclear",False,False,False,False,False,True,True,False,True,silent,,
drug-trials-snapshots-radicava,Radicava,2017,Neurology,39.8,20260505,"mentioned, unclear",False,False,False,False,False,True,True,False,False,silent,,
drug-trials-snapshots-filsuvez,Filsuvez,2023,Other,39.9,20260724,silent,False,False,False,False,False,True,True,False,False,silent,,
drug-trials-snapshots-zevtera,Zevtera,2024,Infectious disease,39.9,20260702,no difference asserted,False,False,False,True,False,True,True,False,True,silent,,C max (µg/mL) 33.0 (4.83) AUC 0-8h (µg•h/mL) 102 (11.9) Distribution % Bound to human plasma protein 16 % ELF/unbound plasma 15-19 V ss (L) 18 Metabolism (Minimally Metabolized) t 1/2 (h) 3.3 (0.3) CL (L/h) 4.98 (0.582) Excretion Major route of elimination Renal % excreted unchanged in urine 83 Spec
drug-trials-snapshots-koselugo,Koselugo,2020,Oncology,40.0,20260526,silent,False,False,False,False,False,True,True,False,True,silent,,
drug-trial-snapshot-revcovi,Revcovi,2018,Infectious disease,40.0,20260531,silent,False,False,False,False,False,False,False,False,True,silent,,
drug-trials-snapshots-omvoh,Omvoh,2023,Immunology & dermatology,40.2,20260616,no difference asserted,False,False,False,True,False,False,True,False,False,silent,,"Specific Populations There were no clinically significant differences in the pharmacokinetics of mirikizumab-mrkz based on age (18 to 79 years), sex, race (White or Asian), or mild and moderate renal impairment (i.e., estimated creatinine clearance by Cockcroft-Gault equation: 30 to 89 mL/min)."
drug-trials-snapshot-praluent,Praluent,2015,Cardiovascular,40.2,20260716,"mentioned, unclear",False,False,False,False,False,False,True,False,False,silent,,
drug-trials-snapshots-cresemba-aspergillosis,Cresemba,2015,Infectious disease,40.3,20250425,quantified difference,True,True,True,False,False,False,True,False,True,silent,,"Elderly female AUC estimates were 38% and 47% greater than AUC estimates obtained in elderly males and younger females, respectively."
drug-trials-snapshots-terlivaz,Terlivaz,2022,Urology & nephrology,40.3,20260619,"mentioned, unclear",False,False,False,False,False,False,True,False,False,affects exposure,"Clearance of terlipressin in HRS-1 patients increased with body weight, while body weight had no effect on the clearance of lysine-vasopressin.",
drug-trials-snapshots-empliciti,Empliciti,2015,Oncology,40.4,20220322,"mentioned, unclear",False,False,False,False,False,True,True,False,True,affects exposure,The clearance of elotuzumab increased with increasing body weight supporting a weight-based dose.,
drug-trials-snapshots-korsuva,Korsuva,2021,Urology & nephrology,40.4,20250826,no difference asserted,False,False,False,True,False,True,True,False,True,silent,,"Specific Populations No clinically significant differences in the pharmacokinetics of difelikefalin were observed based on age (25 to 80 years of age), sex, race/ethnicity, or mild-to-moderate hepatic impairment."
drug-trials-snapshots-besponsa,Besponsa,2017,Oncology,40.5,20260206,no difference asserted,False,False,False,True,False,True,True,False,True,silent,,"Age (18 to 92 years of age), sex, and race (Asian versus non-Asian [Caucasian, Black, and Unspecified]) had no clinically significant effect on the pharmacokinetics of inotuzumab ozogamicin."
drug-trials-snapshots-camzyos,Camzyos,2022,Cardiovascular,40.6,20250417,no difference asserted,False,False,False,True,False,True,False,False,False,silent,,"Specific Populations No clinically significant differences in the pharmacokinetics of mavacamten were observed based on age (range: 18-82 years), sex, race, ethnicity, or mild (eGFR: 60 to 89 mL/min/1.73 m 2 ) to moderate (eGFR: 30 to 59 mL/min/1.73 m 2 ) renal impairment."
drug-trials-snapshots-vraylar-treatment-bipolar-disorder-manicmixed-episode,Vraylar,2015,Psychiatry,40.6,20251218,no difference asserted,False,False,False,True,False,True,False,False,False,silent,,"Age , Sex, Race Age, sex, or race does not have clinically relevant effect on pharmacokinetics of cariprazine, DCAR, or DDCAR in adult population."
drug-trials-snapshots-tryvio,Tryvio,2024,Other,40.7,20260814,no difference asserted,False,False,False,True,False,True,True,False,False,silent,,"Specific Populations No clinically significant differences in the pharmacokinetics of aprocitentan were observed based on age (18–84 years), sex, race/ethnicity, body weight (44–196 kg), between patients and healthy subjects, mild to severe renal impairment (eGFR ≥15 mL/min), or mild to moderate hep"
drug-trials-snapshots-myqorzo,Myqorzo,2025,Cardiovascular,40.8,20251216,quantified difference,False,True,True,False,False,True,True,False,False,affects exposure,The highest body weight quartile of patients (median: 105 kg) demonstrated a 34% lower aficamten mean exposure (AUC) than the lowest body weight quartile of patients (median: 64 kg).,Female patients demonstrated a 31% higher mean exposure (AUC) compared to male patients.
drug-trials-snapshots-lokelma,Lokelma,2018,Urology & nephrology,40.9,20260326,silent,False,False,False,False,False,False,False,False,False,silent,,
drug-trial-snapshot-braftovi,Braftovi,2018,Oncology,41.0,20260226,no difference asserted,False,False,False,True,False,False,True,False,False,silent,,"Specific Populations No clinically significant differences in the pharmacokinetics of encorafenib were observed based on age (19 to 94 years), sex, body weight (34 to 168 kg), mild hepatic impairment (Child-Pugh Class A), and mild or moderate renal impairment (CLcr 30 to <90 mL/min)."
drug-trial-snapshot-mektovi,Mektovi,2018,Oncology,41.0,20250320,no difference asserted,False,False,False,True,False,False,True,False,False,silent,,"Specific Populations Age (20 to 94 years), sex, or body weight do not have a clinically important effect on the systemic exposure of binimetinib."
drug-trials-snapshots-tabrecta,Tabrecta,2020,Oncology,41.0,20251215,"mentioned, unclear",False,False,False,False,False,True,True,False,False,silent,,
drug-trial-snapshot-mulpleta,Mulpleta,2018,Hematology,41.1,20251209,silent,False,False,False,False,False,True,True,False,False,affects exposure,"Though lusutrombopag exposure tends to decrease with increasing body weight, differences in exposure are not considered clinically relevant.",
drug-trials-snapshots-zynlonta,Zynlonta,2021,Oncology,41.4,20260612,no difference asserted,False,False,False,True,False,True,True,False,True,silent,,"Specific Populations No clinically significant differences in the pharmacokinetics of loncastuximab tesirine-lpyl were observed based on age (20-94 years), sex, race (White vs."
drug-trial-snapshot-ozempic,Ozempic,2017,Metabolic & endocrine,41.5,20260730,no difference asserted,False,False,False,True,False,True,True,False,False,affects exposure,The exposure of semaglutide decreases with an increase in body weight.,"Specific Populations Based on a population pharmacokinetic analysis, age, sex, race, and ethnicity, and renal impairment do not have a clinically meaningful effect on the pharmacokinetics of semaglutide."
drug-trials-snapshots-zegalogue,Zegalogue,2021,Metabolic & endocrine,41.5,20230101,silent,False,False,False,False,False,True,True,False,False,silent,,
drug-trials-snapshots-adbry,Adbry,2021,Immunology & dermatology,41.6,20251217,no difference asserted,False,False,False,True,False,True,True,False,False,affects exposure,Body Weight The exposure of tralokinumab-ldrm decreases with increasing body weight.,"Specific Populations Geriatric Patients, Patients with Renal and Hepatic Impairment No clinically significant differences in the pharmacokinetics of tralokinumab-ldrm were observed based on age (ranged from 18 – 92 years), sex, mild to moderate renal impairment, or mild hepatic impairment."
drug-trials-snapshot-opdualag,Opdualag,2022,Oncology,41.7,20260608,no difference asserted,False,False,False,True,False,True,True,False,False,silent,,"Specific Populations The following factors had no clinically important effect on the clearance of nivolumab and relatlimab: age (17 to 92 years), sex, race (White, Asian, and Black/African American), mild or moderate renal impairment (eGFR 30 to 89 mL/min/1.73 m 2 ), mild hepatic impairment (total b"
drug-trials-snapshots-ingrezza,Ingrezza,2017,Neurology,41.8,20260417,silent,False,False,False,False,False,True,True,False,False,silent,,
drug-trials-snapshots-defencath,Defencath,2023,Infectious disease,41.9,20260904,silent,False,False,False,False,False,False,False,False,False,silent,,
drug-trials-snapshots-ongentys,Ongentys,2020,Neurology,42.1,20251015,"mentioned, unclear",False,False,False,False,False,True,True,False,False,silent,,
drug-trials-snapshots-prevymis,Prevymis,2017,Oncology,42.1,20260114,no difference asserted,False,False,False,True,False,False,True,False,True,no effect stated,,"40 mg 42,800 (23,800, 79,200) 40 mg 46,400 (26,300, 86,500) Age, Gender, Race, and Weight Age (18 to 82 years), gender, race, and body weight (up to 100 kg) did not have a clinically significant effect on the pharmacokinetics of letermovir in adult subjects."
drug-trials-snapshots-unituxin,Unituxin,2015,Oncology,42.1,20260706,silent,False,False,False,False,False,True,True,False,True,silent,,
drug-trials-snapshots-cotellic,Cotellic,2015,Oncology,42.2,20260729,no difference asserted,False,False,False,True,False,True,True,False,False,silent,,"Specific Populations Age, Sex, and Race/Ethnicity: Based on the population pharmacokinetic analysis, age (19–88 years), sex, or race/ethnicity does not have a clinically important effect on the systemic exposure of cobimetinib."
drug-trials-snapshots-mounjaro,Mounjaro,2022,Metabolic & endocrine,42.2,20260729,no difference asserted,False,False,False,True,False,True,True,False,False,affects exposure,"12.2 Pharmacodynamics Tirzepatide lowers fasting and postprandial glucose concentration, decreases food intake, and reduces body weight in patients with type 2 diabetes mellitus.","Specific Populations The intrinsic factors of age, gender, race, ethnicity, or body weight do not have a clinically relevant effect on the PK of tirzepatide."
drug-trials-snapshots-dupixent,Dupixent,2017,Immunology & dermatology,42.3,20260422,silent,False,False,False,False,False,False,True,False,False,affects exposure,Weight Dupilumab trough concentrations were lower in subjects with higher body weight.,
drug-trials-snapshots-tecvayli,Tecvayli,2022,Oncology,42.5,20260310,no difference asserted,False,False,False,True,False,True,True,False,True,affects exposure,"Body Weight The volume of distribution and clearance of teclistamab-cqyv increase with increasing body weight (37.6 kg to 164 kg), supporting a weight-based dose.","Specific Populations There were no clinically significant differences in the exposure of teclistamab-cqyv based on age (24 to 84 years), sex, race (White, Black or African American), ethnicity (Hispanic/Latino, not Hispanic/Latino), mild or moderate renal impairment (estimated glomerular filtration "
drug-trials-snapshots-qalsody,Qalsody,2023,Neurology,42.6,20241113,"mentioned, unclear",False,False,False,False,False,True,True,False,False,silent,,
drug-trials-snapshots-yartemlea,Yartemlea,2025,Cardiovascular,42.6,20260120,no difference asserted,False,False,False,True,False,True,True,False,True,affects exposure,Specific Populations Body weight was a significant covariate affecting the PK of narsoplimab-wuug.,No clinically significant differences in PK of narsoplimab-wuug were observed based on race or sex.
drug-trials-snapshots-jesduvroq,Jesduvroq,2023,Hematology,42.7,20230830,silent,False,False,False,False,False,True,True,False,False,silent,,
drug-trials-snapshots-vtama,Vtama,2022,Immunology & dermatology,42.7,20250528,silent,False,False,False,False,False,True,True,False,False,silent,,
drug-trial-snapshot-recarbrio,Recarbrio,2019,Infectious disease,42.8,20251209,no difference asserted,True,False,False,True,False,False,True,False,True,silent,,"Specific Populations No clinically significant differences in the pharmacokinetics of imipenem, cilastatin, or relebactam were observed based on age, gender, or race/ethnicity."
drug-trials-snapshots-rylaze,Rylaze,2021,Oncology,43.0,20250701,"mentioned, unclear",False,False,False,False,False,True,True,False,True,silent,,
drug-trials-snapshot-cholbam-bile-acid-synthesis-disorders,Cholbam,2015,Gastroenterology,43.2,20260126,silent,False,False,False,False,False,True,True,False,True,silent,,
drug-trials-snapshots-inrebic,Inrebic,2019,Oncology,43.2,20260720,"mentioned, unclear",False,False,False,False,False,True,True,False,False,silent,,
drug-trials-snapshot-talvey,Talvey,2023,Oncology,43.3,20251008,no difference asserted,False,False,False,True,False,True,True,False,True,silent,,"There were no clinically significant differences in the pharmacokinetics of talquetamab-tgvs based on age (33 to 86 years), sex, race (White, Black or African American), ethnicity (Not Hispanic/Latino, Hispanic/Latino), mild or moderate renal impairment (creatinine clearance [CLcr] by Cockcroft-Gaul"
drug-trials-snapshots-ninlaro,Ninlaro,2015,Oncology,43.4,20260811,no difference asserted,False,False,False,True,False,True,True,False,False,silent,,"Specific Populations There was no clinically meaningful effect of age (range 23-91 years), sex, body surface area (range 1.2-2.7 m 2 ), or race on the clearance of ixazomib based on population PK analysis."
drug-trial-snapshot-qinlock,Qinlock,2020,Oncology,43.4,20250512,silent,False,False,False,False,False,True,True,False,False,silent,,
drug-trials-snapshot-tavneos,Tavneos,2021,Other,43.6,20260602,no difference asserted,False,False,False,True,False,True,True,False,False,silent,,"Specific Populations No clinically significant differences in plasma exposure of avacopan and metabolite M1 were observed based on race (White, Asian, Black), gender (female 31%), age (18 to 83 years), body weight (40.3-174 kg), and renal function (eGFR 14-170 mL/min/1.73 m 2 at baseline)."
drug-trials-snapshot-tresiba,Tresiba,2015,Metabolic & endocrine,43.6,20240222,"mentioned, unclear",False,False,False,False,False,False,True,False,True,affects exposure,Body weight was a significant covariate affecting the clearance of TRESIBA.,
drug-trials-snapshots-vafseo,Vafseo,,Hematology,43.6,20260330,no difference asserted,False,False,False,True,False,True,True,False,False,silent,,"Specific Populations There were no clinically significant differences in the pharmacokinetics of vadadustat based on age, sex, race/ethnicity, or moderate hepatic impairment (Child-Pugh Class B)."
drug-trials-snapshots-velsipity,Velsipity,2023,Immunology & dermatology,43.6,20250818,no difference asserted,False,False,False,True,False,False,True,False,False,silent,,"Specific Populations No clinically significant differences in the pharmacokinetics of etrasimod were observed based on age (>65 years), sex, body weight, race, ethnicity, disease (healthy subjects vs."
drug-trials-snapshots-vistogard,Vistogard,2015,Oncology,43.7,20260331,no difference asserted,False,False,False,True,False,False,True,False,True,silent,,Specific Populations Sex Pharmacokinetics analyses showed that sex did not have a significant effect on uridine pharmacokinetics.
drug-trials-snapshots-inpefa,Inpefa,2023,Cardiovascular,43.8,20260812,no difference asserted,False,False,False,True,False,True,True,False,False,no effect stated,,"Effects of Age, Sex, Race, and Body Weight on Pharmacokinetics Based on population PK analysis, age, body weight, sex and race (non-white versus primarily whites) do not have a clinically meaningful effect on the PK of sotagliflozin."
drug-trials-snapshots-omegaven,Omegaven,2018,Metabolic & endocrine,43.9,20250905,silent,False,False,False,False,False,True,True,False,False,silent,,
drug-trials-snapshots-fexinidazole,Fexinidazole,2021,Infectious disease,44.0,20250502,"mentioned, unclear",True,False,False,False,False,False,True,False,False,silent,,
drug-trials-snapshots-lamzede,Lamzede,2023,Other,44.0,20230221,silent,False,False,False,False,False,True,True,False,True,silent,,
drug-trial-snapshot-xerava,Xerava,2018,Infectious disease,44.2,20250331,no difference asserted,False,False,False,True,False,True,True,False,True,silent,,"Specific Populations No clinically significant differences in the pharmacokinetics of eravacycline were observed based on age (18-86 years), sex, and race."
drug-trials-snapshots-fruzaqla,Fruzaqla,2023,Oncology,44.3,20260731,no difference asserted,False,False,False,True,False,True,True,False,False,silent,,"Specific Populations No clinically significant differences in the pharmacokinetics of fruquintinib were observed based on age (18 to 82 years), sex, race (Asian, Black, and White), ethnicity (Hispanic/Latino vs."
drug-trials-snapshots-austedo,Austedo,2017,Neurology,44.4,20250228,no difference asserted,False,False,False,True,False,True,True,False,False,silent,,Specific Populations Male and Female Patients There is no apparent effect of gender on the pharmacokinetics of α-HTBZ and β‑HTBZ of deutetrabenazine.
drug-trials-snapshots-vonjo,Vonjo,2022,Oncology,44.4,20260730,no difference asserted,False,False,False,True,False,True,True,False,False,no effect stated,,"Specific Populations No clinically significant differences in the pharmacokinetics of pacritinib were observed based on age, sex, body weight, or race."
drug-trials-snapshots-xenleta,Xenleta,2019,Infectious disease,44.4,20260722,no difference asserted,False,False,False,True,False,True,True,False,False,no effect stated,,"Specific Populations No clinically significant differences in the pharmacokinetics of XENLETA were observed based on age, sex, race, weight, or renal impairment including patients receiving hemodialysis."
drug-trials-snapshots-tzield,Tzield,2022,Metabolic & endocrine,44.7,20260814,no difference asserted,False,False,False,True,False,False,True,False,True,silent,,"Specific Populations No clinically significant differences in the pharmacokinetics of teplizumab-mzwv were observed based on age (1 to 35 years old), sex, or racial groups (White, Asians)."
drug-trials-snapshots-kygevvi,Kygevvi,2025,Other,44.8,20251110,"mentioned, unclear",False,False,False,False,False,True,True,False,True,silent,,
drug-trials-snapshots-nuzyra,Nuzyra,2018,Infectious disease,44.9,20260527,no difference asserted,True,False,False,True,False,True,True,False,False,silent,,"Figure 1: Mean (± SD) Concentrations of Omadacycline in Alveolar Cells, Epithelial Lining, and Plasma Following Multiple 100 mg IV Doses of NUZYRA to Healthy Subjects During Bronchoscopy Sampling Times Figure 1 Specific Populations No clinically significant differences in the pharmacokinetics of oma"
drug-trials-snapshots-piasky,Piasky,2024,Metabolic & endocrine,45.1,20251111,"mentioned, unclear",False,False,False,False,False,True,True,False,True,silent,,
drug-trials-snapshots-defitelio,Defitelio,2016,Gastroenterology,45.3,20250701,silent,False,False,False,False,False,True,True,False,True,silent,,
drug-trials-snapshot-cibinqo,Cibinqo,2022,Immunology & dermatology,45.4,20260909,no difference asserted,False,False,False,True,False,False,True,False,False,no effect stated,,"Specific Populations Body weight, sex, race, and age did not have a clinically meaningful effect on CIBINQO exposure."
drug-trials-snapshot-alyftrek,Alyftrek,2024,Respiratory,45.6,20260826,no difference asserted,False,False,False,True,False,True,True,False,False,silent,,"Feces 91.6% (primarily metabolites) 72% (unchanged or M2-TEZ) [0.79% as unchanged drug] Not available Urine 0.50% 13.7% Not available Specific Populations No clinically significant differences in the pharmacokinetics of vanzacaftor, tezacaftor, or deutivacaftor were observed based on age, sex, race,"
drug-trial-snapshots-monjuvi,Monjuvi,2020,Oncology,45.7,20260202,no difference asserted,False,False,False,True,False,True,True,False,True,affects exposure,"Specific Populations Bodyweight (40 to 163 kg) has a significant effect on the pharmacokinetics of tafasitamab-cxix, with higher clearance and volume of distribution expected with higher body weight.","No clinically meaningful differences in the pharmacokinetics of tafasitamab-cxix were observed based on age (16 to 90 years), sex, mild to moderate renal impairment (CLcr 30-89 mL/min estimated by the Cockcroft-Gault equation), and mild hepatic impairment (total bilirubin ≤ ULN and AST > ULN, or tot"
drug-trials-snapshots-darzalex,Darzalex,2015,Oncology,46.2,20260903,"mentioned, unclear",False,False,False,False,False,True,True,False,False,silent,,
drug-trials-snapshots-epidiolex,Epidiolex,2018,Neurology,46.4,20260529,silent,False,False,False,False,False,True,True,False,True,silent,,
drug-trials-snapshots-lutathera,Lutathera,2018,Oncology,46.4,20260115,silent,False,False,False,False,False,True,True,False,False,silent,,
drug-trials-snapshots-xpovio,Xpovio,2019,Oncology,46.5,20260512,no difference asserted,False,False,False,True,False,True,True,False,True,silent,,"Specific Populations No clinically significant differences in the pharmacokinetics of selinexor were observed based on age (18 to 94 years old), sex, body weight (36 to 168 kg), ethnicity, mild to severe renal impairment (CL CR : 15 to 89 mL/min, estimated by the Cockcroft-Gault equation), and disea"
drug-trials-snapshots-skyclarys,Skyclarys,2023,Cardiovascular,46.6,20260406,no difference asserted,False,False,False,True,False,True,True,False,False,silent,,"Specific Populations There were no clinically significant differences in the pharmacokinetics of omaveloxolone based on age (16 to 71 years of age), sex, race, or body weight (41 to 128 kg)."
drug-trials-snapshots-ohtuvayre,Ohtuvayre,2024,Respiratory,46.9,20260423,"mentioned, unclear",False,False,False,False,False,True,True,False,False,silent,,
drug-trials-snapshots-scenesse,Scenesse,2019,Immunology & dermatology,47.1,20260511,silent,False,False,False,False,False,True,True,False,False,silent,,
drug-trials-snapshots-praxbind,Praxbind,2015,Hematology,47.2,20240123,no difference asserted,False,False,False,True,False,True,True,False,False,silent,,"Specific Populations Age, Sex, Race and Body Weight Age, sex, race (Caucasian vs Asian) and body weight had no clinically important effect on systemic exposure of idarucizumab based on population pharmacokinetic analyses which included data from 220 volunteers and 486 patients."
drug-trials-snapshot-benznidazole,Benznidazole,2017,Infectious disease,47.4,20260827,"mentioned, unclear",False,False,False,False,False,False,True,False,True,silent,,
drug-trials-snapshots-ojemda,Ojemda,2024,Oncology,47.4,20250902,no difference asserted,False,False,False,True,False,True,True,False,True,silent,,"Specific Populations No clinically significant differences of tovorafenib were observed based on age (range: 1 to 94 years), sex, race (White, Black, Asian), mild hepatic impairment [bilirubin ≤ upper limit of normal (ULN) and AST > ULN or bilirubin > 1 to 1.5× ULN and any AST], and mild-to-moderate"
drug-trials-snapshot-welireg,Welireg,2021,Oncology,47.5,20260612,no difference asserted,False,False,False,True,False,True,True,False,False,silent,,"No clinically significant differences in the pharmacokinetics of belzutifan were observed based on age (15 to 90 years), sex, ethnicity (non-Hispanic, Hispanic), race (White (76%), Black (5%), Asian (15%), Native American, Pacific Islander), or body weight (40 to 166 kg)."
drug-trials-snapshots-zokinvy,Zokinvy,2020,Other,47.6,20250702,quantified difference,False,True,True,False,False,True,True,False,True,silent,,"Male and Female Patients Following a single oral dose of 100 mg lonafarnib in healthy subjects, the plasma lonafarnib AUC and C max were 44% and 26% higher in female subjects, respectively, compared to male subjects."
drug-trials-snapshots-beyfortus,Beyfortus,2023,Infectious disease,47.7,20260713,silent,False,False,False,False,False,False,False,False,True,silent,,
drug-trials-snapshots-pretomanid,Pretomanid,2019,Infectious disease,47.7,20241115,no difference asserted,False,False,False,True,False,True,True,False,False,no effect stated,,"Specific Populations No clinically significant differences in the pharmacokinetics of pretomanid were observed based on sex, body weight, race (Black, White, or other), pulmonary TB status (resistant to isoniazid, rifamycins, a fluoroquinolone and a second line injectable antibacterial drug OR resis"
drug-trials-snapshots-detectnet,Detectnet,2020,Imaging & diagnostics,48.0,20250131,silent,False,False,False,False,False,True,True,False,False,silent,,
drug-trials-snapshot-nexviazyme,Nexviazyme,2021,Metabolic & endocrine,48.0,20250605,no difference asserted,False,False,False,True,False,True,True,False,True,silent,,"Specific Populations Population pharmacokinetic analyses indicated that age, which ranged from 1 to 78 years in the clinical trials, and sex did not significantly influence the pharmacokinetics of avalglucosidase alfa-ngpt in patients with Pompe disease."
drug-trials-snapshots-repatha,Repatha,2015,Cardiovascular,48.0,20260819,"mentioned, unclear",False,False,False,False,False,False,True,False,False,affects exposure,The exposure of evolocumab decreased with increasing body weight.,
drug-trials-snapshots-steglatro,Steglatro,2017,Metabolic & endocrine,48.0,20260603,no difference asserted,False,False,False,True,False,True,True,False,False,no effect stated,,"Effects of Age, Body Weight, Gender, and Race Based on a population pharmacokinetic analysis, age, body weight, gender, and race do not have a clinically meaningful effect on the pharmacokinetics of ertugliflozin."
drug-trials-snapshots-elrexfio,Elrexfio,2023,Oncology,48.1,20260514,no difference asserted,False,False,False,True,False,True,True,False,False,silent,,"Specific Populations No clinically significant differences in the pharmacokinetics of elranatamab-bcmm were observed based on age (36 to 89 years), sex, race (White, Asian, or Black), body weight (37 to 160 kg), mild or moderate renal impairment (estimated glomerular filtration rate [eGFR] by Modifi"
drug-trials-snapshots-vitrakvi,Vitrakvi,2018,Oncology,48.1,20260522,"mentioned, unclear",False,False,False,False,False,True,True,False,True,silent,,
drug-trials-snapshots-sarclisa,Sarclisa,2020,Oncology,48.2,20260710,no difference asserted,False,False,False,True,False,True,True,False,False,affects exposure,"Body weight In patients who received the recommended SARCLISA ESCENA subcutaneous dosage, the steady state C trough and AUC 2weeks were 44% and 41% lower in the higher body weight (BW) group (>100 kg), and 24% and 26% higher in the lower BW group (≤50 kg), compared to the patients with BW of 51 kg–1","Specific Populations The following factors have no clinically meaningful effect on the exposure of isatuximab-irfc: age (31 to 86 years, 18% patients were ≥75 years old), sex, race (White 66%, Asian 15%), renal impairment including patients with End-Stage Renal Disease (ESRD) or on dialysis (eGFR <9"
drug-trials-snapshots-rezlidhia,Rezlidhia,,Oncology,48.4,20251105,no difference asserted,False,False,False,True,False,True,True,False,False,silent,,"Specific Populations No clinically significant differences in the pharmacokinetics of olutasidenib were observed based on age (28 to 90 years), sex, body weight (36 to 145 kg), mild to moderate renal impairment (creatinine clearance [CLcr] 30 to <90mL/min as estimated by Cockcroft-Gault), or mild (t"
drug-trials-snapshot-ensacove,Ensacove,2024,Oncology,48.6,20260217,no difference asserted,False,False,False,True,False,True,True,False,False,silent,,"Specific Populations No clinically significant differences in the pharmacokinetics of ensartinib were observed based on age (20 to 86 years), sex, race (Asian vs White), body weight (38 to 148 kg), mild to moderate renal impairment (eGFR 30 to 89 mL/min) and mild hepatic impairment (total bilirubin "
drug-trials-snapshot-briviact,Briviact,2016,Neurology,49.0,20260820,no difference asserted,False,False,False,True,False,False,True,False,True,silent,,Sex There were no differences observed in the pharmacokinetics of brivaracetam between male and female subjects.
drug-trials-snapshots-trikafta,Trikafta,2019,Respiratory,49.0,20260622,no difference asserted,False,False,False,True,False,False,True,False,False,silent,,"Male and Female Patients Based on population PK analysis, the exposures of elexacaftor, tezacaftor and ivacaftor are similar in males and females."
drug-trials-snapshots-idhifa,Idhifa,2017,Oncology,49.1,20250116,silent,False,False,False,False,False,True,True,False,False,silent,,
drug-trials-snapshots-enflonsia,Enflonsia,2025,Infectious disease,49.2,20250620,silent,False,False,False,False,False,False,False,False,False,silent,,
drug-trials-snapshots-orkambi,Orkambi,2015,Respiratory,49.2,20260324,"mentioned, unclear",False,False,False,False,False,False,True,False,False,silent,,
drug-trials-snapshots-sunosi,Sunosi,2018,Neurology,49.2,20260505,no difference asserted,False,False,False,True,False,False,False,False,False,silent,,"Specific Populations Population PK analysis indicated that age, gender, and race do not have clinically relevant effects on the pharmacokinetics of solriamfetol."
drug-trials-snapshots-xcopri,Xcopri,2019,Neurology,49.3,20250825,no difference asserted,False,False,False,True,False,True,True,False,False,silent,,"Specific Populations No clinically significant differences in the pharmacokinetics of cenobamate were observed based on age based on data from subjects age 18 years to 77 years, sex, or race/ethnicity based on data from subjects categorized as Asian, Black, Caucasian, Hispanic, or Other."
drug-trials-snapshots-zelsuvmi,Zelsuvmi,2024,Other,49.4,20250708,silent,False,False,False,False,False,True,True,False,False,silent,,
drug-trials-snapshots-nourianz,Nourianz,2019,Neurology,49.5,20250520,no difference asserted,False,False,False,True,False,True,True,False,False,silent,,"Based on population pharmacokinetic analyses, no clinically relevant changes in the pharmacokinetics of istradefylline were observed based on age, sex, weight, or race."
drug-trial-snapshot-tauvid,Tauvid,2020,Imaging & diagnostics,49.5,20251230,silent,False,False,False,False,False,True,True,False,False,silent,,
drug-trials-snapshots-wakix,Wakix,2019,Neurology,49.5,20260213,no difference asserted,False,False,False,True,False,False,True,False,False,silent,,"Specific Populations No clinically significant differences in the pharmacokinetics of pitolisant were observed based on age (18 to 82 years old), sex, race/ethnicity (Caucasians or Blacks), or body weight (48 to 103 kg)."
drug-trials-snapshots-kimmtrak,Kimmtrak,2022,Oncology,49.7,20260820,no difference asserted,False,False,False,True,False,True,True,False,True,no effect stated,,"Specific Populations No clinically significant difference in the pharmacokinetics of tebentafusp-tebn were identified based on weight (43 to 163 kg), sex (48% female), age (23 to 91 years), or mild to moderate renal impairment based on creatinine clearance (CL cr ) estimated by C-G formula (CL cr 30"
drug-trials-snapshots-tibsovo,Tibsovo,2018,Oncology,49.7,20251222,no difference asserted,False,False,False,True,False,True,True,False,True,silent,,>92% of total radioactivity as ivosidenib Metabolic pathways Major CYP3A4 Minor N-dealkylation and hydrolytic pathways Excretion Urine 17% (10% as unchanged ivosidenib) Feces 77% (67% as unchanged ivosidenib) Specific Populations No clinically significant effects on the pharmacokinetics of ivosideni
drug-trial-snapshot-xofluza,Xofluza,2018,Infectious disease,49.8,20260424,no difference asserted,False,False,False,True,False,True,True,False,True,affects exposure,patients not receiving the recommended dose (n=3) were excluded XOFLUZA Dose for Subjects Weighing < 20 kg XOFLUZA Dose for Subjects Weighing ≥ 20 kg (n=8) (n=55) 2 mg/kg 40 mg AUC inf (ng.h/mL) 5830 (48.5) 4360 (48.9) C max (ng/mL) 148 (48.7) 81.1 (44.0) T max (h) Median (range) 3.5 (2-5.5) 4.5 (2-,"3.3 (baloxavir) Feces: 80.1 (total radioactivity) No clinically significant differences in the pharmacokinetics of baloxavir were observed based on age, sex, presence of risk factors for complicated influenza, creatinine clearance (CrCl: 50 mL/min and above), or moderate hepatic impairment (Child-Pu"
drug-trials-snapshot-bylvay,Bylvay,2021,Metabolic & endocrine,50.0,20251229,"mentioned, unclear",False,False,False,False,False,True,True,False,True,silent,,
drug-trials-snapshots-symdeko,Symdeko,2018,Respiratory,50.0,20260821,no difference asserted,True,False,False,True,False,False,True,False,False,silent,,Male and Female Patients The pharmacokinetic parameters of tezacaftor and ivacaftor are similar in males and females.
drug-trials-snapshots-xermelo,Xermelo,2017,Oncology,50.0,20260806,no difference asserted,False,False,False,True,False,True,True,False,False,silent,,Specific Populations Age and Sex Population pharmacokinetic analysis indicated that age (18 to 83 years) and sex do not affect the pharmacokinetics of telotristat.
drug-trial-snapshot-palynziq,Palynziq,2018,Metabolic & endocrine,50.1,20260302,silent,False,False,False,False,False,False,True,False,False,silent,,
drug-trials-snapshot-livtencity,Livtencity,2021,Infectious disease,50.3,20260127,no difference asserted,False,False,False,True,False,False,True,False,False,silent,,"142 (48.5%) 20.1 (35.5%) 5.43 (85.9%) Specific Populations There were no clinically significant differences in the pharmacokinetics of maribavir based on age (18-79 years), gender, race (Caucasian, Black, Asian, or others), ethnicity (Hispanic/Latino or non-Hispanic/Latino), body weight (36 to 141 k"
drug-trials-snapshots-paxlovid,Paxlovid,2023,Infectious disease,50.4,20260219,no difference asserted,False,False,False,True,False,True,True,False,False,silent,,"Specific Populations There were no clinically significant differences in the pharmacokinetics of nirmatrelvir based on age (18 to 86 years), sex, or race/ethnicity."
drug-trials-snapshots-redemplo,Redemplo,2025,Other,50.7,20260825,no difference asserted,False,False,False,True,False,True,True,False,False,silent,,"Specific Populations No clinically significant differences in plozasiran pharmacokinetics based on age, sex, race, mild and moderate renal impairment (eGFR ≥30 to <90 mL/min), or mild hepatic impairment (total bilirubin ≤1 times ULN and AST >1 times ULN, or total bilirubin >1.0 to 1.5 times ULN and "
drug-trials-snapshots-yupelri,Yupelri,2018,Respiratory,50.7,20220503,"mentioned, unclear",True,False,False,False,False,True,True,False,False,silent,,
drug-trials-snapshots-sephience,Sephience,2025,Metabolic & endocrine,51.0,20260424,"mentioned, unclear",False,False,False,False,False,True,True,False,True,silent,,
drug-trials-snapshots-modeyso,Modeyso,2025,Oncology,51.2,20260109,no difference asserted,False,False,False,True,False,True,True,False,True,silent,,"Specific Populations No clinically significant differences in the pharmacokinetics of dordaviprone were observed based on age (3 to 90 years), sex, race (74% White, 9% Black or African American, or 5% Asian) or mild hepatic impairment (total bilirubin ≤ULN with AST >ULN or total bilirubin >1 to 1.5 "
drug-trial-snapshot-gavreto,Gavreto,2020,Oncology,51.5,20251230,no difference asserted,False,False,False,True,False,True,True,False,False,silent,,"Specific Populations No clinically significant differences in the PK of pralsetinib were observed based on age (19 to 87 years), sex, race (White, Black, or Asian), and body weight (32 to 128 kg)."
drug-trials-snapshots-strensiq,Strensiq,2015,Metabolic & endocrine,51.5,20251212,silent,False,False,False,False,False,True,True,False,True,silent,,
drug-trials-snapshot-netspot,Netspot,2016,Imaging & diagnostics,51.7,20260706,silent,False,False,False,False,False,True,True,False,False,silent,,
drug-trial-snapshot-sogroya,Sogroya,2020,Metabolic & endocrine,51.7,20260225,difference noted,False,False,True,True,False,True,True,False,True,affects exposure,Specific Populations Body weight : Adults with GHD – The exposure of somapacitan-beco decreases with increasing body weight.,"Pediatric patients with GHD : Based on pharmacokinetic analysis, gender and race do not have a clinically meaningful effect on the pharmacokinetics."
drug-trials-snapshot-tepmetko,Tepmetko,2021,Oncology,51.8,20250417,"mentioned, unclear",False,False,False,False,False,True,True,False,False,silent,,
drug-trials-snapshots-imcivree,Imcivree,2020,Metabolic & endocrine,51.9,20260401,no difference asserted,False,False,False,True,False,True,True,False,False,silent,,Specific Populations No clinically significant differences in the pharmacokinetics of setmelanotide were observed based on sex or disease.
drug-trials-snapshots-ultomiris,Ultomiris,2018,Hematology,51.9,20251009,silent,False,False,False,False,False,True,True,False,True,silent,,
drug-trial-snapshot-bridion,Bridion,2015,Neurology,52.0,20260313,"mentioned, unclear",False,False,False,False,False,False,True,False,True,silent,,
drug-trials-snapshots-lerochol,Lerochol,2025,Cardiovascular,52.2,20260728,no difference asserted,False,False,False,True,False,True,True,False,False,silent,,"Specific Populations No clinically significant differences in the pharmacokinetics of LEROCHOL were observed based on age (21 to 78 years), body weight, sex, race, mild (eGFR 60 to 89 mL/min) or moderate (eGFR 30 to 59 mL/min) renal impairment, or mild (total bilirubin 1.0 to 1.5 upper limit of norm"
drug-trials-snapshots-dojolvi,Dojolvi,2020,Other,52.3,20250610,silent,False,False,False,False,False,True,True,False,False,silent,,
drug-trials-snapshots-leqembi,Leqembi,2023,Neurology,52.3,20260721,"mentioned, unclear",False,False,False,False,False,True,True,False,True,silent,,
drug-trials-snapshots-byfavo,Byfavo,2020,Other,52.4,20250220,no difference asserted,False,False,False,True,False,True,True,False,False,no effect stated,,"Other Specific Populations Age, sex, race, and weight had no clinically relevant effect on BYFAVO pharmacokinetics."
drug-trials-snapshots-xdemvy,Xdemvy,2023,Infectious disease,52.6,20240810,silent,False,False,False,False,False,True,True,False,False,silent,,
drug-trials-snapshot-zemdri,Zemdri,2018,Infectious disease,52.6,20241220,no difference asserted,False,False,False,True,False,True,True,False,True,silent,,"Specific Populations No clinically significant differences in the pharmacokinetics of plazomicin were observed based on age (18 to 90 years of age), sex, or race/ethnicity."
drug-trials-snapshots-voxzogo,Voxzogo,2021,Infectious disease,52.8,20251125,"mentioned, unclear",False,False,False,False,False,True,True,False,False,affects exposure,Body weight Population pharmacokinetic analyses indicated that body weight is a significant covariate for vosoritide clearance and volume of distribution.,
drug-trial-snapshot-gamifant,Gamifant,2018,Other,52.9,20260326,"mentioned, unclear",False,False,False,False,False,True,True,False,True,affects exposure,"Specific Populations Body weight (3 to 80 kg) was a significant covariate of emapalumab-lzsg pharmacokinetics, supporting body weight-based dosing.",
drug-trials-snapshot-lumakras,Lumakras,2021,Oncology,53.0,20250122,no difference asserted,False,False,False,True,False,True,True,False,False,silent,,"Specific Populations No clinically meaningful differences in the pharmacokinetics of sotorasib were observed based on age (28 to 86 years), sex, race (White, Black and Asian), body weight (36.8 to 157.9 kg), line of therapy, ECOG PS (0, 1), mild and moderate renal impairment (eGFR: ≥ 30 mL/min/1.73 "
drug-trials-snapshots-sofdra,Sofdra,2024,Other,53.0,20250922,silent,False,False,False,False,False,True,True,False,False,silent,,
drug-trial-snapshot-diacomit,Diacomit,2018,Neurology,53.1,20260427,no difference asserted,False,False,False,True,False,True,True,False,True,silent,,Sex does not have a clinically significant effect on the pharmacokinetics of DIACOMIT.
drug-trials-snapshots-dawnzera,Dawnzera,2025,Other,53.3,20250924,"mentioned, unclear",False,False,False,False,False,True,True,False,False,silent,,
drug-trials-snapshots-pombiliti,Pombiliti,2023,Metabolic & endocrine,53.6,20260812,no difference asserted,False,False,False,True,False,False,True,False,True,silent,,Specific Populations Age (18 to 74 years) and sex did not have clinically meaningful effects on the pharmacokinetics of cipaglucosidase alfa-atga.
drug-trials-snapshots-aklief,Aklief,2019,Immunology & dermatology,54.0,20240916,silent,False,False,False,False,False,False,True,False,False,silent,,
drug-trials-snapshot-ebanga,Ebanga,2020,Infectious disease,54.1,20260813,silent,False,False,False,False,False,False,True,False,True,silent,,
drug-trials-snapshots-lampit,Lampit,2020,Infectious disease,54.3,20260303,silent,False,False,False,False,False,False,True,False,True,silent,,
drug-trials-snapshots-alecensa,Alecensa,2015,Oncology,54.5,20260821,no difference asserted,False,False,False,True,False,True,True,False,False,silent,,"Specific Populations Age (21 to 83 years), body weight (38 to 128 kg), mild hepatic impairment (total bilirubin ≤ ULN and AST > ULN or total bilirubin 1 to ≤ 1.5 × ULN and AST any value), mild to moderate renal impairment (creatinine clearance 30 to 89 mL/min), race (White, Asian, and Other), and se"
drug-trials-snapshots-vanflyta,Vanflyta,2023,Oncology,54.5,20260416,no difference asserted,False,False,False,True,False,True,True,False,False,silent,,"Specific Populations There were no clinically significant differences in the exposure of quizartinib and AC886 based on age (range 18 to 91 years), sex, race (White 65%, Asian 18%, Black 9%), or body weight (range 37 to 153 kg)."
drug-trials-snapshots-elucirem,Elucirem,2022,Imaging & diagnostics,54.6,20260222,no difference asserted,False,False,False,True,False,True,True,False,False,silent,,Specific Populations No clinically significant differences in the pharmacokinetics of gadopiclenol were observed based on sex.
drug-trials-snapshot-fetroja,Fetroja,2018,Infectious disease,54.7,20260224,no difference asserted,False,False,False,True,False,True,True,False,False,silent,,"Specific Populations No clinically significant differences in the pharmacokinetics of cefiderocol were observed based on age (18 to 93 years of age), sex, or race."
drug-trials-snapshots-inmazeb,Inmazeb,2020,Infectious disease,55.0,20251215,silent,False,False,False,False,False,False,True,False,True,silent,,
drug-trials-snapshot-eucrisa,Eucrisa,2016,Immunology & dermatology,55.2,20250923,silent,False,False,False,False,False,True,True,False,False,silent,,
drug-trials-snapshots-rivfloza,Rivfloza,2023,Urology & nephrology,55.2,20250303,no difference asserted,False,False,False,True,False,True,True,False,True,silent,,"Specific Populations No clinically significant differences in the pharmacokinetics or pharmacodynamics of nedosiran were observed based on age (2 to 73 years old), sex, race/ethnicity, mild-to-moderate renal impairment (eGFR 30 to 89 mL/min/1.73 m 2 ) [see Use in Specific Populations ( ‎ 8.7 ) ] or "
drug-trials-snapshots-adakveo,Adakveo,2019,Hematology,55.3,20260604,silent,False,False,False,False,False,True,True,False,True,silent,,
drug-trials-snapshots-rozlytrek,Rozlytrek,2019,Oncology,55.3,20251204,no difference asserted,False,False,False,True,False,True,True,False,True,silent,,"Specific Populations No clinically significant differences in the pharmacokinetics of entrectinib were observed based on sex, race (White, Asian and Black), mild to moderate renal impairment (CLcr 30 to < 90 mL/min) and mild hepatic impairment (total bilirubin ≤ ULN with aspartate aminotransferase >"
drug-trials-snapshots-krazati,Krazati,,Oncology,55.4,20260325,no difference asserted,False,False,False,True,False,True,True,False,False,silent,,"Specific Populations No clinically significant differences in the pharmacokinetics of adagrasib based on age (19 to 89 years), sex, race (White, Black or African American, or Asian), body weight (36 to 146 kg), ECOG PS (0, 1), tumor type (NSCLC or CRC), or tumor burden."
drug-trials-snapshots-spinraza,Spinraza,2016,Neurology,55.4,20260331,silent,False,False,False,False,False,True,True,False,False,silent,,
drug-trials-snapshots-ziihera,Ziihera,2024,Oncology,55.6,20260824,no difference asserted,False,False,False,True,False,False,True,False,True,silent,,"Specific Populations No clinically meaningful differences in the pharmacokinetics of zanidatamab-hrii were observed based on age (22 to 87 years), sex, body weight (35 to 142 kg), race (White 39%, Asian 56%, or Black 0.7%), cancer type, creatinine clearance 30 to 89 mL/min (estimated by the Cockcrof"
drug-trials-snapshots-rezdiffra,Rezdiffra,2024,Infectious disease,56.0,20260729,no difference asserted,False,False,False,True,False,True,True,False,False,affects exposure,"However, resmetirom CL/F and Vd/F increase with increasing body weight, resulting in lower resmetirom exposure in patients with higher body weight receiving the same dosage as lower weight patients [see Dosage and Administration (2.1) ] .","Specific Populations No clinically significant differences in the pharmacokinetics of resmetirom were observed based on age (18 to 83 years), sex, race (White, Black, or Asian), or ABCG2 genotype (BCRP p.Gln141Lys, p.Val12Met)."
drug-trials-snapshots-komzifti,Komzifti,2025,Oncology,56.2,20251209,"mentioned, unclear",False,False,False,False,False,True,True,False,False,silent,,
drug-trials-snapshots-beovu,Beovu,2019,Ophthalmology,56.3,20251103,no difference asserted,False,False,False,True,False,True,True,False,False,silent,,"Specific Populations Following repeat intravitreal dose administration of BEOVU in the HAWK and HARRIER clinical studies, no differences in the systemic pharmacokinetics of brolucizumab were observed based on age (50 years and above), sex, or mild to moderate renal impairment (glomerular filtration "
drug-trials-snapshot-lytgobi,Lytgobi,2022,Oncology,56.3,20251027,no difference asserted,False,False,False,True,False,True,True,False,False,silent,,"Specific Populations No clinically significant differences in the pharmacokinetics of futibatinib were observed based on age (18 to 82 years), sex, race (White, Asian, and African American), body weight (36 to 152 kg), or creatinine clearance (CLcr) 30 to 89 mL/min (estimated by Cockcroft-Gault)."
drug-trials-snapshot-miplyffa,Miplyffa,2024,Neurology,56.4,20260318,"mentioned, unclear",True,False,False,False,False,True,True,False,False,silent,,
drug-trials-snapshots-zilbrysq,Zilbrysq,2023,Neurology,56.6,20260203,"mentioned, unclear",False,False,False,False,False,True,True,False,False,silent,,
drug-trials-snapshots-alunbrig,Alunbrig,2017,Oncology,56.8,20260112,no difference asserted,False,False,False,True,False,True,True,False,False,no effect stated,,"Specific Populations Age, race, sex, body weight, and albumin concentration have no clinically meaningful effect on the pharmacokinetics of brigatinib."
drug-trials-snapshots-ga-68-dotatoc,Ga 68 DOTATOC,2019,Imaging & diagnostics,56.9,20211208,silent,False,False,False,False,False,True,True,False,False,silent,,
drug-trials-snapshots-zinplava,Zinplava,2016,Infectious disease,57.3,20241112,no difference asserted,False,False,False,True,False,False,True,False,True,affects exposure,The clearance of bezlotoxumab increased with increasing body weight;,"Specific Populations Gender, Race, Ethnicity, and Co-Morbid Conditions The following factors had no clinically meaningful effect on the exposure of bezlotoxumab in adults: gender, race, ethnicity, and presence of co-morbid conditions."
drug-trials-snapshots-bizengri,Bizengri,2024,Other,57.4,20260519,no difference asserted,False,False,False,True,False,True,True,False,False,silent,,"Specific Populations No clinically significant differences in the pharmacokinetics of zenocutuzumab-zbco were observed based on age (22 to 88 years), sex, race [White or Asian], body weight (38 to 126 kg), albumin level (20 to 49 g/L), mild or moderate renal impairment (creatinine clearance (CLcr) 3"
drug-trials-snapshots-kisunla,Kisunla,2024,Neurology,57.4,20251230,"mentioned, unclear",False,False,False,False,False,True,True,False,False,silent,,
drug-trials-snapshot-seysara,Seysara,2018,Immunology & dermatology,57.4,20240605,no difference asserted,False,False,False,True,False,False,False,False,True,silent,,"Specific Populations No clinically significant differences in the pharmacokinetics of sarecycline were observed based on age (11 to 73 years), weight (42 to 133 kg), sex, renal impairment, or mild to moderate hepatic impairment (Child Pugh A to B)."
drug-trials-snapshot-pemazyre,Pemazyre,2020,Oncology,57.5,20260609,no difference asserted,False,False,False,True,False,True,True,False,False,silent,,"Specific Populations No clinically significant differences in the systemic exposure of pemigatinib were observed based on age (21 ‑ 79 years), sex, race/ethnicity (White 68.2%, Asian 16%, Black 6.3%, Hispanic 6%, other 3.5%) or body weight (39.8 ‑ 156 kg)."
drug-trials-snapshots-lorbrena,Lorbrena,2018,Oncology,57.6,20260626,no difference asserted,False,False,False,True,False,True,True,False,False,silent,,"Specific Populations No clinically significant differences in lorlatinib pharmacokinetics were observed based on age (19 to 85 years), sex, race/ethnicity (52% White, 8% Black, 27% Asian), body weight (32-156 kg), CL cr 30 to 89 mL/min (estimated by Cockcroft Gault), mild (total bilirubin ≤ ULN and "
drug-trials-snapshot-tryngolza,Tryngolza,2024,Other,57.6,20260703,silent,False,False,False,False,False,True,True,False,False,silent,,
drug-trials-snapshots-xenpozyme,Xenpozyme,2022,Cardiovascular,57.9,20251211,silent,False,False,False,False,False,True,True,False,True,silent,,
drug-trials-snapshots-reblozyl,Reblozyl,2019,Hematology,58.0,20260227,no difference asserted,False,False,False,True,False,True,True,False,True,silent,,"Specific Populations No clinically significant differences in the luspatercept-aamt PK were observed based on age (18 to 95 years), sex, race/ethnicity (Asian, White), mild to severe hepatic impairment (total bilirubin ≤ ULN and AST or ALT > ULN, or total bilirubin > ULN and any AST or ALT), mild to"
drug-trials-snapshots-xolremdi,Xolremdi,2024,Infectious disease,58.1,20241112,no difference asserted,False,False,False,True,False,True,True,False,False,affects exposure,Lower body weight was associated with lower mavorixafor clearance.,"Specific Populations No clinically significant differences in the pharmacokinetics of mavorixafor were observed based on age (12 to 58 years), sex, or mild to moderate renal impairment (CLcr 30 to <90 mL/min as estimated by the Cockcroft-Gault formula)."
drug-trials-snapshots-egaten,Egaten,2019,Infectious disease,58.2,20260604,silent,False,False,False,False,False,True,True,False,True,silent,,
drug-trials-snapshots-vyzulta,Vyzulta,2017,Ophthalmology,58.3,20240227,silent,False,False,False,False,False,False,True,False,False,silent,,
drug-trials-snapshots-voydeya,Voydeya,2024,Hematology,58.7,20260512,no difference asserted,False,False,False,True,False,True,True,False,False,silent,,"Specific Populations No clinically significant differences in the pharmacokinetics of danicopan were observed based on sex, age (16.9 to 82 years), or race (Caucasians and Asians) based on population pharmacokinetic (PK) assessment."
drug-trials-snapshot-vanrafia,Vanrafia,2025,Urology & nephrology,58.9,20260612,no difference asserted,False,False,False,True,False,True,True,False,False,silent,,"Specific Populations No clinically significant differences in the pharmacokinetics of atrasentan were observed based on age (19 to 77 years), sex, race, mild to severe renal impairment (eGFR 15 to 90 mL/min/1.73 m 2 , estimated by CKD-EPI), or mild to moderate hepatic impairment (Child-Pugh class A "
drug-trial-snapshot-tpoxx,Tpoxx,2018,Infectious disease,59.0,20251231,no difference asserted,False,False,False,True,False,True,True,False,True,silent,,"Specific Populations No clinically significant differences in the pharmacokinetics of tecovirimat were observed based on age, sex, ethnicity, renal impairment (based on estimated GFR), or hepatic impairment (Child Pugh Scores A, B or C)."
drug-trials-snapshots-turalio,Turalio,2019,Oncology,59.2,20250116,silent,False,False,False,False,False,False,True,False,False,silent,,
drug-trials-snapshots-oxbryta,Oxbryta,2019,Hematology,59.3,20231226,no difference asserted,False,False,False,True,False,True,True,False,True,silent,,"Specific Populations No clinically significant differences in the pharmacokinetics of voxelotor were observed based on age (12 to 59 years), sex, body weight (28 to 135 kg), or mild to severe renal impairment (creatinine clearance [CLcr] 15-89 mL/min)."
drug-trials-snapshot-romvimza,Romvimza,2025,Oncology,59.3,20260626,no difference asserted,False,False,False,True,False,True,True,False,False,silent,,"Specific Populations No clinically significant differences in the pharmacokinetics of vimseltinib were observed based on age (20 to 91 years), sex, race (Asian, Black or African American, White), body weight (43 to 150 kg), tumor (TGCT or other malignant solid tumors), and mild to moderate renal imp"
drug-trials-snapshots-andembry,Andembry,2025,Immunology & dermatology,59.4,20250630,silent,False,False,False,False,False,True,True,False,False,silent,,
drug-trials-snapshots-nucala,Nucala,2015,Immunology & dermatology,59.5,20250806,no difference asserted,False,False,False,True,False,True,True,False,False,silent,,Specific Populations Racial Groups and Male and Female Patients: Population pharmacokinetics analyses indicated there was no significant effect of race and gender on mepolizumab clearance.
drug-trials-snapshots-nemluvio,Nemluvio,2024,Other,59.6,20250626,silent,False,False,False,False,False,True,True,False,False,affects exposure,Body Weight The exposure of nemolizumab-ilto decreases with increasing body weight.,
drug-trials-snapshots-crysvita,Crysvita,2018,Metabolic & endocrine,59.8,20260422,silent,False,False,False,False,False,True,True,False,True,affects exposure,Body Weight Clearance and volume of distribution of burosumab-twza increases with body weight.,
drug-trials-snapshots-mayzent,Mayzent,2019,Neurology,59.9,20260630,no difference asserted,False,False,False,True,False,True,True,False,False,silent,,Specific Populations Male and Female Patients Gender has no influence on siponimod pharmacokinetics (PK).
drug-trials-snapshots-ekterly,Ekterly,2025,Other,60.0,20260401,no difference asserted,True,False,False,True,False,True,True,False,False,no effect stated,,"Specific Populations No clinically relevant differences in the pharmacokinetics of sebetralstat were observed based on body weight (45-135 kg), age (19-68 years), sex, race (71% White, 17% Black, 11% Asian), and mild renal impairment (eGFR 60-89 mL/min/1.73 m 2 )."
drug-trials-snapshots-exblifep,Exblifep,2024,Infectious disease,60.0,20260623,no difference asserted,True,False,False,True,False,False,True,False,True,silent,,There were no significant effects of age or gender (25 male vs.
drug-trials-snapshots-varubi,Varubi,2015,Oncology,60.0,20260908,no difference asserted,False,False,False,True,False,True,True,False,False,silent,,"Specific Populations Age, Male and Female Patients and Racial or Ethnic Groups Population pharmacokinetic analyses indicated that age, sex and race had no significant impact on the pharmacokinetics of rolapitant."
drug-trials-snapshots-veopoz,Veopoz,2023,Cardiovascular,60.0,20251204,silent,False,False,False,False,False,True,True,False,True,affects exposure,Specific Populations Body Weight Body weight was a significant covariate on the pharmacokinetics of pozelimab-bbfg.,
drug-trials-snapshot-vizimpro,Vizimpro,2018,Oncology,60.0,20260623,silent,False,False,False,False,False,True,True,False,False,silent,,
drug-trials-snapshot-imaavy,Imaavy,2025,Neurology,60.1,20260821,no difference asserted,False,False,False,True,False,True,True,False,True,silent,,"Specific Populations Age, Sex, and Race The pharmacokinetics of nipocalimab-aahu were not affected by age, sex, or race based on a population pharmacokinetics analysis."
drug-trials-snapshots-rystiggo,Rystiggo,2023,Neurology,60.5,20260120,no difference asserted,False,False,False,True,False,True,True,False,True,silent,,"Specific Populations Age, Sex, and Race The pharmacokinetics of rozanolixizumab-noli were not affected by age, sex, or race based on a population pharmacokinetics analysis."
drug-trials-snapshot-tavalisse,Tavalisse,2018,Cardiovascular,60.7,20251105,"mentioned, unclear",False,False,False,False,False,True,True,False,False,silent,,
drug-trial-snapshot-firdapse,Firdapse,2018,Oncology,60.9,20260416,silent,False,False,False,False,False,True,True,False,False,affects exposure,clearance increased with an increase in body weight.,
drug-trials-snapshots-ocrevus,Ocrevus,2017,Neurology,60.9,20260514,silent,False,False,False,False,False,True,True,False,True,silent,,
drug-trials-snapshot-rybrevant,Rybrevant,2021,Oncology,61.2,20260617,"mentioned, unclear",False,False,False,False,False,True,True,False,True,affects exposure,Increases in body weight increased the volume of distribution and clearance of amivantamab.,
drug-trials-snapshots-lazcluze,Lazcluze,2024,Oncology,61.3,20260505,silent,False,False,False,False,False,True,True,False,False,silent,,
drug-trials-snapshots-rhopressa,Rhopressa,2017,Ophthalmology,61.8,20260120,silent,False,False,False,False,False,True,True,False,False,silent,,
drug-trials-snapshots-symproic,Symproic,2017,Oncology,61.9,20250725,"mentioned, unclear",False,False,False,False,False,True,True,False,False,silent,,
drug-trials-snapshot-cinqair,Cinqair,2016,Immunology & dermatology,62.2,20200229,no difference asserted,False,False,False,True,False,True,True,False,True,silent,,"Specific Populations Age, Race, and Gender Population PK analyses demonstrated that there was no significant effect of age, race, or gender on the PK of reslizumab."
drug-trials-snapshots-oxervate,Oxervate,2018,Neurology,62.3,20241231,silent,False,False,False,False,False,True,True,False,False,silent,,
drug-trials-snapshots-voquezna-triple-pak-voquezna-dual-pak,Voquezna,2022,Infectious disease,62.3,20260716,no difference asserted,False,False,False,True,False,True,True,False,False,silent,,"Specific Populations Sex, Race or Ethnicity: There were no clinically significant differences in the pharmacokinetics of vonoprazan based on sex or race/ethnicity."
drug-trials-snapshots-enjaymo,Enjaymo,2022,Hematology,62.5,20260302,no difference asserted,False,False,False,True,False,True,True,False,True,silent,,"Specific Populations No clinically significant differences in the pharmacokinetics of sutimlimab-jome were observed based on sex, age (19 to 88 years of age), ethnicity (Japanese, non-Japanese), and mild to moderate renal impairment (30 to 89 mL/min/1.73 m 2 measured by estimated glomerular filtrati"
drug-trial-snapshot-winlevi,Winlevi,2020,Immunology & dermatology,62.5,20250102,silent,False,False,False,False,False,True,True,False,False,silent,,
drug-trials-snapshots-fasenra,Fasenra,2017,Immunology & dermatology,62.9,20260513,no difference asserted,False,False,False,True,False,True,True,False,True,silent,,"Gender, Race A population pharmacokinetics analysis indicated that there was no significant effect of gender and race on benralizumab clearance."
drug-trials-snapshots-wayrilz,Wayrilz,2025,Cardiovascular,62.9,20250826,no difference asserted,False,False,False,True,False,False,True,False,False,silent,,"Special Populations No clinically significant differences in the pharmacokinetics of rilzabrutinib were observed based on age (12 to 80 years), sex, race, mild to moderate renal impairment (CL CR 46 to 89 mL/min), or mild hepatic impairment (Child-Pugh class A)."
drug-trials-snapshot-brineura,Brineura,2017,Other,63.0,20240805,silent,False,False,False,False,False,True,True,False,False,silent,,
drug-trials-snapshots-tissueblue,Tissueblue,2019,Ophthalmology,63.0,20260417,silent,False,False,False,False,False,True,True,False,False,silent,,
drug-trials-snapshots-exdensur,Exdensur,2025,Immunology & dermatology,63.4,20260610,no difference asserted,False,False,False,True,False,True,True,False,False,silent,,"Specific Populations No clinically significant differences in the pharmacokinetics of depemokimab‑ulaa were observed based on age (12 to 93 years), sex, race (73% White, 7% Black, 19% Asian), body weight (34.6 to 161 kg), renal impairment (eGFR ≥90 mL/min/1.73 m 2 [normal, N = 548];"
drug-trials-snapshot-pyrukynd,Pyrukynd,2022,Hematology,63.6,20260630,no difference asserted,False,False,False,True,False,False,True,False,False,no effect stated,,"Specific Populations No clinically meaningful effects on the pharmacokinetics of mitapivat were observed based on age, sex, race, or body weight."
drug-trials-snapshots-augtyro,Augtyro,2023,Oncology,63.8,20240613,no difference asserted,False,False,False,True,False,True,True,False,False,silent,,"Specific Populations No clinically significant differences in the pharmacokinetics of repotrectinib were observed based on age (12 to 93 years), sex, race (White 50%, Asian 38%, Black 7%), mild to moderate renal impairment (eGFR 30 to < 90 mL/min), or mild hepatic impairment (total bilirubin >1 to 1"
drug-trials-snapshots-tezspire,Tezspire,2021,Respiratory,63.9,20251017,no difference asserted,False,False,False,True,False,True,True,False,False,affects exposure,"Body Weight Based on population pharmacokinetic analysis, higher body weight was associated with lower exposure.","Specific Populations Age, Sex, Race Based on population pharmacokinetic analysis, age (12 to 80 years), sex and race (White, Black, Asian, Other) had no clinically meaningful effects on the pharmacokinetics of tezepelumab-ekko."
drug-trials-snapshots-briumvi,Briumvi,2022,Neurology,64.1,20260219,no difference asserted,False,False,False,True,False,True,True,False,False,no effect stated,,"Specific Populations There were no clinically meaningful differences in the pharmacokinetics of ublituximab-xiiy based on age, sex, body weight, anti-drug antibodies (ADAs) presence, mild renal impairment, or mild hepatic impairment."
drug-trials-snapshots-anzupgo,Anzupgo,2025,Immunology & dermatology,64.3,20260710,silent,False,False,False,False,False,True,True,False,False,silent,,
drug-trials-snapshots-galafold,Galafold,2018,Metabolic & endocrine,64.3,20250828,"mentioned, unclear",True,False,False,False,False,False,True,False,False,silent,,
drug-trials-snapshots-revuforj,Revuforj,2024,Oncology,64.4,20260204,silent,False,False,False,False,False,True,True,False,True,affects exposure,"Body weight (6-151 kg) has a significant effect on the pharmacokinetics of revumenib, with higher revumenib exposures in patients with lower body weight (less than 40 kg).",
drug-trials-snapshots-brinsupri,Brinsupri,2025,Immunology & dermatology,64.8,20260316,no difference asserted,False,False,False,True,False,True,True,False,False,silent,,"Specific Populations No clinically significant differences in the pharmacokinetics of brensocatib were observed based on age (12 to 85 years), sex, race (72% White, 6% Black, and 12% Asian), or body weight (32 to 155 kg)."
drug-trials-snapshots-ogsiveo,Ogsiveo,2023,Oncology,64.8,20260901,no difference asserted,False,False,False,True,False,True,True,False,False,silent,,"GMR = geometric mean ratio Specific Populations No clinically significant differences in the pharmacokinetics of nirogacestat were observed based on age (18 to 80 years), sex, race (Asian 2.1%, Black or African American 26%, and White 66%), or mild or moderate renal impairment (eGFR ≥ 41 mL/min/1.73"
drug-trials-snapshots-exxua,Exxua,2023,Psychiatry,64.9,20260714,silent,False,False,False,False,False,True,True,False,False,silent,,
drug-trials-snapshot-ponvory,Ponvory,2021,Neurology,65.0,20251204,no difference asserted,False,False,False,True,False,True,True,False,False,silent,,Gender Gender has no clinically significant influence on ponesimod pharmacokinetics.
drug-trials-snapshot-rhapsido,Rhapsido,2025,Immunology & dermatology,65.3,20260323,no difference asserted,False,False,False,True,False,True,True,False,False,silent,,"Specific Populations No clinically significant differences in the pharmacokinetics of remibrutinib were observed based on age (range: 18 to 80 years), sex (63.5% females and 36.5% males), race/ethnicity (59.3% Non-Asian [White, Black, and Others], 8.8% Mainland Chinese, 12.2% Japanese, and 19.7% oth"
drug-trials-snapshots-vizz,Vizz,2025,Ophthalmology,65.3,20260114,silent,False,False,False,False,False,False,True,False,False,silent,,
drug-trials-snapshot-orladeyo,Orladeyo,2020,Other,65.8,20260820,no difference asserted,False,False,False,True,False,True,True,False,True,silent,,"Specific Populations In adults and pediatric patients 12 to <18 years of age, no clinically significant differences in the pharmacokinetics of ORLADEYO were observed based on age (12 to 74 years), sex, race, and body weight."
drug-trials-snapshot-vabomere,Vabomere,2017,Infectious disease,66.2,20260227,no difference asserted,False,False,False,True,False,False,True,False,False,silent,,Male and Female Patients Meropenem and vaborbactam C max and AUC were similar between males and females using a population pharmacokinetic analysis.
drug-trials-snapshots-viberzi,Viberzi,2015,Gastroenterology,66.4,20240716,"mentioned, unclear",True,False,False,False,False,True,True,False,False,silent,,
drug-trial-snapshot-mepsevii,Mepsevii,2017,Other,66.7,20251118,silent,False,False,False,False,False,True,True,False,True,silent,,
drug-trials-snapshots-zeposia,Zeposia,2020,Neurology,66.7,20260416,no difference asserted,False,False,False,True,False,True,True,False,False,no effect stated,,Male and Female Patients No clinically significant differences in the pharmacokinetics of ozanimod and CC112273 were observed based on sex or weight.
drug-trials-snapshot-cablivi,Cablivi,2019,Cardiovascular,67.6,20260424,no difference asserted,False,False,False,True,False,True,True,False,False,silent,,"Specific Populations No clinically significant differences in the pharmacokinetics of caplacizumab-yhdp were observed based on age (18 to 79 years), sex (66% females), race (White [83%] and Black [17%]), blood group (O [41%] and other groups [59%]), or renal impairment (mild [CrCl: 60 to 90 mL/min],"
drug-trials-snapshots-accrufer,Accrufer,2019,Other,67.8,20260102,silent,False,False,False,False,False,False,True,False,False,silent,,
drug-trials-snapshots-spevigo,Spevigo,2022,Immunology & dermatology,67.9,20260408,difference noted,False,False,True,False,False,True,True,False,False,affects exposure,Body Weight Spesolimab-sbzo concentrations were increased in subjects with lower body weight and decreased in subjects with higher body weight.,"the percentage of subjects with ADA titer greater than 4000 was 30% in females, and 12% in males, respectively."
drug-trials-snapshots-quviviq,Quviviq,,Psychiatry,68.1,20260226,"mentioned, unclear",False,False,False,False,False,True,True,False,False,silent,,
drug-trials-snapshots-hernexeos,Hernexeos,2025,Oncology,68.6,20260813,no difference asserted,False,False,False,True,False,True,True,False,True,affects exposure,Specific Populations The apparent volume of distribution and clearance of zongertinib increase with increasing body weight (34 to 122 kg).,"No clinically significant differences in the pharmacokinetics of zongertinib were observed based on age (30 to 88 years), sex, race (36% White, 49% Asian, 1.3% Black/African American), eGFR 60 to < 90 mL/min, or mild (defined as Child-Pugh A;"
drug-trials-snapshots-rexulti,Rexulti,2015,Psychiatry,68.9,20260602,silent,False,False,False,False,False,False,False,False,False,silent,,
drug-trials-snapshots-yondelis,Yondelis,2015,Oncology,70.3,20260106,"mentioned, unclear",False,False,False,False,False,True,True,False,True,silent,,
drug-trials-snapshot-vyvgart,Vyvgart,2021,Neurology,70.7,20260715,"mentioned, unclear",False,False,False,False,False,True,True,False,False,silent,,
drug-trials-snapshots-cardamyst,Cardamyst,2025,Cardiovascular,71.0,20251208,"mentioned, unclear",False,False,False,False,False,True,True,False,False,silent,,
drug-trials-snapshot-tryptyr,Tryptyr,2025,Ophthalmology,74.8,20251218,silent,False,False,False,False,False,True,True,False,False,silent,,
drug-trials-snapshot-miebo,Miebo,2023,Infectious disease,75.7,20260310,silent,False,False,False,False,False,False,True,False,False,silent,,
drug-trials-snapshots-motegrity,Motegrity,2018,Gastroenterology,76.0,20250717,no difference asserted,False,False,False,True,False,True,True,False,False,silent,,"Use in Specific Populations Population pharmacokinetic analysis of a combined study population of 1,343 subjects indicated that there were no clinically significant differences in the pharmacokinetics of prucalopride based on age (17-95 years), sex, race (89% white, 7% black, 4% other), or body weig"
drug-trials-snapshot-dayvigo,Dayvigo,2019,Psychiatry,76.2,20250224,no difference asserted,False,False,False,True,False,True,True,False,False,silent,,"Specific Populations No clinically significant differences in the pharmacokinetics of lemborexant were observed based on age, sex, race/ethnicity, or body mass index."
drug-trials-snapshots-xiidra,Xiidra,2016,Ophthalmology,76.2,20250818,silent,False,False,False,False,False,True,True,False,False,silent,,
drug-trial-snapshot-isturisa,Isturisa,2020,Oncology,77.4,20251118,no difference asserted,False,False,False,True,False,True,True,False,False,silent,,Specific Populations Age and gender have no significant impact on osilodrostat exposure in adults.
drug-trials-snapshots-yorvipath,Yorvipath,2024,Metabolic & endocrine,78.0,20260812,no difference asserted,False,False,False,True,False,False,True,False,False,no effect stated,,"Specific Populations There are no clinically significant differences in the pharmacokinetics of palopegteriparatide based on age, sex, or body weight."
drug-trials-snapshots-olinvyk,Olinvyk,2020,Other,78.7,20251231,no difference asserted,False,False,False,True,False,True,True,False,False,silent,,"Specific Populations Renal Impairment In a study comparing subjects with end stage renal disease (N=8) to healthy age and sex−matched healthy subjects (N=8), no significant difference in oliceridine clearance was observed."
drug-trials-snapshots-trulance,Trulance,2017,Gastroenterology,79.0,20240404,silent,False,False,False,False,False,True,False,False,False,silent,,
drug-trials-snapshots-rinvoq,Rinvoq,2019,Immunology & dermatology,79.6,20260630,no difference asserted,False,False,False,True,False,False,True,False,True,affects exposure,"Pediatric Patients In pediatric patients with JIA with active polyarthritis, upadacitinib clearance increased with increasing body weight.","Specific Populations Body Weight, Gender, and Race Body weight, gender, race, and ethnicity did not have a clinically meaningful effect on upadacitinib exposure in adult patient populations."
drug-trials-snapshots-uptravi,Uptravi,2015,Cardiovascular,79.9,20260528,no difference asserted,False,False,False,True,False,True,False,False,True,no effect stated,,"Specific Populations No clinically relevant effects of sex, race, age or body weight on the pharmacokinetics of selexipag and its active metabolite have been observed in healthy subjects or PAH patients."
drug-trials-snapshots-olumiant,Olumiant,2018,Oncology,80.7,20260630,no difference asserted,False,False,False,True,False,True,True,False,False,no effect stated,,"Specific Populations Effects of Body Weight, Gender, Race, and Age Body weight, gender, race, ethnicity, and age did not have a clinically relevant effect on the PK (AUC and C max ) of baricitinib (Figure 1)."
drug-trials-snapshots-aimovig,Aimovig,2018,Neurology,81.6,20260714,"mentioned, unclear",False,False,False,False,False,True,True,False,False,silent,,
drug-trials-snapshots-ibsrela,Ibsrela,2019,Gastroenterology,81.7,20250528,silent,False,False,False,False,False,False,True,False,False,silent,,
drug-trials-snapshots-kevzara,Kevzara,2017,Immunology & dermatology,81.7,20260227,"mentioned, unclear",False,False,False,False,False,True,True,False,False,silent,,
drug-trials-snapshots-reyvow,Reyvow,2019,Neurology,84.1,20260108,no difference asserted,False,False,False,True,False,True,True,False,False,no effect stated,,"Specific Populations Age, Sex, Race/Ethnicity, and Body Weight Based on a population pharmacokinetic (PK) analysis, age, sex, race/ethnicity, and body weight did not have a significant effect on the PK (C max and AUC) of lasmiditan."
drug-trials-snapshots-zavzpret,Zavzpret,2023,Neurology,84.2,20251226,"mentioned, unclear",True,False,False,False,False,True,True,False,False,silent,,
drug-trials-snapshots-nurtec-odt,Nurtec Odt,2020,Neurology,84.9,20260604,no difference asserted,True,False,False,True,False,True,True,False,False,silent,,"Other Specific Populations No clinically significant differences in the pharmacokinetics of rimegepant were observed based on age, sex, race/ethnicity, body weight, or CYP2C9 genotype [see Clinical Pharmacology (12.5) ]."
drug-trials-snapshot-gemtesa,Gemtesa,2020,Urology & nephrology,85.0,20250401,no difference asserted,False,False,False,True,False,True,True,False,False,silent,,"Specific Populations No clinically significant differences in the pharmacokinetics of vibegron were observed based on age (18 to 93 years), sex, race/ethnicity (Japanese vs."
drug-trials-snapshots-emgality,Emgality,2018,Neurology,85.2,20260605,no difference asserted,False,False,False,True,False,True,True,False,False,no effect stated,,"Specific Populations Age, Sex, Weight, Race, Ethnicity The pharmacokinetics of galcanezumab-gnlm were not affected by age, sex, race, subtypes of migraine spectrum (episodic or chronic migraine), or headache diagnosis (migraine vs."
drug-trials-snapshot-lupkynis,Lupkynis,2021,Immunology & dermatology,86.5,20260825,no difference asserted,False,False,False,True,False,True,False,False,False,silent,,"Specific Populations There were no clinically significant differences in the pharmacokinetics of voclosporin based on age (18 to 66 years), sex, race (Caucasian, Black, Asian, other), or body weight (37 to 133 kg)."
drug-trials-snapshots-vyepti,Vyepti,2020,Neurology,86.7,20260605,"mentioned, unclear",False,False,False,False,False,True,True,False,False,silent,,
drug-trials-snapshot-ajovy,Ajovy,2018,Neurology,87.0,20260605,no difference asserted,False,False,False,True,False,True,True,False,False,silent,,"Specific Populations No clinically significant differences in fremanezumab-vfrm pharmacokinetics were predicted based on race (White, Black, Asian, and other races), sex, mild hepatic impairment (Child-Pugh Class A), and moderate hepatic impairment (Child-Pugh Class B)."
drug-trials-snapshot-daxxify,Daxxify,2022,Ophthalmology,87.4,20260107,silent,False,False,False,False,False,True,True,False,False,silent,,
drug-trials-snapshots-barhemsys,Barhemsys,2020,Gastroenterology,87.6,20260617,no difference asserted,False,False,False,True,False,True,True,False,False,silent,,"Specific Populations Age, Sex, and Racial Groups No clinically significant effect on the pharmacokinetics of amisulpride was observed based on age (18 to 90 years), sex, or race."
drug-trials-snapshots-qulipta,Qulipta,2021,Neurology,88.0,20250930,no difference asserted,True,False,False,True,False,True,True,False,False,no effect stated,,"Other Specific Populations Based on a population pharmacokinetic analysis, age, sex, race, and body weight did not have a significant effect on the pharmacokinetics (C max and AUC) of atogepant."
drug-trials-snapshots-journavx,Journavx,2025,Other,89.2,20260721,no difference asserted,False,False,False,True,False,True,True,False,False,silent,,"Specific Populations No clinically significant differences in pharmacokinetics of suzetrigine and M6-SUZ were observed based on age (18-75 years), sex, body weight (44-126 kg), race, and renal impairment (eGFR ≥ 15 mL/min by CKD-EPI equation with adjustment for the body surface area)."
drug-trials-snapshots-givlaari,Givlaari,2019,Neurology,89.4,20250910,silent,False,False,False,False,False,True,True,False,True,silent,,
drug-trials-snapshots-enspryng,Enspryng,2020,Neurology,90.5,20260622,"mentioned, unclear",False,False,False,False,False,True,True,False,False,silent,,
drug-trials-snapshots-jeuveau,Jeuveau,2019,Ophthalmology,91.1,20230428,silent,False,False,False,False,False,True,True,False,False,silent,,
drug-trials-snapshots-livdelzi,Livdelzi,2024,Gastroenterology,94.8,20260203,"mentioned, unclear",False,False,False,False,False,True,True,False,False,silent,,
drug-trials-snapshots-iqirvo,Iqirvo,2024,Gastroenterology,95.7,20260811,"mentioned, unclear",False,False,False,False,False,True,True,False,False,silent,,
drug-trial-snapshot-talzenna,Talzenna,2018,Oncology,98.4,20260601,one-sex drug,False,False,False,False,False,True,True,False,False,no effect stated,,
drug-trials-snapshots-letybo,Letybo,2024,Ophthalmology,98.5,20241118,one-sex drug,False,False,False,False,False,True,True,False,False,silent,,
drug-trials-snapshots-orserdu,Orserdu,2023,Oncology,98.5,20260624,one-sex drug,False,False,False,False,False,False,True,False,False,no effect stated,,"Specific Populations There were no clinically significant differences in the pharmacokinetics of elacestrant based on age (24 to 89 years), sex, and body weight (41 to 143 kg)."
drug-trials-snapshots-datroway,Datroway,2025,Other,98.8,20260527,one-sex drug,False,False,False,False,False,True,True,False,True,affects exposure,Specific Populations The mean volume of distribution and clearance of datopotamab deruxtecan-dlnk and DXd increase with increasing body weight (36 kg to 156 kg).,
drug-trial-snapshot-trodelvy,Trodelvy,2020,Oncology,99.1,20260624,one-sex drug,False,False,False,False,False,True,True,False,True,silent,,
drug-trials-snapshot-tukysa,Tukysa,2020,Oncology,99.2,20241104,one-sex drug,False,False,False,False,False,False,True,False,True,silent,,"CLcr 30 to 59 mL/min (n = 6)), body weight (41 to 146 kg), sex (male (n = 170), female (n = 113)) and race (White (n = 205), Black (n = 37), or Asian (n = 25)) did not have a clinically meaningful effect on tucatinib exposure."
drug-trials-snapshot-margenza,Margenza,2020,Oncology,99.4,20250211,one-sex drug,False,False,False,False,False,True,True,False,True,silent,,
drug-trials-snapshot-enhertu,Enhertu,2019,Oncology,99.6,20260515,one-sex drug,False,False,False,False,False,True,True,False,True,silent,,
drug-trials-snapshots-rolvedon,Rolvedon,2022,Oncology,99.7,20260218,one-sex drug,False,False,False,False,False,True,True,False,False,silent,,
drug-trials-snapshots-piqray,Piqray,2019,Oncology,99.8,20251215,one-sex drug,False,False,False,False,False,True,True,False,True,silent,,"Specific Populations No clinically significant differences in the pharmacokinetics of alpelisib were predicted based on age (21 to 87 years), sex, race/ethnicity (Japanese or Caucasian), body weight (37 to 181 kg), mild to moderate renal impairment (CLcr 30 to < 90 mL/min based on the Cockcroft-Gaul"
drug-trials-snapshots-addyi,Addyi,2015,Women's health,100.0,20251222,one-sex drug,False,False,False,False,False,True,False,False,False,silent,,Race/Ethnicity A cross-study comparison between healthy Japanese women and Caucasian women with HSDD showed that flibanserin exposure was approximately 1.4-fold higher in Japanese women.
drug-trials-snapshot-avmapki-fakzynja-co-pack,Avmapki Fakzynja Co-Pack,2025,Oncology,100.0,20250501,one-sex drug,False,False,False,False,False,True,True,False,False,silent,,"Specific Populations No clinically significant differences in the pharmacokinetics of avutometinib were observed based on age (21 to 87 years), sex, race (84% White, 3% Black and 2% Asian), body weight (40 to 169 kg), mild and moderate renal impairment (CLcr 30 to 89 mL/min, estimated by Cockcroft-G"
drug-trials-snapshots-blujepa,Blujepa,2025,Other,100.0,20260210,one-sex drug,False,False,False,False,False,True,True,False,False,silent,,"major route of elimination for absorbed gepotidacin) Specific Populations Modelling and simulation analyses of gepotidacin showed that age, sex, and race have no clinically relevant effect on gepotidacin exposure."
drug-trial-snapshot-cerianna,Cerianna,2020,Imaging & diagnostics,100.0,20260112,one-sex drug,False,False,False,False,False,True,True,False,False,silent,,
drug-trials-snapshots-daybue,Daybue,2023,Neurology,100.0,20260904,one-sex drug,False,False,False,False,False,True,True,False,False,silent,,
drug-trial-snapshots-elahere,Elahere,,Oncology,100.0,20250714,one-sex drug,False,False,False,False,False,False,True,False,True,silent,,
drug-trials-snapshot-evenity,Evenity,2019,Women's health,100.0,20260716,one-sex drug,False,False,False,False,False,False,False,False,False,affects exposure,Body Weight The exposure of romosozumab-aqqg decreases with increasing body weight.,"Specific Populations No clinically significant differences in the pharmacokinetics of romosozumab-aqqg were observed based on age (20-89 years), sex, race, disease state (low bone mass or osteoporosis), prior exposure to alendronate, or renal impairment including end-stage renal disease (ESRD) requi"
drug-trials-snapshots-exem-foam,Exem Foam,2019,Imaging & diagnostics,100.0,20231108,one-sex drug,False,False,False,False,False,True,True,False,False,silent,,
drug-trials-snapshot-ibrance-palbociclib,Ibrance,2015,Oncology,100.0,20260706,one-sex drug,False,False,False,False,False,True,True,False,False,no effect stated,,"Specific Populations Age, Gender, and Body Weight Based on a population pharmacokinetic analysis in 183 patients with cancer (50 male and 133 female patients, age range from 22 to 89 years, and body weight range from 37.9 to 123 kg), gender had no effect on the exposure of palbociclib, and age and b"
drug-trials-snapshot-jemperli,Jemperli,2021,Oncology,100.0,20250902,one-sex drug,False,False,False,False,False,True,True,False,False,silent,,"Specific Populations No clinically significant differences in the pharmacokinetics of dostarlimab-gxly were observed based on age (24 to 86 years), sex, race/ethnicity (75% White, 2% Asian, and 5% African American), tumor type, and renal impairment based on the estimated creatinine clearance (eGFR ≥"
drug-trials-snapshot-kisqali,Kisqali,2017,Oncology,100.0,20260701,one-sex drug,False,False,False,False,False,False,True,False,True,no effect stated,,"Effect of Age, Weight, Gender, and Race No clinically relevant effects of age, body weight, gender, or race on the systemic exposure of ribociclib were identified."
drug-trials-snapshot-nerlynx,Nerlynx,2017,Oncology,100.0,20260702,one-sex drug,False,False,False,False,False,True,True,False,True,silent,,"Specific Populations Age, sex, race, and renal function do not have a clinically significant effect on neratinib pharmacokinetics."
drug-trials-snapshots-nextstellis,Nextstellis,2021,Women's health,100.0,20230511,one-sex drug,False,False,False,False,False,False,False,False,False,silent,,The mean exposure to DRSP is approximately three times higher in females with moderate liver impairment than the exposure in females with normal liver function.
drug-trials-snapshots-orilissa,Orilissa,2018,Women's health,100.0,20251219,one-sex drug,False,False,False,False,False,True,True,False,False,silent,,
drug-trials-snapshots-orlynvah,Orlynvah,2024,Infectious disease,100.0,20251206,one-sex drug,False,False,False,False,False,True,True,False,False,no effect stated,,
drug-trials-snapshot-rubraca,Rubraca,2016,Oncology,100.0,20251231,one-sex drug,False,False,False,False,False,True,True,False,False,silent,,
drug-trials-snapshots-ryzneuta,Ryzneuta,2023,Oncology,100.0,20260519,one-sex drug,False,False,False,False,False,True,True,False,False,no effect stated,,
drug-trials-snapshot-solosec,Solosec,2017,Infectious disease,100.0,20250219,one-sex drug,False,False,False,False,False,True,True,True,False,silent,,
drug-trials-snapshots-tivdak,Tivdak,2021,Oncology,100.0,20251120,one-sex drug,False,False,False,False,False,False,True,False,True,silent,,"Specific Populations No clinically significant differences in the pharmacokinetics of tisotumab vedotin-tftv were observed based on age (21 to 81 years), sex, race (white vs non-white) or ethnicity (Hispanic or Latino vs non-Hispanic or non-Latino)."
drug-trial-snapshot-tymlos,Tymlos,2017,Women's health,100.0,20260811,one-sex drug,False,False,False,False,False,True,True,False,False,silent,,The increase in geometric mean sCTX levels in postmenopausal women peaked at Month 3 at 26% above baseline then decreased to baseline levels by Month 18.
drug-trials-snapshots-vivjoa,Vivjoa,2022,Infectious disease,100.0,20260108,one-sex drug,False,False,False,False,False,True,True,False,False,silent,,"Specific Populations There were no clinically significant differences in the pharmacokinetics of oteseconazole based on sex, race/ethnicity or mild to moderate renal impairment."
drug-trials-snapshots-vyleesi,Vyleesi,2019,Women's health,100.0,20251113,one-sex drug,False,False,False,False,False,False,True,False,False,silent,,
drug-trials-snapshots-xenoview,Xenoview,2022,Imaging & diagnostics,100.0,20250530,one-sex drug,False,False,False,False,False,False,True,False,False,silent,,
drug-trials-snapshots-zejula,Zejula,2017,Oncology,100.0,20260728,one-sex drug,False,False,False,False,False,True,True,False,False,silent,,
drug-trials-snapshots-zurzuvae,Zurzuvae,2023,Neurology,100.0,20260615,one-sex drug,False,False,False,False,False,False,True,False,False,silent,,"Specific Populations Male and Female, Racial or Ethnic Groups, and Age No clinically meaningful differences in pharmacokinetics of zuranolone were observed based on age (18-81 years), sex, or race."
